2024.09.25 18:37:39 INFO  Started: Metals version 1.3.5 in folders '/home/jackcui/Arch/trace/workbench/Zeonica-Validation' for client Visual Studio Code 1.90.1.[0m
SLF4J(W): Class path contains multiple SLF4J providers.
SLF4J(W): Found provider [scribe.slf4j.ScribeServiceProvider@5c9f0901]
SLF4J(W): Found provider [ch.qos.logback.classic.spi.LogbackServiceProvider@b1e4ee]
SLF4J(W): See https://www.slf4j.org/codes.html#multiple_bindings for an explanation.
SLF4J(I): Actual provider is of type [scribe.slf4j.ScribeServiceProvider@5c9f0901]
2024.09.25 18:37:39 WARN  Flyway upgrade recommended: H2 2.3.230 is newer than this version of Flyway and support has not been tested. The latest supported version of H2 is 2.2.220.[0m
Sep 25, 2024 6:37:40 PM org.eclipse.lsp4j.jsonrpc.RemoteEndpoint handleCancellation
WARNING: Unmatched cancel notification for request id 1
2024.09.25 18:37:39 INFO  no build target found for /home/jackcui/Arch/trace/workbench/Zeonica-Validation/Core/build.sbt. Using presentation compiler with project's scala-library version: 3.3.3[0m
2024.09.25 18:37:40 INFO  Attempting to connect to the build server...[0m
2024.09.25 18:37:40 INFO  tracing is disabled for protocol BSP, to enable tracing of incoming and outgoing JSON messages create an empty file at /home/jackcui/Arch/trace/workbench/Zeonica-Validation/.metals/bsp.trace.json or /home/jackcui/.cache/metals/bsp.trace.json[0m
2024.09.25 18:37:40 INFO  time: Connected to build server in 0.24s[0m
2024.09.25 18:37:40 INFO  Connected to Build server: Bloop v1.6.0[0m
2024.09.25 18:37:41 INFO  time: Imported build in 0.13s[0m
2024.09.25 18:37:41 INFO  running doctor check[0m
2024.09.25 18:37:41 INFO  java targets: [0m
Sep 25, 2024 6:37:41 PM org.eclipse.lsp4j.jsonrpc.RemoteEndpoint handleCancellation
WARNING: Unmatched cancel notification for request id 6
2024.09.25 18:37:41 INFO  no build target found for /home/jackcui/Arch/trace/workbench/Zeonica-Validation/Core/src/test/scala/testKB.scala. Using presentation compiler with project's scala-library version: 3.3.3[0m
2024.09.25 18:37:42 WARN  Could not find java sources in /usr/lib/jvm/java-17-openjdk-amd64/bin/src.zip, /usr/lib/jvm/java-17-openjdk-amd64/bin/lib/src.zip, /usr/lib/jvm/java-17-openjdk-amd64/bin/java/src.zip, /usr/lib/jvm/java-17-openjdk-amd64/bin/java/lib/src.zip, /usr/lib/jvm/src.zip, /usr/lib/jvm/lib/src.zip, /usr/lib/jvm/java-17-openjdk-amd64/src.zip, /usr/lib/jvm/java-17-openjdk-amd64/lib/src.zip. Java symbols will not be available.[0m
2024.09.25 18:37:42 WARN  Could not find java sources in /usr/lib/jvm/java-17-openjdk-amd64/bin/src.zip, /usr/lib/jvm/java-17-openjdk-amd64/bin/lib/src.zip, /usr/lib/jvm/java-17-openjdk-amd64/bin/java/src.zip, /usr/lib/jvm/java-17-openjdk-amd64/bin/java/lib/src.zip, /usr/lib/jvm/src.zip, /usr/lib/jvm/lib/src.zip, /usr/lib/jvm/java-17-openjdk-amd64/src.zip, /usr/lib/jvm/java-17-openjdk-amd64/lib/src.zip. Java symbols will not be available.[0m
2024.09.25 18:37:42 INFO  time: indexed workspace in 1.26s[0m
2024.09.25 18:37:42 WARN  no build target for: /home/jackcui/Arch/trace/workbench/Zeonica-Validation/Core/build.sbt[0m
2024.09.25 18:37:42 INFO  no build target found for /home/jackcui/Arch/trace/workbench/Zeonica-Validation/Core/build.sbt. Using presentation compiler with project's scala-library version: 3.3.3[0m
2024.09.25 18:37:43 INFO  no build target found for /home/jackcui/Arch/trace/workbench/Zeonica-Validation/Core/src/test/scala/testKB.scala. Using presentation compiler with project's scala-library version: 3.3.3[0m
2024.09.25 18:37:45 INFO  no build target found for /home/jackcui/Arch/trace/workbench/Zeonica-Validation/Core/build.sbt. Using presentation compiler with project's scala-library version: 3.3.3[0m
2024.09.25 18:37:45 INFO  no build target found for /home/jackcui/Arch/trace/workbench/Zeonica-Validation/Core/src/test/scala/std/demo.scala. Using presentation compiler with project's scala-library version: 3.3.3[0m
2024.09.25 18:38:22 INFO  no build target found for /home/jackcui/Arch/trace/workbench/Zeonica-Validation/Core/src/test/scala/std/demo.scala. Using presentation compiler with project's scala-library version: 3.3.3[0m
2024.09.25 18:38:22 INFO  no build target found for /home/jackcui/Arch/trace/workbench/Zeonica-Validation/Core/src/test/scala/std/demo.scala. Using presentation compiler with project's scala-library version: 3.3.3[0m
2024.09.25 18:38:51 INFO  no build target found for /home/jackcui/Arch/trace/workbench/Zeonica-Validation/Core/src/test/scala/std/demo.scala. Using presentation compiler with project's scala-library version: 3.3.3[0m
2024.09.25 18:38:54 INFO  no build target found for /home/jackcui/Arch/trace/workbench/Zeonica-Validation/Core/src/test/scala/std/demo.scala. Using presentation compiler with project's scala-library version: 3.3.3[0m
2024.09.25 18:38:54 INFO  no build target found for /home/jackcui/Arch/trace/workbench/Zeonica-Validation/Core/src/test/scala/std/demo.scala. Using presentation compiler with project's scala-library version: 3.3.3[0m
2024.09.25 18:38:54 INFO  no build target found for /home/jackcui/Arch/trace/workbench/Zeonica-Validation/Core/src/test/scala/std/demo.scala. Using presentation compiler with project's scala-library version: 3.3.3[0m
2024.09.25 18:38:54 INFO  no build target found for /home/jackcui/Arch/trace/workbench/Zeonica-Validation/Core/src/test/scala/std/demo.scala. Using presentation compiler with project's scala-library version: 3.3.3[0m
2024.09.25 18:38:57 INFO  no build target found for /home/jackcui/Arch/trace/workbench/Zeonica-Validation/Core/src/test/scala/std/demo.scala. Using presentation compiler with project's scala-library version: 3.3.3[0m
2024.09.25 18:38:57 INFO  no build target found for /home/jackcui/Arch/trace/workbench/Zeonica-Validation/Core/src/test/scala/std/demo.scala. Using presentation compiler with project's scala-library version: 3.3.3[0m
2024.09.25 18:39:00 INFO  no build target found for /home/jackcui/Arch/trace/workbench/Zeonica-Validation/Core/src/test/scala/std/demo.scala. Using presentation compiler with project's scala-library version: 3.3.3[0m
2024.09.25 18:39:00 INFO  no build target found for /home/jackcui/Arch/trace/workbench/Zeonica-Validation/Core/src/test/scala/std/demo.scala. Using presentation compiler with project's scala-library version: 3.3.3[0m
2024.09.25 18:39:02 INFO  no build target found for /home/jackcui/Arch/trace/workbench/Zeonica-Validation/Core/src/test/scala/std/demo.scala. Using presentation compiler with project's scala-library version: 3.3.3[0m
2024.09.25 18:39:02 INFO  no build target found for /home/jackcui/Arch/trace/workbench/Zeonica-Validation/Core/src/test/scala/std/demo.scala. Using presentation compiler with project's scala-library version: 3.3.3[0m
2024.09.25 18:51:53 INFO  no build target found for /home/jackcui/Arch/trace/workbench/Zeonica-Validation/Core/src/test/scala/std/demo.scala. Using presentation compiler with project's scala-library version: 3.3.3[0m
2024.09.25 18:51:54 INFO  no build target found for /home/jackcui/Arch/trace/workbench/Zeonica-Validation/Core/src/test/scala/std/demo.scala. Using presentation compiler with project's scala-library version: 3.3.3[0m
2024.09.25 18:51:54 INFO  no build target found for /home/jackcui/Arch/trace/workbench/Zeonica-Validation/Core/src/main/scala/ALU/ALU.scala. Using presentation compiler with project's scala-library version: 3.3.3[0m
2024.09.25 18:51:57 INFO  no build target found for /home/jackcui/Arch/trace/workbench/Zeonica-Validation/Core/src/main/scala/ALU/ALU.scala. Using presentation compiler with project's scala-library version: 3.3.3[0m
2024.09.25 18:51:57 INFO  no build target found for /home/jackcui/Arch/trace/workbench/Zeonica-Validation/Core/src/main/scala/ALU/adder.scala. Using presentation compiler with project's scala-library version: 3.3.3[0m
2024.09.25 18:51:59 INFO  no build target found for /home/jackcui/Arch/trace/workbench/Zeonica-Validation/Core/src/main/scala/ALU/adder.scala. Using presentation compiler with project's scala-library version: 3.3.3[0m
2024.09.25 18:51:59 INFO  no build target found for /home/jackcui/Arch/trace/workbench/Zeonica-Validation/Core/src/main/scala/STD/basicCompo.scala. Using presentation compiler with project's scala-library version: 3.3.3[0m
2024.09.25 18:52:03 INFO  no build target found for /home/jackcui/Arch/trace/workbench/Zeonica-Validation/Core/src/main/scala/STD/basicCompo.scala. Using presentation compiler with project's scala-library version: 3.3.3[0m
2024.09.25 18:52:03 INFO  no build target found for /home/jackcui/Arch/trace/workbench/Zeonica-Validation/Core/src/main/scala/STD/Keyboard.scala. Using presentation compiler with project's scala-library version: 3.3.3[0m
2024.09.25 18:52:04 INFO  no build target found for /home/jackcui/Arch/trace/workbench/Zeonica-Validation/Core/src/main/scala/STD/Keyboard.scala. Using presentation compiler with project's scala-library version: 3.3.3[0m
2024.09.25 18:52:04 INFO  no build target found for /home/jackcui/Arch/trace/workbench/Zeonica-Validation/Core/src/main/scala/STD/basicCompo.scala. Using presentation compiler with project's scala-library version: 3.3.3[0m
2024.09.25 18:52:11 INFO  no build target found for /home/jackcui/Arch/trace/workbench/Zeonica-Validation/Core/src/main/scala/STD/basicCompo.scala. Using presentation compiler with project's scala-library version: 3.3.3[0m
2024.09.25 18:52:11 INFO  no build target found for /home/jackcui/Arch/trace/workbench/Zeonica-Validation/Core/src/main/scala/STD/MemCompo.scala. Using presentation compiler with project's scala-library version: 3.3.3[0m
2024.09.25 18:52:15 INFO  no build target found for /home/jackcui/Arch/trace/workbench/Zeonica-Validation/Core/src/main/scala/STD/MemCompo.scala. Using presentation compiler with project's scala-library version: 3.3.3[0m
2024.09.25 18:52:29 INFO  no build target found for /home/jackcui/Arch/trace/workbench/Zeonica-Validation/Core/src/main/scala/STD/MemCompo.scala. Using presentation compiler with project's scala-library version: 3.3.3[0m
2024.09.25 18:52:29 INFO  no build target found for /home/jackcui/Arch/trace/workbench/Zeonica-Validation/Core/src/main/scala/STD/Keyboard.scala. Using presentation compiler with project's scala-library version: 3.3.3[0m
2024.09.25 18:52:30 INFO  no build target found for /home/jackcui/Arch/trace/workbench/Zeonica-Validation/Core/src/main/scala/STD/Keyboard copy.scala. Using presentation compiler with project's scala-library version: 3.3.3[0m
2024.09.25 18:52:36 INFO  no build target found for /home/jackcui/Arch/trace/workbench/Zeonica-Validation/Core/src/main/scala/STD/Keyboard copy.scala. Using presentation compiler with project's scala-library version: 3.3.3[0m
2024.09.25 18:52:36 INFO  no build target found for /home/jackcui/Arch/trace/workbench/Zeonica-Validation/Core/src/main/scala/Part/Keyboard copy.scala. Using presentation compiler with project's scala-library version: 3.3.3[0m
2024.09.25 18:52:43 INFO  no build target found for /home/jackcui/Arch/trace/workbench/Zeonica-Validation/Core/src/main/scala/Part/Keyboard copy.scala. Using presentation compiler with project's scala-library version: 3.3.3[0m
2024.09.25 18:52:43 INFO  no build target found for /home/jackcui/Arch/trace/workbench/Zeonica-Validation/Core/src/main/scala/Part/Keyboard.scala. Using presentation compiler with project's scala-library version: 3.3.3[0m
2024.09.25 18:52:46 INFO  no build target found for /home/jackcui/Arch/trace/workbench/Zeonica-Validation/Core/src/main/scala/Part/Keyboard.scala. Using presentation compiler with project's scala-library version: 3.3.3[0m
2024.09.25 18:52:54 INFO  no build target found for /home/jackcui/Arch/trace/workbench/Zeonica-Validation/Core/src/main/scala/Part/Keyboard.scala. Using presentation compiler with project's scala-library version: 3.3.3[0m
2024.09.25 18:52:54 INFO  no build target found for /home/jackcui/Arch/trace/workbench/Zeonica-Validation/Core/src/main/scala/Part/Keyboard.scala. Using presentation compiler with project's scala-library version: 3.3.3[0m
2024.09.25 18:52:59 INFO  no build target found for /home/jackcui/Arch/trace/workbench/Zeonica-Validation/Core/src/main/scala/Part/Keyboard.scala. Using presentation compiler with project's scala-library version: 3.3.3[0m
2024.09.25 18:53:04 INFO  no build target found for /home/jackcui/Arch/trace/workbench/Zeonica-Validation/Core/src/main/scala/Part/Keyboard.scala. Using presentation compiler with project's scala-library version: 3.3.3[0m
2024.09.25 18:53:09 INFO  no build target found for /home/jackcui/Arch/trace/workbench/Zeonica-Validation/Core/src/main/scala/Part/Keyboard.scala. Using presentation compiler with project's scala-library version: 3.3.3[0m
2024.09.25 18:53:09 INFO  no build target found for /home/jackcui/Arch/trace/workbench/Zeonica-Validation/Core/src/main/scala/Part/Keyboard.scala. Using presentation compiler with project's scala-library version: 3.3.3[0m
2024.09.25 18:53:27 INFO  no build target found for /home/jackcui/Arch/trace/workbench/Zeonica-Validation/Core/src/main/scala/Part/Keyboard.scala. Using presentation compiler with project's scala-library version: 3.3.3[0m
2024.09.25 18:53:27 INFO  no build target found for /home/jackcui/Arch/trace/workbench/Zeonica-Validation/Core/src/main/scala/Part/Keyboard.scala. Using presentation compiler with project's scala-library version: 3.3.3[0m
2024.09.25 18:53:27 INFO  no build target found for /home/jackcui/Arch/trace/workbench/Zeonica-Validation/Core/src/main/scala/Part/Keyboard.scala. Using presentation compiler with project's scala-library version: 3.3.3[0m
2024.09.25 18:53:28 INFO  no build target found for /home/jackcui/Arch/trace/workbench/Zeonica-Validation/Core/src/main/scala/Part/Keyboard.scala. Using presentation compiler with project's scala-library version: 3.3.3[0m
2024.09.25 18:53:28 INFO  no build target found for /home/jackcui/Arch/trace/workbench/Zeonica-Validation/Core/src/main/scala/Part/Keyboard.scala. Using presentation compiler with project's scala-library version: 3.3.3[0m
2024.09.25 18:53:30 INFO  no build target found for /home/jackcui/Arch/trace/workbench/Zeonica-Validation/Core/src/main/scala/Part/Keyboard.scala. Using presentation compiler with project's scala-library version: 3.3.3[0m
2024.09.25 18:53:30 INFO  no build target found for /home/jackcui/Arch/trace/workbench/Zeonica-Validation/Core/src/main/scala/Part/Keyboard.scala. Using presentation compiler with project's scala-library version: 3.3.3[0m
2024.09.25 18:53:32 INFO  no build target found for /home/jackcui/Arch/trace/workbench/Zeonica-Validation/Core/src/main/scala/Part/Keyboard.scala. Using presentation compiler with project's scala-library version: 3.3.3[0m
2024.09.25 18:53:39 INFO  no build target found for /home/jackcui/Arch/trace/workbench/Zeonica-Validation/Core/src/main/scala/Part/Keyboard.scala. Using presentation compiler with project's scala-library version: 3.3.3[0m
2024.09.25 18:53:41 INFO  no build target found for /home/jackcui/Arch/trace/workbench/Zeonica-Validation/Core/src/main/scala/Part/Keyboard.scala. Using presentation compiler with project's scala-library version: 3.3.3[0m
2024.09.25 18:53:42 INFO  no build target found for /home/jackcui/Arch/trace/workbench/Zeonica-Validation/Core/src/main/scala/Part/Keyboard.scala. Using presentation compiler with project's scala-library version: 3.3.3[0m
2024.09.25 18:53:42 INFO  no build target found for /home/jackcui/Arch/trace/workbench/Zeonica-Validation/Core/src/main/scala/Part/Keyboard.scala. Using presentation compiler with project's scala-library version: 3.3.3[0m
2024.09.25 18:53:45 INFO  no build target found for /home/jackcui/Arch/trace/workbench/Zeonica-Validation/Core/src/main/scala/Part/Keyboard.scala. Using presentation compiler with project's scala-library version: 3.3.3[0m
2024.09.25 18:53:46 INFO  no build target found for /home/jackcui/Arch/trace/workbench/Zeonica-Validation/Core/src/main/scala/Part/Keyboard.scala. Using presentation compiler with project's scala-library version: 3.3.3[0m
2024.09.25 18:53:46 INFO  no build target found for /home/jackcui/Arch/trace/workbench/Zeonica-Validation/Core/src/main/scala/Part/Keyboard.scala. Using presentation compiler with project's scala-library version: 3.3.3[0m
2024.09.25 18:53:47 INFO  no build target found for /home/jackcui/Arch/trace/workbench/Zeonica-Validation/Core/src/main/scala/Part/Keyboard.scala. Using presentation compiler with project's scala-library version: 3.3.3[0m
2024.09.25 18:54:00 INFO  no build target found for /home/jackcui/Arch/trace/workbench/Zeonica-Validation/Core/src/main/scala/Part/Keyboard.scala. Using presentation compiler with project's scala-library version: 3.3.3[0m
2024.09.25 18:54:00 INFO  no build target found for /home/jackcui/Arch/trace/workbench/Zeonica-Validation/Core/src/main/scala/Part/Keyboard.scala. Using presentation compiler with project's scala-library version: 3.3.3[0m
2024.09.25 18:54:00 INFO  no build target found for /home/jackcui/Arch/trace/workbench/Zeonica-Validation/Core/src/main/scala/Part/Keyboard.scala. Using presentation compiler with project's scala-library version: 3.3.3[0m
2024.09.25 18:54:00 INFO  no build target found for /home/jackcui/Arch/trace/workbench/Zeonica-Validation/Core/src/main/scala/Part/Keyboard.scala. Using presentation compiler with project's scala-library version: 3.3.3[0m
2024.09.25 18:54:01 INFO  no build target found for /home/jackcui/Arch/trace/workbench/Zeonica-Validation/Core/src/main/scala/Part/Keyboard.scala. Using presentation compiler with project's scala-library version: 3.3.3[0m
2024.09.25 18:54:18 INFO  no build target found for /home/jackcui/Arch/trace/workbench/Zeonica-Validation/Core/src/main/scala/Part/Keyboard.scala. Using presentation compiler with project's scala-library version: 3.3.3[0m
2024.09.25 18:54:18 INFO  no build target found for /home/jackcui/Arch/trace/workbench/Zeonica-Validation/Core/src/main/scala/Part/Keyboard.scala. Using presentation compiler with project's scala-library version: 3.3.3[0m
2024.09.25 18:54:18 INFO  no build target found for /home/jackcui/Arch/trace/workbench/Zeonica-Validation/Core/src/main/scala/Part/Keyboard.scala. Using presentation compiler with project's scala-library version: 3.3.3[0m
2024.09.25 18:54:18 INFO  no build target found for /home/jackcui/Arch/trace/workbench/Zeonica-Validation/Core/src/main/scala/Part/Keyboard.scala. Using presentation compiler with project's scala-library version: 3.3.3[0m
2024.09.25 18:54:18 INFO  no build target found for /home/jackcui/Arch/trace/workbench/Zeonica-Validation/Core/src/main/scala/Part/Keyboard.scala. Using presentation compiler with project's scala-library version: 3.3.3[0m
2024.09.25 18:54:18 INFO  no build target found for /home/jackcui/Arch/trace/workbench/Zeonica-Validation/Core/src/main/scala/Part/Keyboard.scala. Using presentation compiler with project's scala-library version: 3.3.3[0m
2024.09.25 18:54:58 INFO  no build target found for /home/jackcui/Arch/trace/workbench/Zeonica-Validation/Core/src/main/scala/Part/Keyboard.scala. Using presentation compiler with project's scala-library version: 3.3.3[0m
2024.09.25 18:54:58 INFO  no build target found for /home/jackcui/Arch/trace/workbench/Zeonica-Validation/Core/src/main/scala/Part/Keyboard.scala. Using presentation compiler with project's scala-library version: 3.3.3[0m
2024.09.25 18:54:59 INFO  no build target found for /home/jackcui/Arch/trace/workbench/Zeonica-Validation/Core/src/main/scala/Part/Keyboard.scala. Using presentation compiler with project's scala-library version: 3.3.3[0m
Exception in thread "Thread-7" java.lang.OutOfMemoryError: Java heap space
	at java.base/java.lang.invoke.DirectMethodHandle.allocateInstance(DirectMethodHandle.java:520)
	at java.base/java.lang.invoke.DirectMethodHandle$Holder.newInvokeSpecial(DirectMethodHandle$Holder)
	at java.base/java.lang.invoke.Invokers$Holder.linkToTargetMethod(Invokers$Holder)
	at snailgun.protocol.Protocol.$anonfun$createHeartbeatAndShutdownThread$1(Protocol.scala:219)
	at snailgun.protocol.Protocol$$Lambda$2155/0x00007d5db46a4f00.apply$mcV$sp(Unknown Source)
	at snailgun.protocol.Protocol$$anon$1.run(Protocol.scala:302)
2024.09.25 18:55:32 INFO  time: code lens generation in 33s[0m
Sep 25, 2024 6:55:32 PM scala.meta.internal.pc.CompilerAccess handleError
SEVERE: A severe compiler error occurred, full details of the error can be found in the error report /home/jackcui/Arch/trace/workbench/Zeonica-Validation/.metals/.reports/metals-full/2024-09-25/r_compiler-error_18-55-32-682.md
Exception in thread "pool-1-thread-36" java.lang.OutOfMemoryError: Java heap space
Sep 25, 2024 6:56:04 PM org.eclipse.lsp4j.jsonrpc.RemoteEndpoint fallbackResponseError
SEVERE: Internal error: Java heap space
java.lang.OutOfMemoryError: Java heap space

2024.09.25 18:56:06 INFO  Started: Metals version 1.3.5 in folders '/home/jackcui/Arch/trace/workbench/Zeonica-Validation' for client Visual Studio Code 1.90.1.[0m
SLF4J(W): Class path contains multiple SLF4J providers.
SLF4J(W): Found provider [scribe.slf4j.ScribeServiceProvider@7ea5dc67]
SLF4J(W): Found provider [ch.qos.logback.classic.spi.LogbackServiceProvider@11f38ab2]
SLF4J(W): See https://www.slf4j.org/codes.html#multiple_bindings for an explanation.
SLF4J(I): Actual provider is of type [scribe.slf4j.ScribeServiceProvider@7ea5dc67]
2024.09.25 18:56:06 WARN  Flyway upgrade recommended: H2 2.3.230 is newer than this version of Flyway and support has not been tested. The latest supported version of H2 is 2.2.220.[0m
2024.09.25 18:56:07 INFO  Attempting to connect to the build server...[0m
2024.09.25 18:56:07 INFO  tracing is disabled for protocol BSP, to enable tracing of incoming and outgoing JSON messages create an empty file at /home/jackcui/Arch/trace/workbench/Zeonica-Validation/.metals/bsp.trace.json or /home/jackcui/.cache/metals/bsp.trace.json[0m
2024.09.25 18:56:07 INFO  time: Connected to build server in 0.24s[0m
2024.09.25 18:56:07 INFO  Connected to Build server: Bloop v1.6.0[0m
2024.09.25 18:56:07 INFO  time: Imported build in 0.13s[0m
2024.09.25 18:56:07 INFO  running doctor check[0m
2024.09.25 18:56:07 INFO  java targets: [0m
2024.09.25 18:56:08 WARN  Could not find java sources in /usr/lib/jvm/java-17-openjdk-amd64/bin/src.zip, /usr/lib/jvm/java-17-openjdk-amd64/bin/lib/src.zip, /usr/lib/jvm/java-17-openjdk-amd64/bin/java/src.zip, /usr/lib/jvm/java-17-openjdk-amd64/bin/java/lib/src.zip, /usr/lib/jvm/src.zip, /usr/lib/jvm/lib/src.zip, /usr/lib/jvm/java-17-openjdk-amd64/src.zip, /usr/lib/jvm/java-17-openjdk-amd64/lib/src.zip. Java symbols will not be available.[0m
2024.09.25 18:56:08 WARN  Could not find java sources in /usr/lib/jvm/java-17-openjdk-amd64/bin/src.zip, /usr/lib/jvm/java-17-openjdk-amd64/bin/lib/src.zip, /usr/lib/jvm/java-17-openjdk-amd64/bin/java/src.zip, /usr/lib/jvm/java-17-openjdk-amd64/bin/java/lib/src.zip, /usr/lib/jvm/src.zip, /usr/lib/jvm/lib/src.zip, /usr/lib/jvm/java-17-openjdk-amd64/src.zip, /usr/lib/jvm/java-17-openjdk-amd64/lib/src.zip. Java symbols will not be available.[0m
2024.09.25 18:56:08 INFO  time: indexed workspace in 1.3s[0m
2024.09.25 18:56:08 WARN  no build target for: /home/jackcui/Arch/trace/workbench/Zeonica-Validation/Core/src/main/scala/STD/Keyboard.scala[0m
2024.09.25 18:56:08 WARN  no build target for: /home/jackcui/Arch/trace/workbench/Zeonica-Validation/Core/src/main/scala/Part/Keyboard.scala[0m
2024.09.25 18:56:08 INFO  no build target found for /home/jackcui/Arch/trace/workbench/Zeonica-Validation/Core/src/main/scala/Part/Keyboard.scala. Using presentation compiler with project's scala-library version: 3.3.3[0m
2024.09.25 18:56:10 INFO  no build target found for /home/jackcui/Arch/trace/workbench/Zeonica-Validation/Core/src/main/scala/STD/Keyboard.scala. Using presentation compiler with project's scala-library version: 3.3.3[0m
2024.09.25 18:56:10 INFO  time: code lens generation in 1.67s[0m
2024.09.25 18:56:10 INFO  time: code lens generation in 1.91s[0m
2024.09.25 19:12:07 INFO  no build target found for /home/jackcui/Arch/trace/workbench/Zeonica-Validation/Core/src/main/scala/Part/Keyboard.scala. Using presentation compiler with project's scala-library version: 3.3.3[0m
2024.09.25 19:12:07 INFO  no build target found for /home/jackcui/Arch/trace/workbench/Zeonica-Validation/Core/src/main/scala/Part/Keyboard.scala. Using presentation compiler with project's scala-library version: 3.3.3[0m
2024.09.25 19:12:07 INFO  no build target found for /home/jackcui/Arch/trace/workbench/Zeonica-Validation/Core/src/main/scala/Part/Keyboard.scala. Using presentation compiler with project's scala-library version: 3.3.3[0m
Exception in thread "pool-1-thread-23" java.lang.OutOfMemoryError: Java heap space
	at java.base/java.util.Formatter.parse(Formatter.java:2747)
	at java.base/java.util.Formatter.format(Formatter.java:2671)
	at java.base/java.util.Formatter.format(Formatter.java:2625)
	at java.base/java.lang.String.format(String.java:4145)
	at scala.collection.StringOps$.format$extension(StringOps.scala:991)
	at scala.meta.internal.tokenizers.LegacyScanner.reportIllegalCharacter$1(LegacyScanner.scala:237)
	at scala.meta.internal.tokenizers.LegacyScanner.fetchOther$1(LegacyScanner.scala:451)
	at scala.meta.internal.tokenizers.LegacyScanner.fetchToken(LegacyScanner.scala:452)
	at scala.meta.internal.tokenizers.LegacyScanner.scala$meta$internal$tokenizers$LegacyScanner$$nextToken(LegacyScanner.scala:195)
	at scala.meta.internal.tokenizers.LegacyScanner.nextTokenOrEof(LegacyScanner.scala:167)
	at scala.meta.internal.tokenizers.ScalametaTokenizer.loop$1(ScalametaTokenizer.scala:150)
	at scala.meta.internal.tokenizers.ScalametaTokenizer.uncachedTokenize(ScalametaTokenizer.scala:162)
	at scala.meta.internal.tokenizers.ScalametaTokenizer.$anonfun$tokenize$1(ScalametaTokenizer.scala:16)
	at scala.meta.internal.tokenizers.ScalametaTokenizer$$Lambda$1325/0x000074e500522d08.apply(Unknown Source)
	at scala.collection.concurrent.TrieMap.getOrElseUpdate(TrieMap.scala:960)
	at scala.meta.internal.tokenizers.ScalametaTokenizer.tokenize(ScalametaTokenizer.scala:16)
	at scala.meta.internal.tokenizers.ScalametaTokenizer$$anon$1.apply(ScalametaTokenizer.scala:313)
	at scala.meta.tokenizers.Api$XtensionTokenizeDialectInput.tokenize(Api.scala:22)
	at scala.meta.tokenizers.Api$XtensionTokenizeInputLike.tokenize(Api.scala:13)
	at scala.meta.internal.parsers.ScannerTokens$.apply(ScannerTokens.scala:924)
	at scala.meta.internal.parsers.ScalametaParser.<init>(ScalametaParser.scala:34)
	at scala.meta.parsers.Parse$$anon$1.apply(Parse.scala:36)
	at scala.meta.internal.mtags.ScalametaCommonEnrichments$XtensionInputOffset.safeParse(ScalametaCommonEnrichments.scala:565)
	at scala.meta.internal.parsing.Trees.$anonfun$parse$2(Trees.scala:150)
	at scala.meta.internal.parsing.Trees$$Lambda$1276/0x000074e50050a808.apply(Unknown Source)
	at scala.Option.map(Option.scala:242)
	at scala.meta.internal.parsing.Trees.parse(Trees.scala:141)
	at scala.meta.internal.parsing.Trees.didChange(Trees.scala:101)
	at scala.meta.internal.metals.MetalsLspService.$anonfun$parseTreesAndPublishDiags$2(MetalsLspService.scala:631)
	at scala.meta.internal.metals.MetalsLspService$$Lambda$2574/0x000074e50079c750.apply$mcV$sp(Unknown Source)
	at scala.runtime.java8.JFunction0$mcV$sp.apply(JFunction0$mcV$sp.scala:18)
	at scala.concurrent.Future$.$anonfun$apply$1(Future.scala:687)
Sep 25, 2024 7:12:37 PM scala.meta.internal.pc.CompilerAccess handleError
SEVERE: A severe compiler error occurred, full details of the error can be found in the error report /home/jackcui/Arch/trace/workbench/Zeonica-Validation/.metals/.reports/metals-full/2024-09-25/r_compiler-error_19-12-37-683.md
Sep 25, 2024 7:12:42 PM org.eclipse.lsp4j.jsonrpc.RemoteEndpoint fallbackResponseError
SEVERE: Internal error: Java heap space
java.lang.OutOfMemoryError: Java heap space

2024.09.25 19:12:44 INFO  Started: Metals version 1.3.5 in folders '/home/jackcui/Arch/trace/workbench/Zeonica-Validation' for client Visual Studio Code 1.90.1.[0m
SLF4J(W): Class path contains multiple SLF4J providers.
SLF4J(W): Found provider [scribe.slf4j.ScribeServiceProvider@2bbad6d2]
SLF4J(W): Found provider [ch.qos.logback.classic.spi.LogbackServiceProvider@7ea5dc67]
SLF4J(W): See https://www.slf4j.org/codes.html#multiple_bindings for an explanation.
SLF4J(I): Actual provider is of type [scribe.slf4j.ScribeServiceProvider@2bbad6d2]
2024.09.25 19:12:44 WARN  Flyway upgrade recommended: H2 2.3.230 is newer than this version of Flyway and support has not been tested. The latest supported version of H2 is 2.2.220.[0m
2024.09.25 19:12:45 INFO  Attempting to connect to the build server...[0m
2024.09.25 19:12:45 INFO  tracing is disabled for protocol BSP, to enable tracing of incoming and outgoing JSON messages create an empty file at /home/jackcui/Arch/trace/workbench/Zeonica-Validation/.metals/bsp.trace.json or /home/jackcui/.cache/metals/bsp.trace.json[0m
2024.09.25 19:12:45 INFO  time: Connected to build server in 0.21s[0m
2024.09.25 19:12:45 INFO  Connected to Build server: Bloop v1.6.0[0m
2024.09.25 19:12:45 INFO  running doctor check[0m
2024.09.25 19:12:45 INFO  java targets: [0m
2024.09.25 19:12:47 WARN  Could not find java sources in /usr/lib/jvm/java-17-openjdk-amd64/bin/src.zip, /usr/lib/jvm/java-17-openjdk-amd64/bin/lib/src.zip, /usr/lib/jvm/java-17-openjdk-amd64/bin/java/src.zip, /usr/lib/jvm/java-17-openjdk-amd64/bin/java/lib/src.zip, /usr/lib/jvm/src.zip, /usr/lib/jvm/lib/src.zip, /usr/lib/jvm/java-17-openjdk-amd64/src.zip, /usr/lib/jvm/java-17-openjdk-amd64/lib/src.zip. Java symbols will not be available.[0m
2024.09.25 19:12:47 WARN  Could not find java sources in /usr/lib/jvm/java-17-openjdk-amd64/bin/src.zip, /usr/lib/jvm/java-17-openjdk-amd64/bin/lib/src.zip, /usr/lib/jvm/java-17-openjdk-amd64/bin/java/src.zip, /usr/lib/jvm/java-17-openjdk-amd64/bin/java/lib/src.zip, /usr/lib/jvm/src.zip, /usr/lib/jvm/lib/src.zip, /usr/lib/jvm/java-17-openjdk-amd64/src.zip, /usr/lib/jvm/java-17-openjdk-amd64/lib/src.zip. Java symbols will not be available.[0m
2024.09.25 19:12:47 INFO  time: indexed workspace in 1.27s[0m
2024.09.25 19:12:47 WARN  no build target for: /home/jackcui/Arch/trace/workbench/Zeonica-Validation/Core/src/main/scala/Part/Keyboard.scala[0m
2024.09.25 19:12:47 WARN  no build target for: /home/jackcui/Arch/trace/workbench/Zeonica-Validation/Core/src/main/scala/STD/Keyboard.scala[0m
2024.09.25 19:12:47 INFO  no build target found for /home/jackcui/Arch/trace/workbench/Zeonica-Validation/Core/src/main/scala/Part/Keyboard.scala. Using presentation compiler with project's scala-library version: 3.3.3[0m
2024.09.25 19:12:48 INFO  no build target found for /home/jackcui/Arch/trace/workbench/Zeonica-Validation/Core/src/main/scala/STD/Keyboard.scala. Using presentation compiler with project's scala-library version: 3.3.3[0m
2024.09.25 19:12:48 INFO  time: code lens generation in 1.34s[0m
2024.09.25 19:12:48 INFO  time: code lens generation in 1.65s[0m
2024.09.25 19:13:23 INFO  no build target found for /home/jackcui/Arch/trace/workbench/Zeonica-Validation/Core/src/main/scala/Part/Keyboard.scala. Using presentation compiler with project's scala-library version: 3.3.3[0m
2024.09.25 19:13:23 INFO  no build target found for /home/jackcui/Arch/trace/workbench/Zeonica-Validation/Core/src/main/scala/Part/Keyboard.scala. Using presentation compiler with project's scala-library version: 3.3.3[0m
2024.09.25 19:13:23 INFO  no build target found for /home/jackcui/Arch/trace/workbench/Zeonica-Validation/Core/src/main/scala/Part/Keyboard.scala. Using presentation compiler with project's scala-library version: 3.3.3[0m
2024.09.25 19:13:23 INFO  no build target found for /home/jackcui/Arch/trace/workbench/Zeonica-Validation/Core/src/main/scala/Part/Keyboard.scala. Using presentation compiler with project's scala-library version: 3.3.3[0m
2024.09.25 19:13:23 INFO  no build target found for /home/jackcui/Arch/trace/workbench/Zeonica-Validation/Core/src/main/scala/Part/Keyboard.scala. Using presentation compiler with project's scala-library version: 3.3.3[0m
2024.09.25 19:13:23 INFO  no build target found for /home/jackcui/Arch/trace/workbench/Zeonica-Validation/Core/src/main/scala/Part/Keyboard.scala. Using presentation compiler with project's scala-library version: 3.3.3[0m
2024.09.25 19:13:24 INFO  no build target found for /home/jackcui/Arch/trace/workbench/Zeonica-Validation/Core/src/main/scala/Part/Keyboard.scala. Using presentation compiler with project's scala-library version: 3.3.3[0m
2024.09.25 19:13:26 INFO  no build target found for /home/jackcui/Arch/trace/workbench/Zeonica-Validation/Core/src/main/scala/Part/Keyboard.scala. Using presentation compiler with project's scala-library version: 3.3.3[0m
2024.09.25 19:13:26 INFO  no build target found for /home/jackcui/Arch/trace/workbench/Zeonica-Validation/Core/src/main/scala/Part/Keyboard.scala. Using presentation compiler with project's scala-library version: 3.3.3[0m
2024.09.25 19:13:26 INFO  no build target found for /home/jackcui/Arch/trace/workbench/Zeonica-Validation/Core/src/main/scala/Part/Keyboard.scala. Using presentation compiler with project's scala-library version: 3.3.3[0m
2024.09.25 19:13:26 INFO  no build target found for /home/jackcui/Arch/trace/workbench/Zeonica-Validation/Core/src/main/scala/Part/Keyboard.scala. Using presentation compiler with project's scala-library version: 3.3.3[0m
2024.09.25 19:13:26 INFO  no build target found for /home/jackcui/Arch/trace/workbench/Zeonica-Validation/Core/src/main/scala/Part/Keyboard.scala. Using presentation compiler with project's scala-library version: 3.3.3[0m
2024.09.25 19:13:26 INFO  no build target found for /home/jackcui/Arch/trace/workbench/Zeonica-Validation/Core/src/main/scala/Part/Keyboard.scala. Using presentation compiler with project's scala-library version: 3.3.3[0m
2024.09.25 19:13:26 INFO  no build target found for /home/jackcui/Arch/trace/workbench/Zeonica-Validation/Core/src/main/scala/Part/Keyboard.scala. Using presentation compiler with project's scala-library version: 3.3.3[0m
2024.09.25 19:13:26 INFO  no build target found for /home/jackcui/Arch/trace/workbench/Zeonica-Validation/Core/src/main/scala/Part/Keyboard.scala. Using presentation compiler with project's scala-library version: 3.3.3[0m
2024.09.25 19:13:26 INFO  no build target found for /home/jackcui/Arch/trace/workbench/Zeonica-Validation/Core/src/main/scala/Part/Keyboard.scala. Using presentation compiler with project's scala-library version: 3.3.3[0m
2024.09.25 19:13:26 INFO  no build target found for /home/jackcui/Arch/trace/workbench/Zeonica-Validation/Core/src/main/scala/Part/Keyboard.scala. Using presentation compiler with project's scala-library version: 3.3.3[0m
2024.09.25 19:13:26 INFO  no build target found for /home/jackcui/Arch/trace/workbench/Zeonica-Validation/Core/src/main/scala/Part/Keyboard.scala. Using presentation compiler with project's scala-library version: 3.3.3[0m
2024.09.25 19:13:26 INFO  no build target found for /home/jackcui/Arch/trace/workbench/Zeonica-Validation/Core/src/main/scala/Part/Keyboard.scala. Using presentation compiler with project's scala-library version: 3.3.3[0m
2024.09.25 19:13:27 INFO  no build target found for /home/jackcui/Arch/trace/workbench/Zeonica-Validation/Core/src/main/scala/Part/Keyboard.scala. Using presentation compiler with project's scala-library version: 3.3.3[0m
2024.09.25 19:13:34 INFO  no build target found for /home/jackcui/Arch/trace/workbench/Zeonica-Validation/Core/src/main/scala/Part/Keyboard.scala. Using presentation compiler with project's scala-library version: 3.3.3[0m
2024.09.25 19:13:34 INFO  no build target found for /home/jackcui/Arch/trace/workbench/Zeonica-Validation/Core/src/main/scala/Part/Keyboard.scala. Using presentation compiler with project's scala-library version: 3.3.3[0m
2024.09.25 19:13:34 INFO  no build target found for /home/jackcui/Arch/trace/workbench/Zeonica-Validation/Core/src/main/scala/Part/Keyboard.scala. Using presentation compiler with project's scala-library version: 3.3.3[0m
2024.09.25 19:13:34 INFO  no build target found for /home/jackcui/Arch/trace/workbench/Zeonica-Validation/Core/src/main/scala/Part/Keyboard.scala. Using presentation compiler with project's scala-library version: 3.3.3[0m
2024.09.25 19:13:34 INFO  no build target found for /home/jackcui/Arch/trace/workbench/Zeonica-Validation/Core/src/main/scala/Part/Keyboard.scala. Using presentation compiler with project's scala-library version: 3.3.3[0m
2024.09.25 19:13:34 INFO  no build target found for /home/jackcui/Arch/trace/workbench/Zeonica-Validation/Core/src/main/scala/Part/Keyboard.scala. Using presentation compiler with project's scala-library version: 3.3.3[0m
2024.09.25 19:13:34 INFO  no build target found for /home/jackcui/Arch/trace/workbench/Zeonica-Validation/Core/src/main/scala/Part/Keyboard.scala. Using presentation compiler with project's scala-library version: 3.3.3[0m
2024.09.25 19:13:34 INFO  no build target found for /home/jackcui/Arch/trace/workbench/Zeonica-Validation/Core/src/main/scala/Part/Keyboard.scala. Using presentation compiler with project's scala-library version: 3.3.3[0m
2024.09.25 19:13:34 INFO  no build target found for /home/jackcui/Arch/trace/workbench/Zeonica-Validation/Core/src/main/scala/Part/Keyboard.scala. Using presentation compiler with project's scala-library version: 3.3.3[0m
2024.09.25 19:13:35 INFO  no build target found for /home/jackcui/Arch/trace/workbench/Zeonica-Validation/Core/src/main/scala/Part/Keyboard.scala. Using presentation compiler with project's scala-library version: 3.3.3[0m
2024.09.25 19:13:35 INFO  no build target found for /home/jackcui/Arch/trace/workbench/Zeonica-Validation/Core/src/main/scala/Part/Keyboard.scala. Using presentation compiler with project's scala-library version: 3.3.3[0m
2024.09.25 19:13:35 INFO  no build target found for /home/jackcui/Arch/trace/workbench/Zeonica-Validation/Core/src/main/scala/Part/Keyboard.scala. Using presentation compiler with project's scala-library version: 3.3.3[0m
2024.09.25 19:13:35 INFO  no build target found for /home/jackcui/Arch/trace/workbench/Zeonica-Validation/Core/src/main/scala/Part/Keyboard.scala. Using presentation compiler with project's scala-library version: 3.3.3[0m
2024.09.25 19:13:35 INFO  no build target found for /home/jackcui/Arch/trace/workbench/Zeonica-Validation/Core/src/main/scala/Part/Keyboard.scala. Using presentation compiler with project's scala-library version: 3.3.3[0m
2024.09.25 19:13:35 INFO  no build target found for /home/jackcui/Arch/trace/workbench/Zeonica-Validation/Core/src/main/scala/Part/Keyboard.scala. Using presentation compiler with project's scala-library version: 3.3.3[0m
2024.09.25 19:13:36 INFO  no build target found for /home/jackcui/Arch/trace/workbench/Zeonica-Validation/Core/src/main/scala/Part/Keyboard.scala. Using presentation compiler with project's scala-library version: 3.3.3[0m
2024.09.25 19:13:35 INFO  no build target found for /home/jackcui/Arch/trace/workbench/Zeonica-Validation/Core/src/main/scala/Part/Keyboard.scala. Using presentation compiler with project's scala-library version: 3.3.3[0m
2024.09.25 19:13:35 INFO  no build target found for /home/jackcui/Arch/trace/workbench/Zeonica-Validation/Core/src/main/scala/Part/Keyboard.scala. Using presentation compiler with project's scala-library version: 3.3.3[0m
2024.09.25 19:13:36 INFO  no build target found for /home/jackcui/Arch/trace/workbench/Zeonica-Validation/Core/src/main/scala/Part/Keyboard.scala. Using presentation compiler with project's scala-library version: 3.3.3[0m
2024.09.25 19:13:36 INFO  no build target found for /home/jackcui/Arch/trace/workbench/Zeonica-Validation/Core/src/main/scala/Part/Keyboard.scala. Using presentation compiler with project's scala-library version: 3.3.3[0m
2024.09.25 19:13:36 INFO  no build target found for /home/jackcui/Arch/trace/workbench/Zeonica-Validation/Core/src/main/scala/Part/Keyboard.scala. Using presentation compiler with project's scala-library version: 3.3.3[0m
2024.09.25 19:13:36 INFO  no build target found for /home/jackcui/Arch/trace/workbench/Zeonica-Validation/Core/src/main/scala/Part/Keyboard.scala. Using presentation compiler with project's scala-library version: 3.3.3[0m
2024.09.25 19:13:36 INFO  no build target found for /home/jackcui/Arch/trace/workbench/Zeonica-Validation/Core/src/main/scala/Part/Keyboard.scala. Using presentation compiler with project's scala-library version: 3.3.3[0m
2024.09.25 19:13:37 INFO  no build target found for /home/jackcui/Arch/trace/workbench/Zeonica-Validation/Core/src/main/scala/Part/Keyboard.scala. Using presentation compiler with project's scala-library version: 3.3.3[0m
2024.09.25 19:13:36 INFO  no build target found for /home/jackcui/Arch/trace/workbench/Zeonica-Validation/Core/src/main/scala/Part/Keyboard.scala. Using presentation compiler with project's scala-library version: 3.3.3[0m
2024.09.25 19:13:36 INFO  no build target found for /home/jackcui/Arch/trace/workbench/Zeonica-Validation/Core/src/main/scala/Part/Keyboard.scala. Using presentation compiler with project's scala-library version: 3.3.3[0m
2024.09.25 19:13:36 INFO  no build target found for /home/jackcui/Arch/trace/workbench/Zeonica-Validation/Core/src/main/scala/Part/Keyboard.scala. Using presentation compiler with project's scala-library version: 3.3.3[0m
2024.09.25 19:13:36 INFO  no build target found for /home/jackcui/Arch/trace/workbench/Zeonica-Validation/Core/src/main/scala/Part/Keyboard.scala. Using presentation compiler with project's scala-library version: 3.3.3[0m
2024.09.25 19:13:36 INFO  no build target found for /home/jackcui/Arch/trace/workbench/Zeonica-Validation/Core/src/main/scala/Part/Keyboard.scala. Using presentation compiler with project's scala-library version: 3.3.3[0m
2024.09.25 19:13:36 INFO  no build target found for /home/jackcui/Arch/trace/workbench/Zeonica-Validation/Core/src/main/scala/Part/Keyboard.scala. Using presentation compiler with project's scala-library version: 3.3.3[0m
2024.09.25 19:13:37 INFO  no build target found for /home/jackcui/Arch/trace/workbench/Zeonica-Validation/Core/src/main/scala/Part/Keyboard.scala. Using presentation compiler with project's scala-library version: 3.3.3[0m
2024.09.25 19:13:37 INFO  no build target found for /home/jackcui/Arch/trace/workbench/Zeonica-Validation/Core/src/main/scala/Part/Keyboard.scala. Using presentation compiler with project's scala-library version: 3.3.3[0m
2024.09.25 19:13:37 INFO  no build target found for /home/jackcui/Arch/trace/workbench/Zeonica-Validation/Core/src/main/scala/Part/Keyboard.scala. Using presentation compiler with project's scala-library version: 3.3.3[0m
2024.09.25 19:13:37 INFO  no build target found for /home/jackcui/Arch/trace/workbench/Zeonica-Validation/Core/src/main/scala/Part/Keyboard.scala. Using presentation compiler with project's scala-library version: 3.3.3[0m
2024.09.25 19:13:38 INFO  no build target found for /home/jackcui/Arch/trace/workbench/Zeonica-Validation/Core/src/main/scala/Part/Keyboard.scala. Using presentation compiler with project's scala-library version: 3.3.3[0m
2024.09.25 19:13:38 INFO  no build target found for /home/jackcui/Arch/trace/workbench/Zeonica-Validation/Core/src/main/scala/Part/Keyboard.scala. Using presentation compiler with project's scala-library version: 3.3.3[0m
2024.09.25 19:13:38 INFO  no build target found for /home/jackcui/Arch/trace/workbench/Zeonica-Validation/Core/src/main/scala/Part/Keyboard.scala. Using presentation compiler with project's scala-library version: 3.3.3[0m
2024.09.25 19:13:38 INFO  no build target found for /home/jackcui/Arch/trace/workbench/Zeonica-Validation/Core/src/main/scala/Part/Keyboard.scala. Using presentation compiler with project's scala-library version: 3.3.3[0m
2024.09.25 19:13:38 INFO  no build target found for /home/jackcui/Arch/trace/workbench/Zeonica-Validation/Core/src/main/scala/Part/Keyboard.scala. Using presentation compiler with project's scala-library version: 3.3.3[0m
2024.09.25 19:13:38 INFO  no build target found for /home/jackcui/Arch/trace/workbench/Zeonica-Validation/Core/src/main/scala/Part/Keyboard.scala. Using presentation compiler with project's scala-library version: 3.3.3[0m
2024.09.25 19:13:38 INFO  no build target found for /home/jackcui/Arch/trace/workbench/Zeonica-Validation/Core/src/main/scala/Part/Keyboard.scala. Using presentation compiler with project's scala-library version: 3.3.3[0m
2024.09.25 19:13:38 INFO  no build target found for /home/jackcui/Arch/trace/workbench/Zeonica-Validation/Core/src/main/scala/Part/Keyboard.scala. Using presentation compiler with project's scala-library version: 3.3.3[0m
2024.09.25 19:13:39 INFO  no build target found for /home/jackcui/Arch/trace/workbench/Zeonica-Validation/Core/src/main/scala/Part/Keyboard.scala. Using presentation compiler with project's scala-library version: 3.3.3[0m
2024.09.25 19:13:39 INFO  no build target found for /home/jackcui/Arch/trace/workbench/Zeonica-Validation/Core/src/main/scala/Part/Keyboard.scala. Using presentation compiler with project's scala-library version: 3.3.3[0m
2024.09.25 19:13:39 INFO  no build target found for /home/jackcui/Arch/trace/workbench/Zeonica-Validation/Core/src/main/scala/Part/Keyboard.scala. Using presentation compiler with project's scala-library version: 3.3.3[0m
2024.09.25 19:13:39 INFO  no build target found for /home/jackcui/Arch/trace/workbench/Zeonica-Validation/Core/src/main/scala/Part/Keyboard.scala. Using presentation compiler with project's scala-library version: 3.3.3[0m
2024.09.25 19:13:39 INFO  no build target found for /home/jackcui/Arch/trace/workbench/Zeonica-Validation/Core/src/main/scala/Part/Keyboard.scala. Using presentation compiler with project's scala-library version: 3.3.3[0m
2024.09.25 19:13:41 INFO  no build target found for /home/jackcui/Arch/trace/workbench/Zeonica-Validation/Core/src/main/scala/Part/Keyboard.scala. Using presentation compiler with project's scala-library version: 3.3.3[0m
2024.09.25 19:13:41 INFO  no build target found for /home/jackcui/Arch/trace/workbench/Zeonica-Validation/Core/src/main/scala/Part/Keyboard.scala. Using presentation compiler with project's scala-library version: 3.3.3[0m
2024.09.25 19:13:41 INFO  no build target found for /home/jackcui/Arch/trace/workbench/Zeonica-Validation/Core/src/main/scala/Part/Keyboard.scala. Using presentation compiler with project's scala-library version: 3.3.3[0m
2024.09.25 19:13:41 INFO  no build target found for /home/jackcui/Arch/trace/workbench/Zeonica-Validation/Core/src/main/scala/Part/Keyboard.scala. Using presentation compiler with project's scala-library version: 3.3.3[0m
2024.09.25 19:13:41 INFO  no build target found for /home/jackcui/Arch/trace/workbench/Zeonica-Validation/Core/src/main/scala/Part/Keyboard.scala. Using presentation compiler with project's scala-library version: 3.3.3[0m
2024.09.25 19:13:42 INFO  no build target found for /home/jackcui/Arch/trace/workbench/Zeonica-Validation/Core/src/main/scala/Part/Keyboard.scala. Using presentation compiler with project's scala-library version: 3.3.3[0m
2024.09.25 19:13:43 INFO  no build target found for /home/jackcui/Arch/trace/workbench/Zeonica-Validation/Core/src/main/scala/Part/Keyboard.scala. Using presentation compiler with project's scala-library version: 3.3.3[0m
2024.09.25 19:13:43 INFO  no build target found for /home/jackcui/Arch/trace/workbench/Zeonica-Validation/Core/src/main/scala/Part/Keyboard.scala. Using presentation compiler with project's scala-library version: 3.3.3[0m
2024.09.25 19:13:43 INFO  no build target found for /home/jackcui/Arch/trace/workbench/Zeonica-Validation/Core/src/main/scala/Part/Keyboard.scala. Using presentation compiler with project's scala-library version: 3.3.3[0m
2024.09.25 19:13:45 INFO  no build target found for /home/jackcui/Arch/trace/workbench/Zeonica-Validation/Core/src/main/scala/Part/Keyboard.scala. Using presentation compiler with project's scala-library version: 3.3.3[0m
2024.09.25 19:13:45 INFO  no build target found for /home/jackcui/Arch/trace/workbench/Zeonica-Validation/Core/src/main/scala/Part/Keyboard.scala. Using presentation compiler with project's scala-library version: 3.3.3[0m
2024.09.25 19:13:45 INFO  no build target found for /home/jackcui/Arch/trace/workbench/Zeonica-Validation/Core/src/main/scala/Part/Keyboard.scala. Using presentation compiler with project's scala-library version: 3.3.3[0m
2024.09.25 19:13:45 INFO  no build target found for /home/jackcui/Arch/trace/workbench/Zeonica-Validation/Core/src/main/scala/Part/Keyboard.scala. Using presentation compiler with project's scala-library version: 3.3.3[0m
2024.09.25 19:13:46 INFO  no build target found for /home/jackcui/Arch/trace/workbench/Zeonica-Validation/Core/src/main/scala/Part/Keyboard.scala. Using presentation compiler with project's scala-library version: 3.3.3[0m
2024.09.25 19:13:46 INFO  no build target found for /home/jackcui/Arch/trace/workbench/Zeonica-Validation/Core/src/main/scala/Part/Keyboard.scala. Using presentation compiler with project's scala-library version: 3.3.3[0m
2024.09.25 19:13:47 INFO  no build target found for /home/jackcui/Arch/trace/workbench/Zeonica-Validation/Core/src/main/scala/Part/Keyboard.scala. Using presentation compiler with project's scala-library version: 3.3.3[0m
2024.09.25 19:13:46 INFO  no build target found for /home/jackcui/Arch/trace/workbench/Zeonica-Validation/Core/src/main/scala/Part/Keyboard.scala. Using presentation compiler with project's scala-library version: 3.3.3[0m
2024.09.25 19:13:46 INFO  no build target found for /home/jackcui/Arch/trace/workbench/Zeonica-Validation/Core/src/main/scala/Part/Keyboard.scala. Using presentation compiler with project's scala-library version: 3.3.3[0m
2024.09.25 19:13:46 INFO  no build target found for /home/jackcui/Arch/trace/workbench/Zeonica-Validation/Core/src/main/scala/Part/Keyboard.scala. Using presentation compiler with project's scala-library version: 3.3.3[0m
2024.09.25 19:13:46 INFO  no build target found for /home/jackcui/Arch/trace/workbench/Zeonica-Validation/Core/src/main/scala/Part/Keyboard.scala. Using presentation compiler with project's scala-library version: 3.3.3[0m
2024.09.25 19:13:46 INFO  no build target found for /home/jackcui/Arch/trace/workbench/Zeonica-Validation/Core/src/main/scala/Part/Keyboard.scala. Using presentation compiler with project's scala-library version: 3.3.3[0m
2024.09.25 19:13:46 INFO  no build target found for /home/jackcui/Arch/trace/workbench/Zeonica-Validation/Core/src/main/scala/Part/Keyboard.scala. Using presentation compiler with project's scala-library version: 3.3.3[0m
2024.09.25 19:13:47 INFO  no build target found for /home/jackcui/Arch/trace/workbench/Zeonica-Validation/Core/src/main/scala/Part/Keyboard.scala. Using presentation compiler with project's scala-library version: 3.3.3[0m
2024.09.25 19:13:48 INFO  no build target found for /home/jackcui/Arch/trace/workbench/Zeonica-Validation/Core/src/main/scala/Part/Keyboard.scala. Using presentation compiler with project's scala-library version: 3.3.3[0m
2024.09.25 19:13:48 INFO  no build target found for /home/jackcui/Arch/trace/workbench/Zeonica-Validation/Core/src/main/scala/Part/Keyboard.scala. Using presentation compiler with project's scala-library version: 3.3.3[0m
2024.09.25 19:13:48 INFO  no build target found for /home/jackcui/Arch/trace/workbench/Zeonica-Validation/Core/src/main/scala/Part/Keyboard.scala. Using presentation compiler with project's scala-library version: 3.3.3[0m
2024.09.25 19:13:48 INFO  no build target found for /home/jackcui/Arch/trace/workbench/Zeonica-Validation/Core/src/main/scala/Part/Keyboard.scala. Using presentation compiler with project's scala-library version: 3.3.3[0m
2024.09.25 19:13:48 INFO  no build target found for /home/jackcui/Arch/trace/workbench/Zeonica-Validation/Core/src/main/scala/Part/Keyboard.scala. Using presentation compiler with project's scala-library version: 3.3.3[0m
2024.09.25 19:13:48 INFO  no build target found for /home/jackcui/Arch/trace/workbench/Zeonica-Validation/Core/src/main/scala/Part/Keyboard.scala. Using presentation compiler with project's scala-library version: 3.3.3[0m
2024.09.25 19:13:50 INFO  no build target found for /home/jackcui/Arch/trace/workbench/Zeonica-Validation/Core/src/main/scala/Part/Keyboard.scala. Using presentation compiler with project's scala-library version: 3.3.3[0m
2024.09.25 19:13:51 INFO  no build target found for /home/jackcui/Arch/trace/workbench/Zeonica-Validation/Core/src/main/scala/Part/Keyboard.scala. Using presentation compiler with project's scala-library version: 3.3.3[0m
2024.09.25 19:13:51 INFO  no build target found for /home/jackcui/Arch/trace/workbench/Zeonica-Validation/Core/src/main/scala/Part/Keyboard.scala. Using presentation compiler with project's scala-library version: 3.3.3[0m
2024.09.25 19:13:51 INFO  no build target found for /home/jackcui/Arch/trace/workbench/Zeonica-Validation/Core/src/main/scala/Part/Keyboard.scala. Using presentation compiler with project's scala-library version: 3.3.3[0m
2024.09.25 19:13:51 INFO  no build target found for /home/jackcui/Arch/trace/workbench/Zeonica-Validation/Core/src/main/scala/Part/Keyboard.scala. Using presentation compiler with project's scala-library version: 3.3.3[0m
2024.09.25 19:13:51 INFO  no build target found for /home/jackcui/Arch/trace/workbench/Zeonica-Validation/Core/src/main/scala/Part/Keyboard.scala. Using presentation compiler with project's scala-library version: 3.3.3[0m
2024.09.25 19:13:51 INFO  no build target found for /home/jackcui/Arch/trace/workbench/Zeonica-Validation/Core/src/main/scala/Part/Keyboard.scala. Using presentation compiler with project's scala-library version: 3.3.3[0m
2024.09.25 19:13:51 INFO  no build target found for /home/jackcui/Arch/trace/workbench/Zeonica-Validation/Core/src/main/scala/Part/Keyboard.scala. Using presentation compiler with project's scala-library version: 3.3.3[0m
2024.09.25 19:13:52 INFO  no build target found for /home/jackcui/Arch/trace/workbench/Zeonica-Validation/Core/src/main/scala/Part/Keyboard.scala. Using presentation compiler with project's scala-library version: 3.3.3[0m
2024.09.25 19:13:52 INFO  no build target found for /home/jackcui/Arch/trace/workbench/Zeonica-Validation/Core/src/main/scala/Part/Keyboard.scala. Using presentation compiler with project's scala-library version: 3.3.3[0m
2024.09.25 19:13:52 INFO  no build target found for /home/jackcui/Arch/trace/workbench/Zeonica-Validation/Core/src/main/scala/Part/Keyboard.scala. Using presentation compiler with project's scala-library version: 3.3.3[0m
2024.09.25 19:13:52 INFO  no build target found for /home/jackcui/Arch/trace/workbench/Zeonica-Validation/Core/src/main/scala/Part/Keyboard.scala. Using presentation compiler with project's scala-library version: 3.3.3[0m
2024.09.25 19:13:52 INFO  no build target found for /home/jackcui/Arch/trace/workbench/Zeonica-Validation/Core/src/main/scala/Part/Keyboard.scala. Using presentation compiler with project's scala-library version: 3.3.3[0m
2024.09.25 19:13:53 INFO  no build target found for /home/jackcui/Arch/trace/workbench/Zeonica-Validation/Core/src/main/scala/Part/Keyboard.scala. Using presentation compiler with project's scala-library version: 3.3.3[0m
2024.09.25 19:13:53 INFO  no build target found for /home/jackcui/Arch/trace/workbench/Zeonica-Validation/Core/src/main/scala/Part/Keyboard.scala. Using presentation compiler with project's scala-library version: 3.3.3[0m
2024.09.25 19:13:53 INFO  no build target found for /home/jackcui/Arch/trace/workbench/Zeonica-Validation/Core/src/main/scala/Part/Keyboard.scala. Using presentation compiler with project's scala-library version: 3.3.3[0m
2024.09.25 19:13:53 INFO  no build target found for /home/jackcui/Arch/trace/workbench/Zeonica-Validation/Core/src/main/scala/Part/Keyboard.scala. Using presentation compiler with project's scala-library version: 3.3.3[0m
2024.09.25 19:13:53 INFO  no build target found for /home/jackcui/Arch/trace/workbench/Zeonica-Validation/Core/src/main/scala/Part/Keyboard.scala. Using presentation compiler with project's scala-library version: 3.3.3[0m
2024.09.25 19:13:53 INFO  no build target found for /home/jackcui/Arch/trace/workbench/Zeonica-Validation/Core/src/main/scala/Part/Keyboard.scala. Using presentation compiler with project's scala-library version: 3.3.3[0m
2024.09.25 19:13:54 INFO  no build target found for /home/jackcui/Arch/trace/workbench/Zeonica-Validation/Core/src/main/scala/Part/Keyboard.scala. Using presentation compiler with project's scala-library version: 3.3.3[0m
2024.09.25 19:13:54 INFO  no build target found for /home/jackcui/Arch/trace/workbench/Zeonica-Validation/Core/src/main/scala/Part/Keyboard.scala. Using presentation compiler with project's scala-library version: 3.3.3[0m
2024.09.25 19:13:54 INFO  no build target found for /home/jackcui/Arch/trace/workbench/Zeonica-Validation/Core/src/main/scala/Part/Keyboard.scala. Using presentation compiler with project's scala-library version: 3.3.3[0m
2024.09.25 19:13:55 INFO  no build target found for /home/jackcui/Arch/trace/workbench/Zeonica-Validation/Core/src/main/scala/Part/Keyboard.scala. Using presentation compiler with project's scala-library version: 3.3.3[0m
2024.09.25 19:14:03 INFO  no build target found for /home/jackcui/Arch/trace/workbench/Zeonica-Validation/Core/src/main/scala/Part/Keyboard.scala. Using presentation compiler with project's scala-library version: 3.3.3[0m
2024.09.25 19:14:10 WARN  no build target for: /home/jackcui/Arch/trace/workbench/Zeonica-Validation/Core/src/main/scala/Part/Keyboard.scala[0m
2024.09.25 19:14:11 INFO  Shutting down server[0m
2024.09.25 19:14:11 INFO  shutting down Metals[0m
2024.09.25 19:14:11 INFO  Shut down connection with build server.[0m
2024.09.25 19:14:11 INFO  Exiting server[0m
2024.09.25 19:14:16 INFO  Started: Metals version 1.3.5 in folders '/home/jackcui/Arch/trace/workbench/Zeonica-Validation' for client Visual Studio Code 1.90.1.[0m
SLF4J(W): Class path contains multiple SLF4J providers.
SLF4J(W): Found provider [scribe.slf4j.ScribeServiceProvider@3200db9d]
SLF4J(W): Found provider [ch.qos.logback.classic.spi.LogbackServiceProvider@2b9fdb3]
SLF4J(W): See https://www.slf4j.org/codes.html#multiple_bindings for an explanation.
SLF4J(I): Actual provider is of type [scribe.slf4j.ScribeServiceProvider@3200db9d]
2024.09.25 19:14:16 WARN  Flyway upgrade recommended: H2 2.3.230 is newer than this version of Flyway and support has not been tested. The latest supported version of H2 is 2.2.220.[0m
2024.09.25 19:14:17 INFO  Attempting to connect to the build server...[0m
2024.09.25 19:14:17 INFO  tracing is disabled for protocol BSP, to enable tracing of incoming and outgoing JSON messages create an empty file at /home/jackcui/Arch/trace/workbench/Zeonica-Validation/.metals/bsp.trace.json or /home/jackcui/.cache/metals/bsp.trace.json[0m
2024.09.25 19:14:18 INFO  time: Connected to build server in 0.36s[0m
2024.09.25 19:14:18 INFO  Connected to Build server: Bloop v1.6.0[0m
Sep 25, 2024 7:14:18 PM org.eclipse.lsp4j.jsonrpc.RemoteEndpoint handleCancellation
WARNING: Unmatched cancel notification for request id 7
2024.09.25 19:14:18 INFO  time: Imported build in 0.14s[0m
2024.09.25 19:14:18 INFO  running doctor check[0m
2024.09.25 19:14:18 INFO  java targets: [0m
2024.09.25 19:14:19 INFO  no build target found for /home/jackcui/Arch/trace/workbench/Zeonica-Validation/Core/src/main/scala/Part/Keyboard.scala. Using presentation compiler with project's scala-library version: 3.3.3[0m
2024.09.25 19:14:20 WARN  Could not find java sources in /usr/lib/jvm/java-17-openjdk-amd64/bin/src.zip, /usr/lib/jvm/java-17-openjdk-amd64/bin/lib/src.zip, /usr/lib/jvm/java-17-openjdk-amd64/bin/java/src.zip, /usr/lib/jvm/java-17-openjdk-amd64/bin/java/lib/src.zip, /usr/lib/jvm/src.zip, /usr/lib/jvm/lib/src.zip, /usr/lib/jvm/java-17-openjdk-amd64/src.zip, /usr/lib/jvm/java-17-openjdk-amd64/lib/src.zip. Java symbols will not be available.[0m
2024.09.25 19:14:20 WARN  Could not find java sources in /usr/lib/jvm/java-17-openjdk-amd64/bin/src.zip, /usr/lib/jvm/java-17-openjdk-amd64/bin/lib/src.zip, /usr/lib/jvm/java-17-openjdk-amd64/bin/java/src.zip, /usr/lib/jvm/java-17-openjdk-amd64/bin/java/lib/src.zip, /usr/lib/jvm/src.zip, /usr/lib/jvm/lib/src.zip, /usr/lib/jvm/java-17-openjdk-amd64/src.zip, /usr/lib/jvm/java-17-openjdk-amd64/lib/src.zip. Java symbols will not be available.[0m
2024.09.25 19:14:20 INFO  time: indexed workspace in 1.69s[0m
2024.09.25 19:14:20 WARN  no build target for: /home/jackcui/Arch/trace/workbench/Zeonica-Validation/Core/src/main/scala/Part/.scala[0m
Sep 25, 2024 7:14:20 PM org.eclipse.lsp4j.jsonrpc.RemoteEndpoint handleCancellation
WARNING: Unmatched cancel notification for request id 11
2024.09.25 19:14:20 INFO  no build target found for /home/jackcui/Arch/trace/workbench/Zeonica-Validation/Core/src/main/scala/Part/.scala. Using presentation compiler with project's scala-library version: 3.3.3[0m
2024.09.25 19:14:21 INFO  time: code lens generation in 1.08s[0m
2024.09.25 19:14:21 INFO  time: code lens generation in 1.09s[0m
2024.09.25 19:14:26 INFO  no build target found for /home/jackcui/Arch/trace/workbench/Zeonica-Validation/Core/src/main/scala/Part/.scala. Using presentation compiler with project's scala-library version: 3.3.3[0m
2024.09.25 19:14:26 INFO  no build target found for /home/jackcui/Arch/trace/workbench/Zeonica-Validation/Core/src/main/scala/Part/Comm.scala. Using presentation compiler with project's scala-library version: 3.3.3[0m
Sep 25, 2024 7:14:27 PM org.eclipse.lsp4j.jsonrpc.services.GenericEndpoint notify
INFO: Unsupported notification method: $/setTrace
Sep 25, 2024 7:14:27 PM org.eclipse.lsp4j.jsonrpc.services.GenericEndpoint notify
INFO: Unsupported notification method: $/setTrace
2024.09.25 19:14:27 WARN  no build target for: /home/jackcui/Arch/trace/workbench/Zeonica-Validation/Core/src/main/scala/Part/Comm.scala[0m
2024.09.25 19:14:29 INFO  no build target found for /home/jackcui/Arch/trace/workbench/Zeonica-Validation/Core/src/main/scala/Part/Comm.scala. Using presentation compiler with project's scala-library version: 3.3.3[0m
2024.09.25 19:14:29 INFO  no build target found for /home/jackcui/Arch/trace/workbench/Zeonica-Validation/Core/src/main/scala/Part/Comm.scala. Using presentation compiler with project's scala-library version: 3.3.3[0m
2024.09.25 19:14:29 INFO  no build target found for /home/jackcui/Arch/trace/workbench/Zeonica-Validation/Core/src/main/scala/Part/Comm.scala. Using presentation compiler with project's scala-library version: 3.3.3[0m
2024.09.25 19:14:29 INFO  no build target found for /home/jackcui/Arch/trace/workbench/Zeonica-Validation/Core/src/main/scala/Part/Comm.scala. Using presentation compiler with project's scala-library version: 3.3.3[0m
2024.09.25 19:14:38 INFO  no build target found for /home/jackcui/Arch/trace/workbench/Zeonica-Validation/Core/src/main/scala/Part/Comm.scala. Using presentation compiler with project's scala-library version: 3.3.3[0m
2024.09.25 19:14:38 INFO  no build target found for /home/jackcui/Arch/trace/workbench/Zeonica-Validation/Core/src/main/scala/Part/Comm.scala. Using presentation compiler with project's scala-library version: 3.3.3[0m
2024.09.25 19:14:38 INFO  no build target found for /home/jackcui/Arch/trace/workbench/Zeonica-Validation/Core/src/main/scala/Part/Comm.scala. Using presentation compiler with project's scala-library version: 3.3.3[0m
2024.09.25 19:14:38 INFO  no build target found for /home/jackcui/Arch/trace/workbench/Zeonica-Validation/Core/src/main/scala/Part/Comm.scala. Using presentation compiler with project's scala-library version: 3.3.3[0m
2024.09.25 19:14:39 INFO  no build target found for /home/jackcui/Arch/trace/workbench/Zeonica-Validation/Core/src/main/scala/Part/Comm.scala. Using presentation compiler with project's scala-library version: 3.3.3[0m
2024.09.25 19:14:39 INFO  no build target found for /home/jackcui/Arch/trace/workbench/Zeonica-Validation/Core/src/main/scala/Part/Comm.scala. Using presentation compiler with project's scala-library version: 3.3.3[0m
2024.09.25 19:14:42 INFO  no build target found for /home/jackcui/Arch/trace/workbench/Zeonica-Validation/Core/src/main/scala/Part/Comm.scala. Using presentation compiler with project's scala-library version: 3.3.3[0m
2024.09.25 19:14:42 INFO  no build target found for /home/jackcui/Arch/trace/workbench/Zeonica-Validation/Core/src/main/scala/Part/Comm.scala. Using presentation compiler with project's scala-library version: 3.3.3[0m
2024.09.25 19:14:46 INFO  no build target found for /home/jackcui/Arch/trace/workbench/Zeonica-Validation/Core/src/main/scala/Part/Comm.scala. Using presentation compiler with project's scala-library version: 3.3.3[0m
2024.09.25 19:14:46 INFO  no build target found for /home/jackcui/Arch/trace/workbench/Zeonica-Validation/Core/src/main/scala/Part/Comm.scala. Using presentation compiler with project's scala-library version: 3.3.3[0m
2024.09.25 19:14:46 INFO  no build target found for /home/jackcui/Arch/trace/workbench/Zeonica-Validation/Core/src/main/scala/Part/Comm.scala. Using presentation compiler with project's scala-library version: 3.3.3[0m
2024.09.25 19:14:46 INFO  no build target found for /home/jackcui/Arch/trace/workbench/Zeonica-Validation/Core/src/main/scala/Part/Comm.scala. Using presentation compiler with project's scala-library version: 3.3.3[0m
2024.09.25 19:14:46 INFO  no build target found for /home/jackcui/Arch/trace/workbench/Zeonica-Validation/Core/src/main/scala/Part/Comm.scala. Using presentation compiler with project's scala-library version: 3.3.3[0m
2024.09.25 19:14:46 INFO  no build target found for /home/jackcui/Arch/trace/workbench/Zeonica-Validation/Core/src/main/scala/Part/Comm.scala. Using presentation compiler with project's scala-library version: 3.3.3[0m
2024.09.25 19:14:47 INFO  no build target found for /home/jackcui/Arch/trace/workbench/Zeonica-Validation/Core/src/main/scala/Part/Comm.scala. Using presentation compiler with project's scala-library version: 3.3.3[0m
2024.09.25 19:14:47 INFO  no build target found for /home/jackcui/Arch/trace/workbench/Zeonica-Validation/Core/src/main/scala/Part/Comm.scala. Using presentation compiler with project's scala-library version: 3.3.3[0m
2024.09.25 19:14:47 INFO  no build target found for /home/jackcui/Arch/trace/workbench/Zeonica-Validation/Core/src/main/scala/Part/Comm.scala. Using presentation compiler with project's scala-library version: 3.3.3[0m
2024.09.25 19:14:47 INFO  no build target found for /home/jackcui/Arch/trace/workbench/Zeonica-Validation/Core/src/main/scala/Part/Comm.scala. Using presentation compiler with project's scala-library version: 3.3.3[0m
2024.09.25 19:14:47 INFO  no build target found for /home/jackcui/Arch/trace/workbench/Zeonica-Validation/Core/src/main/scala/Part/Comm.scala. Using presentation compiler with project's scala-library version: 3.3.3[0m
2024.09.25 19:14:48 INFO  no build target found for /home/jackcui/Arch/trace/workbench/Zeonica-Validation/Core/src/main/scala/Part/Comm.scala. Using presentation compiler with project's scala-library version: 3.3.3[0m
2024.09.25 19:14:48 INFO  no build target found for /home/jackcui/Arch/trace/workbench/Zeonica-Validation/Core/src/main/scala/Part/Comm.scala. Using presentation compiler with project's scala-library version: 3.3.3[0m
2024.09.25 19:14:48 INFO  no build target found for /home/jackcui/Arch/trace/workbench/Zeonica-Validation/Core/src/main/scala/Part/Comm.scala. Using presentation compiler with project's scala-library version: 3.3.3[0m
2024.09.25 19:14:49 INFO  no build target found for /home/jackcui/Arch/trace/workbench/Zeonica-Validation/Core/src/main/scala/Part/Comm.scala. Using presentation compiler with project's scala-library version: 3.3.3[0m
2024.09.25 19:14:51 INFO  no build target found for /home/jackcui/Arch/trace/workbench/Zeonica-Validation/Core/src/main/scala/Part/Comm.scala. Using presentation compiler with project's scala-library version: 3.3.3[0m
2024.09.25 19:14:51 INFO  no build target found for /home/jackcui/Arch/trace/workbench/Zeonica-Validation/Core/src/main/scala/Part/Comm.scala. Using presentation compiler with project's scala-library version: 3.3.3[0m
2024.09.25 19:14:51 INFO  no build target found for /home/jackcui/Arch/trace/workbench/Zeonica-Validation/Core/src/main/scala/Part/Comm.scala. Using presentation compiler with project's scala-library version: 3.3.3[0m
2024.09.25 19:14:51 INFO  no build target found for /home/jackcui/Arch/trace/workbench/Zeonica-Validation/Core/src/main/scala/Part/Comm.scala. Using presentation compiler with project's scala-library version: 3.3.3[0m
2024.09.25 19:14:53 INFO  no build target found for /home/jackcui/Arch/trace/workbench/Zeonica-Validation/Core/src/main/scala/Part/Comm.scala. Using presentation compiler with project's scala-library version: 3.3.3[0m
2024.09.25 19:14:53 INFO  no build target found for /home/jackcui/Arch/trace/workbench/Zeonica-Validation/Core/src/main/scala/Part/Comm.scala. Using presentation compiler with project's scala-library version: 3.3.3[0m
2024.09.25 19:14:54 INFO  no build target found for /home/jackcui/Arch/trace/workbench/Zeonica-Validation/Core/src/main/scala/Part/Comm.scala. Using presentation compiler with project's scala-library version: 3.3.3[0m
2024.09.25 19:14:54 INFO  no build target found for /home/jackcui/Arch/trace/workbench/Zeonica-Validation/Core/src/main/scala/Part/Comm.scala. Using presentation compiler with project's scala-library version: 3.3.3[0m
2024.09.25 19:14:54 INFO  no build target found for /home/jackcui/Arch/trace/workbench/Zeonica-Validation/Core/src/main/scala/Part/Comm.scala. Using presentation compiler with project's scala-library version: 3.3.3[0m
2024.09.25 19:14:54 INFO  no build target found for /home/jackcui/Arch/trace/workbench/Zeonica-Validation/Core/src/main/scala/Part/Comm.scala. Using presentation compiler with project's scala-library version: 3.3.3[0m
2024.09.25 19:14:54 INFO  no build target found for /home/jackcui/Arch/trace/workbench/Zeonica-Validation/Core/src/main/scala/Part/Comm.scala. Using presentation compiler with project's scala-library version: 3.3.3[0m
2024.09.25 19:14:54 INFO  no build target found for /home/jackcui/Arch/trace/workbench/Zeonica-Validation/Core/src/main/scala/Part/Comm.scala. Using presentation compiler with project's scala-library version: 3.3.3[0m
2024.09.25 19:14:54 INFO  no build target found for /home/jackcui/Arch/trace/workbench/Zeonica-Validation/Core/src/main/scala/Part/Comm.scala. Using presentation compiler with project's scala-library version: 3.3.3[0m
2024.09.25 19:14:56 INFO  no build target found for /home/jackcui/Arch/trace/workbench/Zeonica-Validation/Core/src/main/scala/Part/Comm.scala. Using presentation compiler with project's scala-library version: 3.3.3[0m
2024.09.25 19:14:56 INFO  no build target found for /home/jackcui/Arch/trace/workbench/Zeonica-Validation/Core/src/main/scala/Part/Comm.scala. Using presentation compiler with project's scala-library version: 3.3.3[0m
2024.09.25 19:14:56 INFO  no build target found for /home/jackcui/Arch/trace/workbench/Zeonica-Validation/Core/src/main/scala/Part/Comm.scala. Using presentation compiler with project's scala-library version: 3.3.3[0m
2024.09.25 19:14:56 INFO  no build target found for /home/jackcui/Arch/trace/workbench/Zeonica-Validation/Core/src/main/scala/Part/Comm.scala. Using presentation compiler with project's scala-library version: 3.3.3[0m
2024.09.25 19:14:56 INFO  no build target found for /home/jackcui/Arch/trace/workbench/Zeonica-Validation/Core/src/main/scala/Part/Comm.scala. Using presentation compiler with project's scala-library version: 3.3.3[0m
2024.09.25 19:14:59 INFO  no build target found for /home/jackcui/Arch/trace/workbench/Zeonica-Validation/Core/src/main/scala/Part/Comm.scala. Using presentation compiler with project's scala-library version: 3.3.3[0m
2024.09.25 19:14:59 INFO  no build target found for /home/jackcui/Arch/trace/workbench/Zeonica-Validation/Core/src/main/scala/Part/Comm.scala. Using presentation compiler with project's scala-library version: 3.3.3[0m
2024.09.25 19:14:59 INFO  no build target found for /home/jackcui/Arch/trace/workbench/Zeonica-Validation/Core/src/main/scala/Part/Comm.scala. Using presentation compiler with project's scala-library version: 3.3.3[0m
2024.09.25 19:14:59 INFO  no build target found for /home/jackcui/Arch/trace/workbench/Zeonica-Validation/Core/src/main/scala/Part/Comm.scala. Using presentation compiler with project's scala-library version: 3.3.3[0m
2024.09.25 19:14:59 INFO  no build target found for /home/jackcui/Arch/trace/workbench/Zeonica-Validation/Core/src/main/scala/Part/Comm.scala. Using presentation compiler with project's scala-library version: 3.3.3[0m
2024.09.25 19:15:00 INFO  no build target found for /home/jackcui/Arch/trace/workbench/Zeonica-Validation/Core/src/main/scala/Part/Comm.scala. Using presentation compiler with project's scala-library version: 3.3.3[0m
2024.09.25 19:15:01 INFO  no build target found for /home/jackcui/Arch/trace/workbench/Zeonica-Validation/Core/src/main/scala/Part/Comm.scala. Using presentation compiler with project's scala-library version: 3.3.3[0m
2024.09.25 19:15:01 INFO  no build target found for /home/jackcui/Arch/trace/workbench/Zeonica-Validation/Core/src/main/scala/Part/Comm.scala. Using presentation compiler with project's scala-library version: 3.3.3[0m
2024.09.25 19:15:01 INFO  no build target found for /home/jackcui/Arch/trace/workbench/Zeonica-Validation/Core/src/main/scala/Part/Comm.scala. Using presentation compiler with project's scala-library version: 3.3.3[0m
2024.09.25 19:15:01 INFO  no build target found for /home/jackcui/Arch/trace/workbench/Zeonica-Validation/Core/src/main/scala/Part/Comm.scala. Using presentation compiler with project's scala-library version: 3.3.3[0m
2024.09.25 19:15:01 INFO  no build target found for /home/jackcui/Arch/trace/workbench/Zeonica-Validation/Core/src/main/scala/Part/Comm.scala. Using presentation compiler with project's scala-library version: 3.3.3[0m
2024.09.25 19:15:01 INFO  no build target found for /home/jackcui/Arch/trace/workbench/Zeonica-Validation/Core/src/main/scala/Part/Comm.scala. Using presentation compiler with project's scala-library version: 3.3.3[0m
2024.09.25 19:15:02 INFO  no build target found for /home/jackcui/Arch/trace/workbench/Zeonica-Validation/Core/src/main/scala/Part/Comm.scala. Using presentation compiler with project's scala-library version: 3.3.3[0m
2024.09.25 19:15:02 INFO  no build target found for /home/jackcui/Arch/trace/workbench/Zeonica-Validation/Core/src/main/scala/Part/Comm.scala. Using presentation compiler with project's scala-library version: 3.3.3[0m
2024.09.25 19:15:04 INFO  no build target found for /home/jackcui/Arch/trace/workbench/Zeonica-Validation/Core/src/main/scala/Part/Comm.scala. Using presentation compiler with project's scala-library version: 3.3.3[0m
2024.09.25 19:15:04 INFO  no build target found for /home/jackcui/Arch/trace/workbench/Zeonica-Validation/Core/src/main/scala/Part/Comm.scala. Using presentation compiler with project's scala-library version: 3.3.3[0m
2024.09.25 19:15:04 INFO  no build target found for /home/jackcui/Arch/trace/workbench/Zeonica-Validation/Core/src/main/scala/Part/Comm.scala. Using presentation compiler with project's scala-library version: 3.3.3[0m
2024.09.25 19:15:04 INFO  no build target found for /home/jackcui/Arch/trace/workbench/Zeonica-Validation/Core/src/main/scala/Part/Comm.scala. Using presentation compiler with project's scala-library version: 3.3.3[0m
2024.09.25 19:15:04 INFO  no build target found for /home/jackcui/Arch/trace/workbench/Zeonica-Validation/Core/src/main/scala/Part/Comm.scala. Using presentation compiler with project's scala-library version: 3.3.3[0m
2024.09.25 19:15:04 INFO  no build target found for /home/jackcui/Arch/trace/workbench/Zeonica-Validation/Core/src/main/scala/Part/Comm.scala. Using presentation compiler with project's scala-library version: 3.3.3[0m
2024.09.25 19:15:04 INFO  no build target found for /home/jackcui/Arch/trace/workbench/Zeonica-Validation/Core/src/main/scala/Part/Comm.scala. Using presentation compiler with project's scala-library version: 3.3.3[0m
2024.09.25 19:15:04 INFO  no build target found for /home/jackcui/Arch/trace/workbench/Zeonica-Validation/Core/src/main/scala/Part/Comm.scala. Using presentation compiler with project's scala-library version: 3.3.3[0m
2024.09.25 19:15:04 INFO  no build target found for /home/jackcui/Arch/trace/workbench/Zeonica-Validation/Core/src/main/scala/Part/Comm.scala. Using presentation compiler with project's scala-library version: 3.3.3[0m
2024.09.25 19:15:04 INFO  no build target found for /home/jackcui/Arch/trace/workbench/Zeonica-Validation/Core/src/main/scala/Part/Comm.scala. Using presentation compiler with project's scala-library version: 3.3.3[0m
2024.09.25 19:15:05 INFO  no build target found for /home/jackcui/Arch/trace/workbench/Zeonica-Validation/Core/src/main/scala/Part/Comm.scala. Using presentation compiler with project's scala-library version: 3.3.3[0m
2024.09.25 19:15:05 INFO  no build target found for /home/jackcui/Arch/trace/workbench/Zeonica-Validation/Core/src/main/scala/Part/Comm.scala. Using presentation compiler with project's scala-library version: 3.3.3[0m
2024.09.25 19:15:05 INFO  no build target found for /home/jackcui/Arch/trace/workbench/Zeonica-Validation/Core/src/main/scala/Part/Comm.scala. Using presentation compiler with project's scala-library version: 3.3.3[0m
2024.09.25 19:15:05 INFO  no build target found for /home/jackcui/Arch/trace/workbench/Zeonica-Validation/Core/src/main/scala/Part/Comm.scala. Using presentation compiler with project's scala-library version: 3.3.3[0m
2024.09.25 19:15:06 INFO  no build target found for /home/jackcui/Arch/trace/workbench/Zeonica-Validation/Core/src/main/scala/Part/Comm.scala. Using presentation compiler with project's scala-library version: 3.3.3[0m
2024.09.25 19:15:05 INFO  no build target found for /home/jackcui/Arch/trace/workbench/Zeonica-Validation/Core/src/main/scala/Part/Comm.scala. Using presentation compiler with project's scala-library version: 3.3.3[0m
2024.09.25 19:15:05 INFO  no build target found for /home/jackcui/Arch/trace/workbench/Zeonica-Validation/Core/src/main/scala/Part/Comm.scala. Using presentation compiler with project's scala-library version: 3.3.3[0m
2024.09.25 19:15:05 INFO  no build target found for /home/jackcui/Arch/trace/workbench/Zeonica-Validation/Core/src/main/scala/Part/Comm.scala. Using presentation compiler with project's scala-library version: 3.3.3[0m
2024.09.25 19:15:06 INFO  no build target found for /home/jackcui/Arch/trace/workbench/Zeonica-Validation/Core/src/main/scala/Part/Comm.scala. Using presentation compiler with project's scala-library version: 3.3.3[0m
2024.09.25 19:15:07 INFO  no build target found for /home/jackcui/Arch/trace/workbench/Zeonica-Validation/Core/src/main/scala/Part/Comm.scala. Using presentation compiler with project's scala-library version: 3.3.3[0m
2024.09.25 19:15:07 INFO  no build target found for /home/jackcui/Arch/trace/workbench/Zeonica-Validation/Core/src/main/scala/Part/Comm.scala. Using presentation compiler with project's scala-library version: 3.3.3[0m
2024.09.25 19:15:07 INFO  no build target found for /home/jackcui/Arch/trace/workbench/Zeonica-Validation/Core/src/main/scala/Part/Comm.scala. Using presentation compiler with project's scala-library version: 3.3.3[0m
2024.09.25 19:15:07 INFO  no build target found for /home/jackcui/Arch/trace/workbench/Zeonica-Validation/Core/src/main/scala/Part/Comm.scala. Using presentation compiler with project's scala-library version: 3.3.3[0m
2024.09.25 19:15:07 INFO  no build target found for /home/jackcui/Arch/trace/workbench/Zeonica-Validation/Core/src/main/scala/Part/Comm.scala. Using presentation compiler with project's scala-library version: 3.3.3[0m
2024.09.25 19:15:07 INFO  no build target found for /home/jackcui/Arch/trace/workbench/Zeonica-Validation/Core/src/main/scala/Part/Comm.scala. Using presentation compiler with project's scala-library version: 3.3.3[0m
2024.09.25 19:15:07 INFO  no build target found for /home/jackcui/Arch/trace/workbench/Zeonica-Validation/Core/src/main/scala/Part/Comm.scala. Using presentation compiler with project's scala-library version: 3.3.3[0m
2024.09.25 19:15:08 INFO  no build target found for /home/jackcui/Arch/trace/workbench/Zeonica-Validation/Core/src/main/scala/Part/Comm.scala. Using presentation compiler with project's scala-library version: 3.3.3[0m
2024.09.25 19:15:08 INFO  no build target found for /home/jackcui/Arch/trace/workbench/Zeonica-Validation/Core/src/main/scala/Part/Comm.scala. Using presentation compiler with project's scala-library version: 3.3.3[0m
2024.09.25 19:15:08 INFO  no build target found for /home/jackcui/Arch/trace/workbench/Zeonica-Validation/Core/src/main/scala/Part/Comm.scala. Using presentation compiler with project's scala-library version: 3.3.3[0m
2024.09.25 19:15:08 INFO  no build target found for /home/jackcui/Arch/trace/workbench/Zeonica-Validation/Core/src/main/scala/Part/Comm.scala. Using presentation compiler with project's scala-library version: 3.3.3[0m
2024.09.25 19:15:08 INFO  no build target found for /home/jackcui/Arch/trace/workbench/Zeonica-Validation/Core/src/main/scala/Part/Comm.scala. Using presentation compiler with project's scala-library version: 3.3.3[0m
2024.09.25 19:15:08 INFO  no build target found for /home/jackcui/Arch/trace/workbench/Zeonica-Validation/Core/src/main/scala/Part/Comm.scala. Using presentation compiler with project's scala-library version: 3.3.3[0m
2024.09.25 19:15:08 INFO  no build target found for /home/jackcui/Arch/trace/workbench/Zeonica-Validation/Core/src/main/scala/Part/Comm.scala. Using presentation compiler with project's scala-library version: 3.3.3[0m
2024.09.25 19:15:08 INFO  no build target found for /home/jackcui/Arch/trace/workbench/Zeonica-Validation/Core/src/main/scala/Part/Comm.scala. Using presentation compiler with project's scala-library version: 3.3.3[0m
2024.09.25 19:15:08 INFO  no build target found for /home/jackcui/Arch/trace/workbench/Zeonica-Validation/Core/src/main/scala/Part/Comm.scala. Using presentation compiler with project's scala-library version: 3.3.3[0m
2024.09.25 19:15:08 INFO  no build target found for /home/jackcui/Arch/trace/workbench/Zeonica-Validation/Core/src/main/scala/Part/Comm.scala. Using presentation compiler with project's scala-library version: 3.3.3[0m
2024.09.25 19:15:09 INFO  no build target found for /home/jackcui/Arch/trace/workbench/Zeonica-Validation/Core/src/main/scala/Part/Comm.scala. Using presentation compiler with project's scala-library version: 3.3.3[0m
2024.09.25 19:15:09 INFO  no build target found for /home/jackcui/Arch/trace/workbench/Zeonica-Validation/Core/src/main/scala/Part/Comm.scala. Using presentation compiler with project's scala-library version: 3.3.3[0m
2024.09.25 19:15:10 INFO  no build target found for /home/jackcui/Arch/trace/workbench/Zeonica-Validation/Core/src/main/scala/Part/Comm.scala. Using presentation compiler with project's scala-library version: 3.3.3[0m
2024.09.25 19:15:09 INFO  no build target found for /home/jackcui/Arch/trace/workbench/Zeonica-Validation/Core/src/main/scala/Part/Comm.scala. Using presentation compiler with project's scala-library version: 3.3.3[0m
2024.09.25 19:15:10 INFO  no build target found for /home/jackcui/Arch/trace/workbench/Zeonica-Validation/Core/src/main/scala/Part/Comm.scala. Using presentation compiler with project's scala-library version: 3.3.3[0m
2024.09.25 19:15:09 INFO  no build target found for /home/jackcui/Arch/trace/workbench/Zeonica-Validation/Core/src/main/scala/Part/Comm.scala. Using presentation compiler with project's scala-library version: 3.3.3[0m
2024.09.25 19:15:09 INFO  no build target found for /home/jackcui/Arch/trace/workbench/Zeonica-Validation/Core/src/main/scala/Part/Comm.scala. Using presentation compiler with project's scala-library version: 3.3.3[0m
2024.09.25 19:15:09 INFO  no build target found for /home/jackcui/Arch/trace/workbench/Zeonica-Validation/Core/src/main/scala/Part/Comm.scala. Using presentation compiler with project's scala-library version: 3.3.3[0m
2024.09.25 19:15:09 INFO  no build target found for /home/jackcui/Arch/trace/workbench/Zeonica-Validation/Core/src/main/scala/Part/Comm.scala. Using presentation compiler with project's scala-library version: 3.3.3[0m
2024.09.25 19:15:11 INFO  no build target found for /home/jackcui/Arch/trace/workbench/Zeonica-Validation/Core/src/main/scala/Part/Comm.scala. Using presentation compiler with project's scala-library version: 3.3.3[0m
2024.09.25 19:15:11 INFO  no build target found for /home/jackcui/Arch/trace/workbench/Zeonica-Validation/Core/src/main/scala/Part/Comm.scala. Using presentation compiler with project's scala-library version: 3.3.3[0m
2024.09.25 19:15:11 INFO  no build target found for /home/jackcui/Arch/trace/workbench/Zeonica-Validation/Core/src/main/scala/Part/Comm.scala. Using presentation compiler with project's scala-library version: 3.3.3[0m
2024.09.25 19:15:11 INFO  no build target found for /home/jackcui/Arch/trace/workbench/Zeonica-Validation/Core/src/main/scala/Part/Comm.scala. Using presentation compiler with project's scala-library version: 3.3.3[0m
2024.09.25 19:15:12 INFO  no build target found for /home/jackcui/Arch/trace/workbench/Zeonica-Validation/Core/src/main/scala/Part/Comm.scala. Using presentation compiler with project's scala-library version: 3.3.3[0m
2024.09.25 19:15:12 INFO  no build target found for /home/jackcui/Arch/trace/workbench/Zeonica-Validation/Core/src/main/scala/Part/Comm.scala. Using presentation compiler with project's scala-library version: 3.3.3[0m
2024.09.25 19:15:12 INFO  no build target found for /home/jackcui/Arch/trace/workbench/Zeonica-Validation/Core/src/main/scala/Part/Comm.scala. Using presentation compiler with project's scala-library version: 3.3.3[0m
2024.09.25 19:15:13 INFO  no build target found for /home/jackcui/Arch/trace/workbench/Zeonica-Validation/Core/src/main/scala/Part/Comm.scala. Using presentation compiler with project's scala-library version: 3.3.3[0m
2024.09.25 19:15:16 INFO  no build target found for /home/jackcui/Arch/trace/workbench/Zeonica-Validation/Core/src/main/scala/Part/Comm.scala. Using presentation compiler with project's scala-library version: 3.3.3[0m
2024.09.25 19:15:16 INFO  no build target found for /home/jackcui/Arch/trace/workbench/Zeonica-Validation/Core/src/main/scala/Part/Comm.scala. Using presentation compiler with project's scala-library version: 3.3.3[0m
2024.09.25 19:15:16 INFO  no build target found for /home/jackcui/Arch/trace/workbench/Zeonica-Validation/Core/src/main/scala/Part/Comm.scala. Using presentation compiler with project's scala-library version: 3.3.3[0m
2024.09.25 19:15:17 INFO  no build target found for /home/jackcui/Arch/trace/workbench/Zeonica-Validation/Core/src/main/scala/Part/Comm.scala. Using presentation compiler with project's scala-library version: 3.3.3[0m
2024.09.25 19:15:17 INFO  no build target found for /home/jackcui/Arch/trace/workbench/Zeonica-Validation/Core/src/main/scala/Part/Comm.scala. Using presentation compiler with project's scala-library version: 3.3.3[0m
2024.09.25 19:15:17 INFO  no build target found for /home/jackcui/Arch/trace/workbench/Zeonica-Validation/Core/src/main/scala/Part/Comm.scala. Using presentation compiler with project's scala-library version: 3.3.3[0m
2024.09.25 19:15:17 INFO  no build target found for /home/jackcui/Arch/trace/workbench/Zeonica-Validation/Core/src/main/scala/Part/Comm.scala. Using presentation compiler with project's scala-library version: 3.3.3[0m
2024.09.25 19:15:17 INFO  no build target found for /home/jackcui/Arch/trace/workbench/Zeonica-Validation/Core/src/main/scala/Part/Comm.scala. Using presentation compiler with project's scala-library version: 3.3.3[0m
2024.09.25 19:15:17 INFO  no build target found for /home/jackcui/Arch/trace/workbench/Zeonica-Validation/Core/src/main/scala/Part/Comm.scala. Using presentation compiler with project's scala-library version: 3.3.3[0m
2024.09.25 19:15:17 INFO  no build target found for /home/jackcui/Arch/trace/workbench/Zeonica-Validation/Core/src/main/scala/Part/Comm.scala. Using presentation compiler with project's scala-library version: 3.3.3[0m
2024.09.25 19:15:17 INFO  no build target found for /home/jackcui/Arch/trace/workbench/Zeonica-Validation/Core/src/main/scala/Part/Comm.scala. Using presentation compiler with project's scala-library version: 3.3.3[0m
2024.09.25 19:15:18 INFO  no build target found for /home/jackcui/Arch/trace/workbench/Zeonica-Validation/Core/src/main/scala/Part/Comm.scala. Using presentation compiler with project's scala-library version: 3.3.3[0m
2024.09.25 19:15:18 INFO  no build target found for /home/jackcui/Arch/trace/workbench/Zeonica-Validation/Core/src/main/scala/Part/Comm.scala. Using presentation compiler with project's scala-library version: 3.3.3[0m
2024.09.25 19:15:18 INFO  no build target found for /home/jackcui/Arch/trace/workbench/Zeonica-Validation/Core/src/main/scala/Part/Comm.scala. Using presentation compiler with project's scala-library version: 3.3.3[0m
2024.09.25 19:15:18 INFO  no build target found for /home/jackcui/Arch/trace/workbench/Zeonica-Validation/Core/src/main/scala/Part/Comm.scala. Using presentation compiler with project's scala-library version: 3.3.3[0m
2024.09.25 19:15:18 INFO  no build target found for /home/jackcui/Arch/trace/workbench/Zeonica-Validation/Core/src/main/scala/Part/Comm.scala. Using presentation compiler with project's scala-library version: 3.3.3[0m
2024.09.25 19:15:18 INFO  no build target found for /home/jackcui/Arch/trace/workbench/Zeonica-Validation/Core/src/main/scala/Part/Comm.scala. Using presentation compiler with project's scala-library version: 3.3.3[0m
2024.09.25 19:15:18 INFO  no build target found for /home/jackcui/Arch/trace/workbench/Zeonica-Validation/Core/src/main/scala/Part/Comm.scala. Using presentation compiler with project's scala-library version: 3.3.3[0m
2024.09.25 19:15:18 INFO  no build target found for /home/jackcui/Arch/trace/workbench/Zeonica-Validation/Core/src/main/scala/Part/Comm.scala. Using presentation compiler with project's scala-library version: 3.3.3[0m
2024.09.25 19:15:19 INFO  no build target found for /home/jackcui/Arch/trace/workbench/Zeonica-Validation/Core/src/main/scala/Part/Comm.scala. Using presentation compiler with project's scala-library version: 3.3.3[0m
2024.09.25 19:15:19 INFO  no build target found for /home/jackcui/Arch/trace/workbench/Zeonica-Validation/Core/src/main/scala/Part/Comm.scala. Using presentation compiler with project's scala-library version: 3.3.3[0m
2024.09.25 19:15:19 INFO  no build target found for /home/jackcui/Arch/trace/workbench/Zeonica-Validation/Core/src/main/scala/Part/Comm.scala. Using presentation compiler with project's scala-library version: 3.3.3[0m
2024.09.25 19:15:19 INFO  no build target found for /home/jackcui/Arch/trace/workbench/Zeonica-Validation/Core/src/main/scala/Part/Comm.scala. Using presentation compiler with project's scala-library version: 3.3.3[0m
2024.09.25 19:15:19 INFO  no build target found for /home/jackcui/Arch/trace/workbench/Zeonica-Validation/Core/src/main/scala/Part/Comm.scala. Using presentation compiler with project's scala-library version: 3.3.3[0m
2024.09.25 19:15:19 INFO  no build target found for /home/jackcui/Arch/trace/workbench/Zeonica-Validation/Core/src/main/scala/Part/Comm.scala. Using presentation compiler with project's scala-library version: 3.3.3[0m
2024.09.25 19:15:19 INFO  no build target found for /home/jackcui/Arch/trace/workbench/Zeonica-Validation/Core/src/main/scala/Part/Comm.scala. Using presentation compiler with project's scala-library version: 3.3.3[0m
2024.09.25 19:15:20 INFO  no build target found for /home/jackcui/Arch/trace/workbench/Zeonica-Validation/Core/src/main/scala/Part/Comm.scala. Using presentation compiler with project's scala-library version: 3.3.3[0m
2024.09.25 19:15:19 INFO  no build target found for /home/jackcui/Arch/trace/workbench/Zeonica-Validation/Core/src/main/scala/Part/Comm.scala. Using presentation compiler with project's scala-library version: 3.3.3[0m
2024.09.25 19:15:19 INFO  no build target found for /home/jackcui/Arch/trace/workbench/Zeonica-Validation/Core/src/main/scala/Part/Comm.scala. Using presentation compiler with project's scala-library version: 3.3.3[0m
2024.09.25 19:15:20 INFO  no build target found for /home/jackcui/Arch/trace/workbench/Zeonica-Validation/Core/src/main/scala/Part/Comm.scala. Using presentation compiler with project's scala-library version: 3.3.3[0m
2024.09.25 19:15:20 INFO  no build target found for /home/jackcui/Arch/trace/workbench/Zeonica-Validation/Core/src/main/scala/Part/Comm.scala. Using presentation compiler with project's scala-library version: 3.3.3[0m
2024.09.25 19:15:20 INFO  no build target found for /home/jackcui/Arch/trace/workbench/Zeonica-Validation/Core/src/main/scala/Part/Comm.scala. Using presentation compiler with project's scala-library version: 3.3.3[0m
2024.09.25 19:15:20 INFO  no build target found for /home/jackcui/Arch/trace/workbench/Zeonica-Validation/Core/src/main/scala/Part/Comm.scala. Using presentation compiler with project's scala-library version: 3.3.3[0m
2024.09.25 19:15:20 INFO  no build target found for /home/jackcui/Arch/trace/workbench/Zeonica-Validation/Core/src/main/scala/Part/Comm.scala. Using presentation compiler with project's scala-library version: 3.3.3[0m
2024.09.25 19:15:20 INFO  no build target found for /home/jackcui/Arch/trace/workbench/Zeonica-Validation/Core/src/main/scala/Part/Comm.scala. Using presentation compiler with project's scala-library version: 3.3.3[0m
2024.09.25 19:15:21 INFO  no build target found for /home/jackcui/Arch/trace/workbench/Zeonica-Validation/Core/src/main/scala/Part/Comm.scala. Using presentation compiler with project's scala-library version: 3.3.3[0m
2024.09.25 19:15:20 INFO  no build target found for /home/jackcui/Arch/trace/workbench/Zeonica-Validation/Core/src/main/scala/Part/Comm.scala. Using presentation compiler with project's scala-library version: 3.3.3[0m
2024.09.25 19:15:21 INFO  no build target found for /home/jackcui/Arch/trace/workbench/Zeonica-Validation/Core/src/main/scala/Part/Comm.scala. Using presentation compiler with project's scala-library version: 3.3.3[0m
2024.09.25 19:15:22 INFO  no build target found for /home/jackcui/Arch/trace/workbench/Zeonica-Validation/Core/src/main/scala/Part/Comm.scala. Using presentation compiler with project's scala-library version: 3.3.3[0m
2024.09.25 19:15:22 INFO  no build target found for /home/jackcui/Arch/trace/workbench/Zeonica-Validation/Core/src/main/scala/Part/Comm.scala. Using presentation compiler with project's scala-library version: 3.3.3[0m
2024.09.25 19:15:22 INFO  no build target found for /home/jackcui/Arch/trace/workbench/Zeonica-Validation/Core/src/main/scala/Part/Comm.scala. Using presentation compiler with project's scala-library version: 3.3.3[0m
2024.09.25 19:15:22 INFO  no build target found for /home/jackcui/Arch/trace/workbench/Zeonica-Validation/Core/src/main/scala/Part/Comm.scala. Using presentation compiler with project's scala-library version: 3.3.3[0m
2024.09.25 19:15:22 INFO  no build target found for /home/jackcui/Arch/trace/workbench/Zeonica-Validation/Core/src/main/scala/Part/Comm.scala. Using presentation compiler with project's scala-library version: 3.3.3[0m
2024.09.25 19:15:22 INFO  no build target found for /home/jackcui/Arch/trace/workbench/Zeonica-Validation/Core/src/main/scala/Part/Comm.scala. Using presentation compiler with project's scala-library version: 3.3.3[0m
2024.09.25 19:15:22 INFO  no build target found for /home/jackcui/Arch/trace/workbench/Zeonica-Validation/Core/src/main/scala/Part/Comm.scala. Using presentation compiler with project's scala-library version: 3.3.3[0m
2024.09.25 19:15:22 INFO  no build target found for /home/jackcui/Arch/trace/workbench/Zeonica-Validation/Core/src/main/scala/Part/Comm.scala. Using presentation compiler with project's scala-library version: 3.3.3[0m
2024.09.25 19:15:22 INFO  no build target found for /home/jackcui/Arch/trace/workbench/Zeonica-Validation/Core/src/main/scala/Part/Comm.scala. Using presentation compiler with project's scala-library version: 3.3.3[0m
2024.09.25 19:15:23 INFO  no build target found for /home/jackcui/Arch/trace/workbench/Zeonica-Validation/Core/src/main/scala/Part/Comm.scala. Using presentation compiler with project's scala-library version: 3.3.3[0m
2024.09.25 19:15:23 INFO  no build target found for /home/jackcui/Arch/trace/workbench/Zeonica-Validation/Core/src/main/scala/Part/Comm.scala. Using presentation compiler with project's scala-library version: 3.3.3[0m
2024.09.25 19:15:23 INFO  no build target found for /home/jackcui/Arch/trace/workbench/Zeonica-Validation/Core/src/main/scala/Part/Comm.scala. Using presentation compiler with project's scala-library version: 3.3.3[0m
2024.09.25 19:15:23 INFO  no build target found for /home/jackcui/Arch/trace/workbench/Zeonica-Validation/Core/src/main/scala/Part/Comm.scala. Using presentation compiler with project's scala-library version: 3.3.3[0m
2024.09.25 19:15:23 INFO  no build target found for /home/jackcui/Arch/trace/workbench/Zeonica-Validation/Core/src/main/scala/Part/Comm.scala. Using presentation compiler with project's scala-library version: 3.3.3[0m
2024.09.25 19:15:23 INFO  no build target found for /home/jackcui/Arch/trace/workbench/Zeonica-Validation/Core/src/main/scala/Part/Comm.scala. Using presentation compiler with project's scala-library version: 3.3.3[0m
2024.09.25 19:15:23 INFO  no build target found for /home/jackcui/Arch/trace/workbench/Zeonica-Validation/Core/src/main/scala/Part/Comm.scala. Using presentation compiler with project's scala-library version: 3.3.3[0m
2024.09.25 19:15:24 INFO  no build target found for /home/jackcui/Arch/trace/workbench/Zeonica-Validation/Core/src/main/scala/Part/Comm.scala. Using presentation compiler with project's scala-library version: 3.3.3[0m
2024.09.25 19:15:23 INFO  no build target found for /home/jackcui/Arch/trace/workbench/Zeonica-Validation/Core/src/main/scala/Part/Comm.scala. Using presentation compiler with project's scala-library version: 3.3.3[0m
2024.09.25 19:15:23 INFO  no build target found for /home/jackcui/Arch/trace/workbench/Zeonica-Validation/Core/src/main/scala/Part/Comm.scala. Using presentation compiler with project's scala-library version: 3.3.3[0m
2024.09.25 19:15:25 INFO  no build target found for /home/jackcui/Arch/trace/workbench/Zeonica-Validation/Core/src/main/scala/Part/Comm.scala. Using presentation compiler with project's scala-library version: 3.3.3[0m
2024.09.25 19:15:25 INFO  no build target found for /home/jackcui/Arch/trace/workbench/Zeonica-Validation/Core/src/main/scala/Part/Comm.scala. Using presentation compiler with project's scala-library version: 3.3.3[0m
2024.09.25 19:15:25 INFO  no build target found for /home/jackcui/Arch/trace/workbench/Zeonica-Validation/Core/src/main/scala/Part/Comm.scala. Using presentation compiler with project's scala-library version: 3.3.3[0m
2024.09.25 19:15:25 INFO  no build target found for /home/jackcui/Arch/trace/workbench/Zeonica-Validation/Core/src/main/scala/Part/Comm.scala. Using presentation compiler with project's scala-library version: 3.3.3[0m
2024.09.25 19:15:26 INFO  no build target found for /home/jackcui/Arch/trace/workbench/Zeonica-Validation/Core/src/main/scala/Part/Comm.scala. Using presentation compiler with project's scala-library version: 3.3.3[0m
2024.09.25 19:15:26 INFO  no build target found for /home/jackcui/Arch/trace/workbench/Zeonica-Validation/Core/src/main/scala/Part/Comm.scala. Using presentation compiler with project's scala-library version: 3.3.3[0m
2024.09.25 19:15:26 INFO  no build target found for /home/jackcui/Arch/trace/workbench/Zeonica-Validation/Core/src/main/scala/Part/Comm.scala. Using presentation compiler with project's scala-library version: 3.3.3[0m
2024.09.25 19:15:26 INFO  no build target found for /home/jackcui/Arch/trace/workbench/Zeonica-Validation/Core/src/main/scala/Part/Comm.scala. Using presentation compiler with project's scala-library version: 3.3.3[0m
2024.09.25 19:15:27 INFO  no build target found for /home/jackcui/Arch/trace/workbench/Zeonica-Validation/Core/src/main/scala/Part/Comm.scala. Using presentation compiler with project's scala-library version: 3.3.3[0m
2024.09.25 19:15:27 INFO  no build target found for /home/jackcui/Arch/trace/workbench/Zeonica-Validation/Core/src/main/scala/Part/Comm.scala. Using presentation compiler with project's scala-library version: 3.3.3[0m
2024.09.25 19:15:39 INFO  no build target found for /home/jackcui/Arch/trace/workbench/Zeonica-Validation/Core/src/main/scala/Part/Comm.scala. Using presentation compiler with project's scala-library version: 3.3.3[0m
2024.09.25 19:15:39 INFO  no build target found for /home/jackcui/Arch/trace/workbench/Zeonica-Validation/Core/src/main/scala/Part/Comm.scala. Using presentation compiler with project's scala-library version: 3.3.3[0m
2024.09.25 19:15:39 INFO  no build target found for /home/jackcui/Arch/trace/workbench/Zeonica-Validation/Core/src/main/scala/Part/Comm.scala. Using presentation compiler with project's scala-library version: 3.3.3[0m
2024.09.25 19:15:40 INFO  no build target found for /home/jackcui/Arch/trace/workbench/Zeonica-Validation/Core/src/main/scala/Part/Comm.scala. Using presentation compiler with project's scala-library version: 3.3.3[0m
2024.09.25 19:15:40 INFO  no build target found for /home/jackcui/Arch/trace/workbench/Zeonica-Validation/Core/src/main/scala/Part/Comm.scala. Using presentation compiler with project's scala-library version: 3.3.3[0m
2024.09.25 19:15:40 INFO  no build target found for /home/jackcui/Arch/trace/workbench/Zeonica-Validation/Core/src/main/scala/Part/Comm.scala. Using presentation compiler with project's scala-library version: 3.3.3[0m
2024.09.25 19:15:42 INFO  no build target found for /home/jackcui/Arch/trace/workbench/Zeonica-Validation/Core/src/main/scala/Part/Comm.scala. Using presentation compiler with project's scala-library version: 3.3.3[0m
2024.09.25 19:15:42 INFO  no build target found for /home/jackcui/Arch/trace/workbench/Zeonica-Validation/Core/src/main/scala/Part/Comm.scala. Using presentation compiler with project's scala-library version: 3.3.3[0m
2024.09.25 19:15:42 INFO  no build target found for /home/jackcui/Arch/trace/workbench/Zeonica-Validation/Core/src/main/scala/Part/Comm.scala. Using presentation compiler with project's scala-library version: 3.3.3[0m
2024.09.25 19:15:43 INFO  no build target found for /home/jackcui/Arch/trace/workbench/Zeonica-Validation/Core/src/main/scala/Part/Comm.scala. Using presentation compiler with project's scala-library version: 3.3.3[0m
2024.09.25 19:15:43 INFO  no build target found for /home/jackcui/Arch/trace/workbench/Zeonica-Validation/Core/src/main/scala/Part/Comm.scala. Using presentation compiler with project's scala-library version: 3.3.3[0m
2024.09.25 19:15:43 INFO  no build target found for /home/jackcui/Arch/trace/workbench/Zeonica-Validation/Core/src/main/scala/Part/Comm.scala. Using presentation compiler with project's scala-library version: 3.3.3[0m
2024.09.25 19:15:43 INFO  no build target found for /home/jackcui/Arch/trace/workbench/Zeonica-Validation/Core/src/main/scala/Part/Comm.scala. Using presentation compiler with project's scala-library version: 3.3.3[0m
2024.09.25 19:15:43 INFO  no build target found for /home/jackcui/Arch/trace/workbench/Zeonica-Validation/Core/src/main/scala/Part/Comm.scala. Using presentation compiler with project's scala-library version: 3.3.3[0m
2024.09.25 19:15:44 INFO  no build target found for /home/jackcui/Arch/trace/workbench/Zeonica-Validation/Core/src/main/scala/Part/Comm.scala. Using presentation compiler with project's scala-library version: 3.3.3[0m
2024.09.25 19:15:44 INFO  no build target found for /home/jackcui/Arch/trace/workbench/Zeonica-Validation/Core/src/main/scala/Part/Comm.scala. Using presentation compiler with project's scala-library version: 3.3.3[0m
2024.09.25 19:15:45 INFO  no build target found for /home/jackcui/Arch/trace/workbench/Zeonica-Validation/Core/src/main/scala/Part/Comm.scala. Using presentation compiler with project's scala-library version: 3.3.3[0m
2024.09.25 19:15:45 INFO  no build target found for /home/jackcui/Arch/trace/workbench/Zeonica-Validation/Core/src/main/scala/Part/Comm.scala. Using presentation compiler with project's scala-library version: 3.3.3[0m
2024.09.25 19:15:45 INFO  no build target found for /home/jackcui/Arch/trace/workbench/Zeonica-Validation/Core/src/main/scala/Part/Comm.scala. Using presentation compiler with project's scala-library version: 3.3.3[0m
2024.09.25 19:15:45 INFO  no build target found for /home/jackcui/Arch/trace/workbench/Zeonica-Validation/Core/src/main/scala/Part/Comm.scala. Using presentation compiler with project's scala-library version: 3.3.3[0m
2024.09.25 19:15:45 INFO  no build target found for /home/jackcui/Arch/trace/workbench/Zeonica-Validation/Core/src/main/scala/Part/Comm.scala. Using presentation compiler with project's scala-library version: 3.3.3[0m
2024.09.25 19:15:46 INFO  no build target found for /home/jackcui/Arch/trace/workbench/Zeonica-Validation/Core/src/main/scala/Part/Comm.scala. Using presentation compiler with project's scala-library version: 3.3.3[0m
2024.09.25 19:15:51 INFO  no build target found for /home/jackcui/Arch/trace/workbench/Zeonica-Validation/Core/src/main/scala/Part/Comm.scala. Using presentation compiler with project's scala-library version: 3.3.3[0m
2024.09.25 19:15:51 INFO  no build target found for /home/jackcui/Arch/trace/workbench/Zeonica-Validation/Core/src/main/scala/Part/Comm.scala. Using presentation compiler with project's scala-library version: 3.3.3[0m
2024.09.25 19:15:51 INFO  no build target found for /home/jackcui/Arch/trace/workbench/Zeonica-Validation/Core/src/main/scala/Part/Comm.scala. Using presentation compiler with project's scala-library version: 3.3.3[0m
2024.09.25 19:15:54 INFO  no build target found for /home/jackcui/Arch/trace/workbench/Zeonica-Validation/Core/src/main/scala/Part/Comm.scala. Using presentation compiler with project's scala-library version: 3.3.3[0m
2024.09.25 19:15:54 INFO  no build target found for /home/jackcui/Arch/trace/workbench/Zeonica-Validation/Core/src/main/scala/Part/Comm.scala. Using presentation compiler with project's scala-library version: 3.3.3[0m
2024.09.25 19:15:55 INFO  no build target found for /home/jackcui/Arch/trace/workbench/Zeonica-Validation/Core/src/main/scala/Part/Comm.scala. Using presentation compiler with project's scala-library version: 3.3.3[0m
2024.09.25 19:16:01 INFO  no build target found for /home/jackcui/Arch/trace/workbench/Zeonica-Validation/Core/src/main/scala/Part/Comm.scala. Using presentation compiler with project's scala-library version: 3.3.3[0m
2024.09.25 19:16:01 INFO  no build target found for /home/jackcui/Arch/trace/workbench/Zeonica-Validation/Core/src/main/scala/Part/Comm.scala. Using presentation compiler with project's scala-library version: 3.3.3[0m
2024.09.25 19:16:01 INFO  no build target found for /home/jackcui/Arch/trace/workbench/Zeonica-Validation/Core/src/main/scala/Part/Comm.scala. Using presentation compiler with project's scala-library version: 3.3.3[0m
2024.09.25 19:16:01 INFO  no build target found for /home/jackcui/Arch/trace/workbench/Zeonica-Validation/Core/src/main/scala/Part/Comm.scala. Using presentation compiler with project's scala-library version: 3.3.3[0m
2024.09.25 19:16:01 INFO  no build target found for /home/jackcui/Arch/trace/workbench/Zeonica-Validation/Core/src/main/scala/Part/Comm.scala. Using presentation compiler with project's scala-library version: 3.3.3[0m
2024.09.25 19:16:01 INFO  no build target found for /home/jackcui/Arch/trace/workbench/Zeonica-Validation/Core/src/main/scala/Part/Comm.scala. Using presentation compiler with project's scala-library version: 3.3.3[0m
2024.09.25 19:16:01 INFO  no build target found for /home/jackcui/Arch/trace/workbench/Zeonica-Validation/Core/src/main/scala/Part/Comm.scala. Using presentation compiler with project's scala-library version: 3.3.3[0m
2024.09.25 19:16:01 INFO  no build target found for /home/jackcui/Arch/trace/workbench/Zeonica-Validation/Core/src/main/scala/Part/Comm.scala. Using presentation compiler with project's scala-library version: 3.3.3[0m
2024.09.25 19:16:02 INFO  no build target found for /home/jackcui/Arch/trace/workbench/Zeonica-Validation/Core/src/main/scala/Part/Comm.scala. Using presentation compiler with project's scala-library version: 3.3.3[0m
2024.09.25 19:16:02 INFO  no build target found for /home/jackcui/Arch/trace/workbench/Zeonica-Validation/Core/src/main/scala/Part/Comm.scala. Using presentation compiler with project's scala-library version: 3.3.3[0m
2024.09.25 19:16:02 INFO  no build target found for /home/jackcui/Arch/trace/workbench/Zeonica-Validation/Core/src/main/scala/Part/Comm.scala. Using presentation compiler with project's scala-library version: 3.3.3[0m
2024.09.25 19:16:02 INFO  no build target found for /home/jackcui/Arch/trace/workbench/Zeonica-Validation/Core/src/main/scala/Part/Comm.scala. Using presentation compiler with project's scala-library version: 3.3.3[0m
2024.09.25 19:16:02 INFO  no build target found for /home/jackcui/Arch/trace/workbench/Zeonica-Validation/Core/src/main/scala/Part/Comm.scala. Using presentation compiler with project's scala-library version: 3.3.3[0m
2024.09.25 19:16:02 INFO  no build target found for /home/jackcui/Arch/trace/workbench/Zeonica-Validation/Core/src/main/scala/Part/Comm.scala. Using presentation compiler with project's scala-library version: 3.3.3[0m
2024.09.25 19:16:02 INFO  no build target found for /home/jackcui/Arch/trace/workbench/Zeonica-Validation/Core/src/main/scala/Part/Comm.scala. Using presentation compiler with project's scala-library version: 3.3.3[0m
2024.09.25 19:16:03 INFO  no build target found for /home/jackcui/Arch/trace/workbench/Zeonica-Validation/Core/src/main/scala/Part/Comm.scala. Using presentation compiler with project's scala-library version: 3.3.3[0m
2024.09.25 19:16:03 INFO  no build target found for /home/jackcui/Arch/trace/workbench/Zeonica-Validation/Core/src/main/scala/Part/Comm.scala. Using presentation compiler with project's scala-library version: 3.3.3[0m
2024.09.25 19:16:03 INFO  no build target found for /home/jackcui/Arch/trace/workbench/Zeonica-Validation/Core/src/main/scala/Part/Comm.scala. Using presentation compiler with project's scala-library version: 3.3.3[0m
2024.09.25 19:16:04 INFO  no build target found for /home/jackcui/Arch/trace/workbench/Zeonica-Validation/Core/src/main/scala/Part/Comm.scala. Using presentation compiler with project's scala-library version: 3.3.3[0m
2024.09.25 19:16:03 INFO  no build target found for /home/jackcui/Arch/trace/workbench/Zeonica-Validation/Core/src/main/scala/Part/Comm.scala. Using presentation compiler with project's scala-library version: 3.3.3[0m
2024.09.25 19:16:04 INFO  no build target found for /home/jackcui/Arch/trace/workbench/Zeonica-Validation/Core/src/main/scala/Part/Comm.scala. Using presentation compiler with project's scala-library version: 3.3.3[0m
2024.09.25 19:16:05 INFO  no build target found for /home/jackcui/Arch/trace/workbench/Zeonica-Validation/Core/src/main/scala/Part/Comm.scala. Using presentation compiler with project's scala-library version: 3.3.3[0m
2024.09.25 19:16:05 INFO  no build target found for /home/jackcui/Arch/trace/workbench/Zeonica-Validation/Core/src/main/scala/Part/Comm.scala. Using presentation compiler with project's scala-library version: 3.3.3[0m
2024.09.25 19:16:05 INFO  no build target found for /home/jackcui/Arch/trace/workbench/Zeonica-Validation/Core/src/main/scala/Part/Comm.scala. Using presentation compiler with project's scala-library version: 3.3.3[0m
2024.09.25 19:16:05 INFO  no build target found for /home/jackcui/Arch/trace/workbench/Zeonica-Validation/Core/src/main/scala/Part/Comm.scala. Using presentation compiler with project's scala-library version: 3.3.3[0m
2024.09.25 19:16:05 INFO  no build target found for /home/jackcui/Arch/trace/workbench/Zeonica-Validation/Core/src/main/scala/Part/Comm.scala. Using presentation compiler with project's scala-library version: 3.3.3[0m
2024.09.25 19:16:05 INFO  no build target found for /home/jackcui/Arch/trace/workbench/Zeonica-Validation/Core/src/main/scala/Part/Comm.scala. Using presentation compiler with project's scala-library version: 3.3.3[0m
2024.09.25 19:16:05 INFO  no build target found for /home/jackcui/Arch/trace/workbench/Zeonica-Validation/Core/src/main/scala/Part/Comm.scala. Using presentation compiler with project's scala-library version: 3.3.3[0m
2024.09.25 19:16:05 INFO  no build target found for /home/jackcui/Arch/trace/workbench/Zeonica-Validation/Core/src/main/scala/Part/Comm.scala. Using presentation compiler with project's scala-library version: 3.3.3[0m
2024.09.25 19:16:05 INFO  no build target found for /home/jackcui/Arch/trace/workbench/Zeonica-Validation/Core/src/main/scala/Part/Comm.scala. Using presentation compiler with project's scala-library version: 3.3.3[0m
2024.09.25 19:16:06 INFO  no build target found for /home/jackcui/Arch/trace/workbench/Zeonica-Validation/Core/src/main/scala/Part/Comm.scala. Using presentation compiler with project's scala-library version: 3.3.3[0m
2024.09.25 19:16:07 INFO  no build target found for /home/jackcui/Arch/trace/workbench/Zeonica-Validation/Core/src/main/scala/Part/Comm.scala. Using presentation compiler with project's scala-library version: 3.3.3[0m
2024.09.25 19:16:07 INFO  no build target found for /home/jackcui/Arch/trace/workbench/Zeonica-Validation/Core/src/main/scala/Part/Comm.scala. Using presentation compiler with project's scala-library version: 3.3.3[0m
2024.09.25 19:16:08 INFO  no build target found for /home/jackcui/Arch/trace/workbench/Zeonica-Validation/Core/src/main/scala/Part/Comm.scala. Using presentation compiler with project's scala-library version: 3.3.3[0m
2024.09.25 19:16:08 INFO  no build target found for /home/jackcui/Arch/trace/workbench/Zeonica-Validation/Core/src/main/scala/Part/Comm.scala. Using presentation compiler with project's scala-library version: 3.3.3[0m
2024.09.25 19:16:08 INFO  no build target found for /home/jackcui/Arch/trace/workbench/Zeonica-Validation/Core/src/main/scala/Part/Comm.scala. Using presentation compiler with project's scala-library version: 3.3.3[0m
2024.09.25 19:16:09 INFO  no build target found for /home/jackcui/Arch/trace/workbench/Zeonica-Validation/Core/src/main/scala/Part/Comm.scala. Using presentation compiler with project's scala-library version: 3.3.3[0m
2024.09.25 19:16:09 INFO  no build target found for /home/jackcui/Arch/trace/workbench/Zeonica-Validation/Core/src/main/scala/Part/Comm.scala. Using presentation compiler with project's scala-library version: 3.3.3[0m
2024.09.25 19:16:09 INFO  no build target found for /home/jackcui/Arch/trace/workbench/Zeonica-Validation/Core/src/main/scala/Part/Comm.scala. Using presentation compiler with project's scala-library version: 3.3.3[0m
2024.09.25 19:16:09 INFO  no build target found for /home/jackcui/Arch/trace/workbench/Zeonica-Validation/Core/src/main/scala/Part/Comm.scala. Using presentation compiler with project's scala-library version: 3.3.3[0m
2024.09.25 19:16:09 INFO  no build target found for /home/jackcui/Arch/trace/workbench/Zeonica-Validation/Core/src/main/scala/Part/Comm.scala. Using presentation compiler with project's scala-library version: 3.3.3[0m
2024.09.25 19:16:10 INFO  no build target found for /home/jackcui/Arch/trace/workbench/Zeonica-Validation/Core/src/main/scala/Part/Comm.scala. Using presentation compiler with project's scala-library version: 3.3.3[0m
2024.09.25 19:16:09 INFO  no build target found for /home/jackcui/Arch/trace/workbench/Zeonica-Validation/Core/src/main/scala/Part/Comm.scala. Using presentation compiler with project's scala-library version: 3.3.3[0m
2024.09.25 19:16:09 INFO  no build target found for /home/jackcui/Arch/trace/workbench/Zeonica-Validation/Core/src/main/scala/Part/Comm.scala. Using presentation compiler with project's scala-library version: 3.3.3[0m
2024.09.25 19:16:09 INFO  no build target found for /home/jackcui/Arch/trace/workbench/Zeonica-Validation/Core/src/main/scala/Part/Comm.scala. Using presentation compiler with project's scala-library version: 3.3.3[0m
2024.09.25 19:16:09 INFO  no build target found for /home/jackcui/Arch/trace/workbench/Zeonica-Validation/Core/src/main/scala/Part/Comm.scala. Using presentation compiler with project's scala-library version: 3.3.3[0m
2024.09.25 19:16:09 INFO  no build target found for /home/jackcui/Arch/trace/workbench/Zeonica-Validation/Core/src/main/scala/Part/Comm.scala. Using presentation compiler with project's scala-library version: 3.3.3[0m
2024.09.25 19:16:09 INFO  no build target found for /home/jackcui/Arch/trace/workbench/Zeonica-Validation/Core/src/main/scala/Part/Comm.scala. Using presentation compiler with project's scala-library version: 3.3.3[0m
2024.09.25 19:16:11 INFO  no build target found for /home/jackcui/Arch/trace/workbench/Zeonica-Validation/Core/src/main/scala/Part/Comm.scala. Using presentation compiler with project's scala-library version: 3.3.3[0m
2024.09.25 19:16:11 INFO  no build target found for /home/jackcui/Arch/trace/workbench/Zeonica-Validation/Core/src/main/scala/Part/Comm.scala. Using presentation compiler with project's scala-library version: 3.3.3[0m
2024.09.25 19:16:11 INFO  no build target found for /home/jackcui/Arch/trace/workbench/Zeonica-Validation/Core/src/main/scala/Part/Comm.scala. Using presentation compiler with project's scala-library version: 3.3.3[0m
2024.09.25 19:16:11 INFO  no build target found for /home/jackcui/Arch/trace/workbench/Zeonica-Validation/Core/src/main/scala/Part/Comm.scala. Using presentation compiler with project's scala-library version: 3.3.3[0m
2024.09.25 19:16:11 INFO  no build target found for /home/jackcui/Arch/trace/workbench/Zeonica-Validation/Core/src/main/scala/Part/Comm.scala. Using presentation compiler with project's scala-library version: 3.3.3[0m
2024.09.25 19:16:11 INFO  no build target found for /home/jackcui/Arch/trace/workbench/Zeonica-Validation/Core/src/main/scala/Part/Comm.scala. Using presentation compiler with project's scala-library version: 3.3.3[0m
2024.09.25 19:16:11 INFO  no build target found for /home/jackcui/Arch/trace/workbench/Zeonica-Validation/Core/src/main/scala/Part/Comm.scala. Using presentation compiler with project's scala-library version: 3.3.3[0m
2024.09.25 19:16:11 INFO  no build target found for /home/jackcui/Arch/trace/workbench/Zeonica-Validation/Core/src/main/scala/Part/Comm.scala. Using presentation compiler with project's scala-library version: 3.3.3[0m
2024.09.25 19:16:11 INFO  no build target found for /home/jackcui/Arch/trace/workbench/Zeonica-Validation/Core/src/main/scala/Part/Comm.scala. Using presentation compiler with project's scala-library version: 3.3.3[0m
2024.09.25 19:16:11 INFO  no build target found for /home/jackcui/Arch/trace/workbench/Zeonica-Validation/Core/src/main/scala/Part/Comm.scala. Using presentation compiler with project's scala-library version: 3.3.3[0m
2024.09.25 19:16:12 INFO  no build target found for /home/jackcui/Arch/trace/workbench/Zeonica-Validation/Core/src/main/scala/Part/Comm.scala. Using presentation compiler with project's scala-library version: 3.3.3[0m
2024.09.25 19:16:11 INFO  no build target found for /home/jackcui/Arch/trace/workbench/Zeonica-Validation/Core/src/main/scala/Part/Comm.scala. Using presentation compiler with project's scala-library version: 3.3.3[0m
2024.09.25 19:16:12 INFO  no build target found for /home/jackcui/Arch/trace/workbench/Zeonica-Validation/Core/src/main/scala/Part/Comm.scala. Using presentation compiler with project's scala-library version: 3.3.3[0m
2024.09.25 19:16:12 INFO  no build target found for /home/jackcui/Arch/trace/workbench/Zeonica-Validation/Core/src/main/scala/Part/Comm.scala. Using presentation compiler with project's scala-library version: 3.3.3[0m
2024.09.25 19:16:13 INFO  no build target found for /home/jackcui/Arch/trace/workbench/Zeonica-Validation/Core/src/main/scala/Part/Comm.scala. Using presentation compiler with project's scala-library version: 3.3.3[0m
2024.09.25 19:16:12 INFO  no build target found for /home/jackcui/Arch/trace/workbench/Zeonica-Validation/Core/src/main/scala/Part/Comm.scala. Using presentation compiler with project's scala-library version: 3.3.3[0m
2024.09.25 19:16:13 INFO  no build target found for /home/jackcui/Arch/trace/workbench/Zeonica-Validation/Core/src/main/scala/Part/Comm.scala. Using presentation compiler with project's scala-library version: 3.3.3[0m
2024.09.25 19:16:14 INFO  no build target found for /home/jackcui/Arch/trace/workbench/Zeonica-Validation/Core/src/main/scala/Part/Comm.scala. Using presentation compiler with project's scala-library version: 3.3.3[0m
2024.09.25 19:16:14 INFO  no build target found for /home/jackcui/Arch/trace/workbench/Zeonica-Validation/Core/src/main/scala/Part/Comm.scala. Using presentation compiler with project's scala-library version: 3.3.3[0m
2024.09.25 19:16:14 INFO  no build target found for /home/jackcui/Arch/trace/workbench/Zeonica-Validation/Core/src/main/scala/Part/Comm.scala. Using presentation compiler with project's scala-library version: 3.3.3[0m
2024.09.25 19:16:14 INFO  no build target found for /home/jackcui/Arch/trace/workbench/Zeonica-Validation/Core/src/main/scala/Part/Comm.scala. Using presentation compiler with project's scala-library version: 3.3.3[0m
2024.09.25 19:16:15 INFO  no build target found for /home/jackcui/Arch/trace/workbench/Zeonica-Validation/Core/src/main/scala/Part/Comm.scala. Using presentation compiler with project's scala-library version: 3.3.3[0m
2024.09.25 19:16:15 INFO  no build target found for /home/jackcui/Arch/trace/workbench/Zeonica-Validation/Core/src/main/scala/Part/Comm.scala. Using presentation compiler with project's scala-library version: 3.3.3[0m
2024.09.25 19:16:15 INFO  no build target found for /home/jackcui/Arch/trace/workbench/Zeonica-Validation/Core/src/main/scala/Part/Comm.scala. Using presentation compiler with project's scala-library version: 3.3.3[0m
2024.09.25 19:16:15 INFO  no build target found for /home/jackcui/Arch/trace/workbench/Zeonica-Validation/Core/src/main/scala/Part/Comm.scala. Using presentation compiler with project's scala-library version: 3.3.3[0m
2024.09.25 19:16:17 INFO  no build target found for /home/jackcui/Arch/trace/workbench/Zeonica-Validation/Core/src/main/scala/Part/Comm.scala. Using presentation compiler with project's scala-library version: 3.3.3[0m
2024.09.25 19:16:17 INFO  no build target found for /home/jackcui/Arch/trace/workbench/Zeonica-Validation/Core/src/main/scala/Part/Comm.scala. Using presentation compiler with project's scala-library version: 3.3.3[0m
2024.09.25 19:16:17 INFO  no build target found for /home/jackcui/Arch/trace/workbench/Zeonica-Validation/Core/src/main/scala/Part/Comm.scala. Using presentation compiler with project's scala-library version: 3.3.3[0m
2024.09.25 19:16:18 INFO  no build target found for /home/jackcui/Arch/trace/workbench/Zeonica-Validation/Core/src/main/scala/Part/Comm.scala. Using presentation compiler with project's scala-library version: 3.3.3[0m
2024.09.25 19:16:18 INFO  no build target found for /home/jackcui/Arch/trace/workbench/Zeonica-Validation/Core/src/main/scala/Part/Comm.scala. Using presentation compiler with project's scala-library version: 3.3.3[0m
2024.09.25 19:16:18 INFO  no build target found for /home/jackcui/Arch/trace/workbench/Zeonica-Validation/Core/src/main/scala/Part/Comm.scala. Using presentation compiler with project's scala-library version: 3.3.3[0m
2024.09.25 19:16:18 INFO  no build target found for /home/jackcui/Arch/trace/workbench/Zeonica-Validation/Core/src/main/scala/Part/Comm.scala. Using presentation compiler with project's scala-library version: 3.3.3[0m
2024.09.25 19:16:18 INFO  no build target found for /home/jackcui/Arch/trace/workbench/Zeonica-Validation/Core/src/main/scala/Part/Comm.scala. Using presentation compiler with project's scala-library version: 3.3.3[0m
2024.09.25 19:16:18 INFO  no build target found for /home/jackcui/Arch/trace/workbench/Zeonica-Validation/Core/src/main/scala/Part/Comm.scala. Using presentation compiler with project's scala-library version: 3.3.3[0m
2024.09.25 19:16:19 INFO  no build target found for /home/jackcui/Arch/trace/workbench/Zeonica-Validation/Core/src/main/scala/Part/Comm.scala. Using presentation compiler with project's scala-library version: 3.3.3[0m
2024.09.25 19:16:18 INFO  no build target found for /home/jackcui/Arch/trace/workbench/Zeonica-Validation/Core/src/main/scala/Part/Comm.scala. Using presentation compiler with project's scala-library version: 3.3.3[0m
2024.09.25 19:16:18 INFO  no build target found for /home/jackcui/Arch/trace/workbench/Zeonica-Validation/Core/src/main/scala/Part/Comm.scala. Using presentation compiler with project's scala-library version: 3.3.3[0m
2024.09.25 19:16:18 INFO  no build target found for /home/jackcui/Arch/trace/workbench/Zeonica-Validation/Core/src/main/scala/Part/Comm.scala. Using presentation compiler with project's scala-library version: 3.3.3[0m
2024.09.25 19:16:18 INFO  no build target found for /home/jackcui/Arch/trace/workbench/Zeonica-Validation/Core/src/main/scala/Part/Comm.scala. Using presentation compiler with project's scala-library version: 3.3.3[0m
2024.09.25 19:16:18 INFO  no build target found for /home/jackcui/Arch/trace/workbench/Zeonica-Validation/Core/src/main/scala/Part/Comm.scala. Using presentation compiler with project's scala-library version: 3.3.3[0m
2024.09.25 19:16:18 INFO  no build target found for /home/jackcui/Arch/trace/workbench/Zeonica-Validation/Core/src/main/scala/Part/Comm.scala. Using presentation compiler with project's scala-library version: 3.3.3[0m
2024.09.25 19:16:20 INFO  no build target found for /home/jackcui/Arch/trace/workbench/Zeonica-Validation/Core/src/main/scala/Part/Comm.scala. Using presentation compiler with project's scala-library version: 3.3.3[0m
2024.09.25 19:16:20 WARN  no build target for: /home/jackcui/Arch/trace/workbench/Zeonica-Validation/Core/src/main/scala/Part/Comm.scala[0m
2024.09.25 19:16:20 ERROR /home/jackcui/Arch/trace/workbench/Zeonica-Validation/Core/src/main/scala/Part/Comm.scala
scala.meta.internal.tokenizers.package$UnexpectedInputEndException
	at scala.meta.internal.tokenizers.LegacyScanner.$anonfun$nextToken$1(LegacyScanner.scala:172)
	at scala.Function0.apply$mcV$sp(Function0.scala:42)
	at scala.meta.internal.tokenizers.LegacyScanner.scala$meta$internal$tokenizers$LegacyScanner$$nextToken(LegacyScanner.scala:178)
	at scala.meta.internal.tokenizers.LegacyScanner.nextToken(LegacyScanner.scala:172)
	at scala.meta.internal.mtags.ScalaToplevelMtags$XtensionScanner.mtagsNextToken(ScalaToplevelMtags.scala:72)
	at scala.meta.internal.mtags.ScalaToplevelMtags.loop(ScalaToplevelMtags.scala:500)
	at scala.meta.internal.mtags.ScalaToplevelMtags.indexRoot(ScalaToplevelMtags.scala:84)
	at scala.meta.internal.metals.SemanticdbDefinition$.foreachWithReturnMtags(SemanticdbDefinition.scala:81)
	at scala.meta.internal.metals.Indexer.indexSourceFile(Indexer.scala:595)
	at scala.meta.internal.metals.Indexer.$anonfun$reindexWorkspaceSources$3(Indexer.scala:693)
	at scala.meta.internal.metals.Indexer.$anonfun$reindexWorkspaceSources$3$adapted(Indexer.scala:690)
	at scala.collection.IterableOnceOps.foreach(IterableOnce.scala:619)
	at scala.collection.IterableOnceOps.foreach$(IterableOnce.scala:617)
	at scala.collection.AbstractIterator.foreach(Iterator.scala:1303)
	at scala.meta.internal.metals.Indexer.reindexWorkspaceSources(Indexer.scala:690)
	at scala.meta.internal.metals.MetalsLspService.$anonfun$onChange$2(MetalsLspService.scala:952)
	at scala.runtime.java8.JFunction0$mcV$sp.apply(JFunction0$mcV$sp.scala:18)
	at scala.concurrent.Future$.$anonfun$apply$1(Future.scala:687)
	at scala.concurrent.impl.Promise$Transformation.run(Promise.scala:467)
	at java.util.concurrent.ThreadPoolExecutor.runWorker(ThreadPoolExecutor.java:1136)
	at java.util.concurrent.ThreadPoolExecutor$Worker.run(ThreadPoolExecutor.java:635)
	at java.lang.Thread.run(Thread.java:840)
[0m
2024.09.25 19:16:38 INFO  no build target found for /home/jackcui/Arch/trace/workbench/Zeonica-Validation/Core/src/main/scala/Part/Comm.scala. Using presentation compiler with project's scala-library version: 3.3.3[0m
2024.09.25 19:16:38 INFO  no build target found for /home/jackcui/Arch/trace/workbench/Zeonica-Validation/Core/src/main/scala/Part/Comm.scala. Using presentation compiler with project's scala-library version: 3.3.3[0m
2024.09.25 19:16:38 INFO  no build target found for /home/jackcui/Arch/trace/workbench/Zeonica-Validation/Core/src/main/scala/Part/Comm.scala. Using presentation compiler with project's scala-library version: 3.3.3[0m
2024.09.25 19:16:39 INFO  no build target found for /home/jackcui/Arch/trace/workbench/Zeonica-Validation/Core/src/main/scala/Part/Comm.scala. Using presentation compiler with project's scala-library version: 3.3.3[0m
2024.09.25 19:16:39 INFO  no build target found for /home/jackcui/Arch/trace/workbench/Zeonica-Validation/Core/src/main/scala/Part/Comm.scala. Using presentation compiler with project's scala-library version: 3.3.3[0m
2024.09.25 19:16:39 INFO  no build target found for /home/jackcui/Arch/trace/workbench/Zeonica-Validation/Core/src/main/scala/Part/Comm.scala. Using presentation compiler with project's scala-library version: 3.3.3[0m
2024.09.25 19:16:39 INFO  no build target found for /home/jackcui/Arch/trace/workbench/Zeonica-Validation/Core/src/main/scala/Part/Comm.scala. Using presentation compiler with project's scala-library version: 3.3.3[0m
2024.09.25 19:16:39 INFO  no build target found for /home/jackcui/Arch/trace/workbench/Zeonica-Validation/Core/src/main/scala/Part/Comm.scala. Using presentation compiler with project's scala-library version: 3.3.3[0m
2024.09.25 19:16:39 INFO  no build target found for /home/jackcui/Arch/trace/workbench/Zeonica-Validation/Core/src/main/scala/Part/Comm.scala. Using presentation compiler with project's scala-library version: 3.3.3[0m
2024.09.25 19:16:40 INFO  no build target found for /home/jackcui/Arch/trace/workbench/Zeonica-Validation/Core/src/main/scala/Part/Comm.scala. Using presentation compiler with project's scala-library version: 3.3.3[0m
2024.09.25 19:16:40 INFO  no build target found for /home/jackcui/Arch/trace/workbench/Zeonica-Validation/Core/src/main/scala/Part/Comm.scala. Using presentation compiler with project's scala-library version: 3.3.3[0m
2024.09.25 19:16:40 INFO  no build target found for /home/jackcui/Arch/trace/workbench/Zeonica-Validation/Core/src/main/scala/Part/Comm.scala. Using presentation compiler with project's scala-library version: 3.3.3[0m
2024.09.25 19:16:40 INFO  no build target found for /home/jackcui/Arch/trace/workbench/Zeonica-Validation/Core/src/main/scala/Part/Comm.scala. Using presentation compiler with project's scala-library version: 3.3.3[0m
2024.09.25 19:16:40 INFO  no build target found for /home/jackcui/Arch/trace/workbench/Zeonica-Validation/Core/src/main/scala/Part/Comm.scala. Using presentation compiler with project's scala-library version: 3.3.3[0m
2024.09.25 19:16:41 INFO  no build target found for /home/jackcui/Arch/trace/workbench/Zeonica-Validation/Core/src/main/scala/Part/Comm.scala. Using presentation compiler with project's scala-library version: 3.3.3[0m
2024.09.25 19:16:42 WARN  no build target for: /home/jackcui/Arch/trace/workbench/Zeonica-Validation/Core/src/main/scala/Part/Comm.scala[0m
2024.09.25 19:16:42 ERROR /home/jackcui/Arch/trace/workbench/Zeonica-Validation/Core/src/main/scala/Part/Comm.scala
scala.meta.internal.tokenizers.package$UnexpectedInputEndException
	at scala.meta.internal.tokenizers.LegacyScanner.$anonfun$nextToken$1(LegacyScanner.scala:172)
	at scala.Function0.apply$mcV$sp(Function0.scala:42)
	at scala.meta.internal.tokenizers.LegacyScanner.scala$meta$internal$tokenizers$LegacyScanner$$nextToken(LegacyScanner.scala:178)
	at scala.meta.internal.tokenizers.LegacyScanner.nextToken(LegacyScanner.scala:172)
	at scala.meta.internal.mtags.ScalaToplevelMtags$XtensionScanner.mtagsNextToken(ScalaToplevelMtags.scala:72)
	at scala.meta.internal.mtags.ScalaToplevelMtags.loop(ScalaToplevelMtags.scala:500)
	at scala.meta.internal.mtags.ScalaToplevelMtags.indexRoot(ScalaToplevelMtags.scala:84)
	at scala.meta.internal.metals.SemanticdbDefinition$.foreachWithReturnMtags(SemanticdbDefinition.scala:81)
	at scala.meta.internal.metals.Indexer.indexSourceFile(Indexer.scala:595)
	at scala.meta.internal.metals.Indexer.$anonfun$reindexWorkspaceSources$3(Indexer.scala:693)
	at scala.meta.internal.metals.Indexer.$anonfun$reindexWorkspaceSources$3$adapted(Indexer.scala:690)
	at scala.collection.IterableOnceOps.foreach(IterableOnce.scala:619)
	at scala.collection.IterableOnceOps.foreach$(IterableOnce.scala:617)
	at scala.collection.AbstractIterator.foreach(Iterator.scala:1303)
	at scala.meta.internal.metals.Indexer.reindexWorkspaceSources(Indexer.scala:690)
	at scala.meta.internal.metals.MetalsLspService.$anonfun$onChange$2(MetalsLspService.scala:952)
	at scala.runtime.java8.JFunction0$mcV$sp.apply(JFunction0$mcV$sp.scala:18)
	at scala.concurrent.Future$.$anonfun$apply$1(Future.scala:687)
	at scala.concurrent.impl.Promise$Transformation.run(Promise.scala:467)
	at java.util.concurrent.ThreadPoolExecutor.runWorker(ThreadPoolExecutor.java:1136)
	at java.util.concurrent.ThreadPoolExecutor$Worker.run(ThreadPoolExecutor.java:635)
	at java.lang.Thread.run(Thread.java:840)
[0m
Sep 25, 2024 7:16:42 PM org.eclipse.lsp4j.jsonrpc.RemoteEndpoint fallbackResponseError
SEVERE: Internal error: An unexpected exception occurred while executing jsonrpc method public abstract java.util.concurrent.CompletableFuture scala.meta.metals.lsp.TextDocumentService.definition(org.eclipse.lsp4j.TextDocumentPositionParams)
java.lang.IllegalStateException: An unexpected exception occurred while executing jsonrpc method public abstract java.util.concurrent.CompletableFuture scala.meta.metals.lsp.TextDocumentService.definition(org.eclipse.lsp4j.TextDocumentPositionParams)
	at org.eclipse.lsp4j.jsonrpc.services.GenericEndpoint.lambda$recursiveFindRpcMethods$0(GenericEndpoint.java:73)
	at org.eclipse.lsp4j.jsonrpc.services.GenericEndpoint.request(GenericEndpoint.java:128)
	at org.eclipse.lsp4j.jsonrpc.RemoteEndpoint.handleRequest(RemoteEndpoint.java:271)
	at org.eclipse.lsp4j.jsonrpc.RemoteEndpoint.consume(RemoteEndpoint.java:201)
	at org.eclipse.lsp4j.jsonrpc.json.StreamMessageProducer.handleMessage(StreamMessageProducer.java:185)
	at org.eclipse.lsp4j.jsonrpc.json.StreamMessageProducer.listen(StreamMessageProducer.java:97)
	at org.eclipse.lsp4j.jsonrpc.json.ConcurrentMessageProcessor.run(ConcurrentMessageProcessor.java:114)
	at java.base/java.util.concurrent.Executors$RunnableAdapter.call(Executors.java:539)
	at java.base/java.util.concurrent.FutureTask.run(FutureTask.java:264)
	at java.base/java.util.concurrent.ThreadPoolExecutor.runWorker(ThreadPoolExecutor.java:1136)
	at java.base/java.util.concurrent.ThreadPoolExecutor$Worker.run(ThreadPoolExecutor.java:635)
	at java.base/java.lang.Thread.run(Thread.java:840)
Caused by: scala.meta.internal.tokenizers.package$UnexpectedInputEndException
	at scala.meta.internal.tokenizers.LegacyScanner.$anonfun$nextToken$1(LegacyScanner.scala:172)
	at scala.Function0.apply$mcV$sp(Function0.scala:42)
	at scala.meta.internal.tokenizers.LegacyScanner.scala$meta$internal$tokenizers$LegacyScanner$$nextToken(LegacyScanner.scala:178)
	at scala.meta.internal.tokenizers.LegacyScanner.nextToken(LegacyScanner.scala:172)
	at scala.meta.internal.mtags.ScalaToplevelMtags$XtensionScanner.mtagsNextToken(ScalaToplevelMtags.scala:72)
	at scala.meta.internal.mtags.ScalaToplevelMtags.loop(ScalaToplevelMtags.scala:500)
	at scala.meta.internal.mtags.ScalaToplevelMtags.indexRoot(ScalaToplevelMtags.scala:84)
	at scala.meta.internal.mtags.MtagsIndexer.index(MtagsIndexer.scala:21)
	at scala.meta.internal.mtags.MtagsIndexer.index$(MtagsIndexer.scala:20)
	at scala.meta.internal.mtags.ScalaToplevelMtags.index(ScalaToplevelMtags.scala:44)
	at scala.meta.internal.mtags.Mtags$.allToplevels(Mtags.scala:154)
	at scala.meta.internal.metals.DefinitionProvider.fromMtags(DefinitionProvider.scala:405)
	at scala.meta.internal.metals.DefinitionProvider.$anonfun$positionOccurrence$4(DefinitionProvider.scala:324)
	at scala.Option.orElse(Option.scala:477)
	at scala.meta.internal.metals.DefinitionProvider.$anonfun$positionOccurrence$1(DefinitionProvider.scala:324)
	at scala.Option.flatMap(Option.scala:283)
	at scala.meta.internal.metals.DefinitionProvider.positionOccurrence(DefinitionProvider.scala:316)
	at scala.meta.internal.metals.MetalsLspService.$anonfun$definitionOrReferences$1(MetalsLspService.scala:1654)
	at scala.Option.map(Option.scala:242)
	at scala.meta.internal.metals.MetalsLspService.definitionOrReferences(MetalsLspService.scala:1650)
	at scala.meta.internal.metals.MetalsLspService.$anonfun$definition$1(MetalsLspService.scala:979)
	at scala.meta.internal.metals.CancelTokens$.future(CancelTokens.scala:38)
	at scala.meta.internal.metals.MetalsLspService.definition(MetalsLspService.scala:978)
	at scala.meta.internal.metals.WorkspaceLspService.definition(WorkspaceLspService.scala:425)
	at scala.meta.metals.lsp.DelegatingScalaService.definition(DelegatingScalaService.scala:69)
	at java.base/jdk.internal.reflect.NativeMethodAccessorImpl.invoke0(Native Method)
	at java.base/jdk.internal.reflect.NativeMethodAccessorImpl.invoke(NativeMethodAccessorImpl.java:77)
	at java.base/jdk.internal.reflect.DelegatingMethodAccessorImpl.invoke(DelegatingMethodAccessorImpl.java:43)
	at java.base/java.lang.reflect.Method.invoke(Method.java:569)
	at org.eclipse.lsp4j.jsonrpc.services.GenericEndpoint.lambda$recursiveFindRpcMethods$0(GenericEndpoint.java:65)
	... 11 more

2024.09.25 19:17:02 INFO  no build target found for /home/jackcui/Arch/trace/workbench/Zeonica-Validation/Core/src/main/scala/Part/Comm.scala. Using presentation compiler with project's scala-library version: 3.3.3[0m
2024.09.25 19:17:02 INFO  no build target found for /home/jackcui/Arch/trace/workbench/Zeonica-Validation/Core/src/main/scala/Part/Comm.scala. Using presentation compiler with project's scala-library version: 3.3.3[0m
2024.09.25 19:17:02 INFO  no build target found for /home/jackcui/Arch/trace/workbench/Zeonica-Validation/Core/src/main/scala/Part/Comm.scala. Using presentation compiler with project's scala-library version: 3.3.3[0m
2024.09.25 19:17:07 INFO  no build target found for /home/jackcui/Arch/trace/workbench/Zeonica-Validation/Core/src/main/scala/Part/Comm.scala. Using presentation compiler with project's scala-library version: 3.3.3[0m
2024.09.25 19:17:07 INFO  no build target found for /home/jackcui/Arch/trace/workbench/Zeonica-Validation/Core/src/main/scala/Part/Comm.scala. Using presentation compiler with project's scala-library version: 3.3.3[0m
2024.09.25 19:17:07 INFO  no build target found for /home/jackcui/Arch/trace/workbench/Zeonica-Validation/Core/src/main/scala/Part/Comm.scala. Using presentation compiler with project's scala-library version: 3.3.3[0m
2024.09.25 19:17:07 INFO  no build target found for /home/jackcui/Arch/trace/workbench/Zeonica-Validation/Core/src/main/scala/Part/Comm.scala. Using presentation compiler with project's scala-library version: 3.3.3[0m
2024.09.25 19:17:07 INFO  no build target found for /home/jackcui/Arch/trace/workbench/Zeonica-Validation/Core/src/main/scala/Part/Comm.scala. Using presentation compiler with project's scala-library version: 3.3.3[0m
2024.09.25 19:17:07 INFO  no build target found for /home/jackcui/Arch/trace/workbench/Zeonica-Validation/Core/src/main/scala/Part/Comm.scala. Using presentation compiler with project's scala-library version: 3.3.3[0m
2024.09.25 19:17:08 INFO  no build target found for /home/jackcui/Arch/trace/workbench/Zeonica-Validation/Core/src/main/scala/Part/Comm.scala. Using presentation compiler with project's scala-library version: 3.3.3[0m
2024.09.25 19:17:07 INFO  no build target found for /home/jackcui/Arch/trace/workbench/Zeonica-Validation/Core/src/main/scala/Part/Comm.scala. Using presentation compiler with project's scala-library version: 3.3.3[0m
2024.09.25 19:17:07 INFO  no build target found for /home/jackcui/Arch/trace/workbench/Zeonica-Validation/Core/src/main/scala/Part/Comm.scala. Using presentation compiler with project's scala-library version: 3.3.3[0m
2024.09.25 19:17:09 INFO  no build target found for /home/jackcui/Arch/trace/workbench/Zeonica-Validation/Core/src/main/scala/Part/Comm.scala. Using presentation compiler with project's scala-library version: 3.3.3[0m
2024.09.25 19:17:09 INFO  no build target found for /home/jackcui/Arch/trace/workbench/Zeonica-Validation/Core/src/main/scala/Part/Comm.scala. Using presentation compiler with project's scala-library version: 3.3.3[0m
2024.09.25 19:17:09 INFO  no build target found for /home/jackcui/Arch/trace/workbench/Zeonica-Validation/Core/src/main/scala/Part/Comm.scala. Using presentation compiler with project's scala-library version: 3.3.3[0m
2024.09.25 19:17:09 INFO  no build target found for /home/jackcui/Arch/trace/workbench/Zeonica-Validation/Core/src/main/scala/Part/Comm.scala. Using presentation compiler with project's scala-library version: 3.3.3[0m
2024.09.25 19:17:09 INFO  no build target found for /home/jackcui/Arch/trace/workbench/Zeonica-Validation/Core/src/main/scala/Part/Comm.scala. Using presentation compiler with project's scala-library version: 3.3.3[0m
2024.09.25 19:17:10 INFO  no build target found for /home/jackcui/Arch/trace/workbench/Zeonica-Validation/Core/src/main/scala/Part/Comm.scala. Using presentation compiler with project's scala-library version: 3.3.3[0m
2024.09.25 19:17:10 INFO  no build target found for /home/jackcui/Arch/trace/workbench/Zeonica-Validation/Core/src/main/scala/Part/Comm.scala. Using presentation compiler with project's scala-library version: 3.3.3[0m
2024.09.25 19:17:10 INFO  no build target found for /home/jackcui/Arch/trace/workbench/Zeonica-Validation/Core/src/main/scala/Part/Comm.scala. Using presentation compiler with project's scala-library version: 3.3.3[0m
2024.09.25 19:17:10 INFO  no build target found for /home/jackcui/Arch/trace/workbench/Zeonica-Validation/Core/src/main/scala/Part/Comm.scala. Using presentation compiler with project's scala-library version: 3.3.3[0m
2024.09.25 19:17:10 INFO  no build target found for /home/jackcui/Arch/trace/workbench/Zeonica-Validation/Core/src/main/scala/Part/Comm.scala. Using presentation compiler with project's scala-library version: 3.3.3[0m
2024.09.25 19:17:10 INFO  no build target found for /home/jackcui/Arch/trace/workbench/Zeonica-Validation/Core/src/main/scala/Part/Comm.scala. Using presentation compiler with project's scala-library version: 3.3.3[0m
2024.09.25 19:17:11 INFO  no build target found for /home/jackcui/Arch/trace/workbench/Zeonica-Validation/Core/src/main/scala/Part/Comm.scala. Using presentation compiler with project's scala-library version: 3.3.3[0m
2024.09.25 19:17:12 INFO  no build target found for /home/jackcui/Arch/trace/workbench/Zeonica-Validation/Core/src/main/scala/Part/Comm.scala. Using presentation compiler with project's scala-library version: 3.3.3[0m
2024.09.25 19:17:12 INFO  no build target found for /home/jackcui/Arch/trace/workbench/Zeonica-Validation/Core/src/main/scala/Part/Comm.scala. Using presentation compiler with project's scala-library version: 3.3.3[0m
2024.09.25 19:17:12 INFO  no build target found for /home/jackcui/Arch/trace/workbench/Zeonica-Validation/Core/src/main/scala/Part/Comm.scala. Using presentation compiler with project's scala-library version: 3.3.3[0m
2024.09.25 19:17:12 INFO  no build target found for /home/jackcui/Arch/trace/workbench/Zeonica-Validation/Core/src/main/scala/Part/Comm.scala. Using presentation compiler with project's scala-library version: 3.3.3[0m
2024.09.25 19:17:12 INFO  no build target found for /home/jackcui/Arch/trace/workbench/Zeonica-Validation/Core/src/main/scala/Part/Comm.scala. Using presentation compiler with project's scala-library version: 3.3.3[0m
2024.09.25 19:17:12 INFO  no build target found for /home/jackcui/Arch/trace/workbench/Zeonica-Validation/Core/src/main/scala/Part/Comm.scala. Using presentation compiler with project's scala-library version: 3.3.3[0m
2024.09.25 19:17:12 INFO  no build target found for /home/jackcui/Arch/trace/workbench/Zeonica-Validation/Core/src/main/scala/Part/Comm.scala. Using presentation compiler with project's scala-library version: 3.3.3[0m
2024.09.25 19:17:13 INFO  no build target found for /home/jackcui/Arch/trace/workbench/Zeonica-Validation/Core/src/main/scala/Part/Comm.scala. Using presentation compiler with project's scala-library version: 3.3.3[0m
2024.09.25 19:17:13 INFO  no build target found for /home/jackcui/Arch/trace/workbench/Zeonica-Validation/Core/src/main/scala/Part/Comm.scala. Using presentation compiler with project's scala-library version: 3.3.3[0m
2024.09.25 19:17:13 INFO  no build target found for /home/jackcui/Arch/trace/workbench/Zeonica-Validation/Core/src/main/scala/Part/Comm.scala. Using presentation compiler with project's scala-library version: 3.3.3[0m
2024.09.25 19:17:13 INFO  no build target found for /home/jackcui/Arch/trace/workbench/Zeonica-Validation/Core/src/main/scala/Part/Comm.scala. Using presentation compiler with project's scala-library version: 3.3.3[0m
2024.09.25 19:17:13 INFO  no build target found for /home/jackcui/Arch/trace/workbench/Zeonica-Validation/Core/src/main/scala/Part/Comm.scala. Using presentation compiler with project's scala-library version: 3.3.3[0m
2024.09.25 19:17:13 INFO  no build target found for /home/jackcui/Arch/trace/workbench/Zeonica-Validation/Core/src/main/scala/Part/Comm.scala. Using presentation compiler with project's scala-library version: 3.3.3[0m
2024.09.25 19:17:14 INFO  no build target found for /home/jackcui/Arch/trace/workbench/Zeonica-Validation/Core/src/main/scala/Part/Comm.scala. Using presentation compiler with project's scala-library version: 3.3.3[0m
2024.09.25 19:17:15 INFO  no build target found for /home/jackcui/Arch/trace/workbench/Zeonica-Validation/Core/src/main/scala/Part/Comm.scala. Using presentation compiler with project's scala-library version: 3.3.3[0m
2024.09.25 19:17:15 INFO  no build target found for /home/jackcui/Arch/trace/workbench/Zeonica-Validation/Core/src/main/scala/Part/Comm.scala. Using presentation compiler with project's scala-library version: 3.3.3[0m
2024.09.25 19:17:15 INFO  no build target found for /home/jackcui/Arch/trace/workbench/Zeonica-Validation/Core/src/main/scala/Part/Comm.scala. Using presentation compiler with project's scala-library version: 3.3.3[0m
2024.09.25 19:17:17 INFO  no build target found for /home/jackcui/Arch/trace/workbench/Zeonica-Validation/Core/src/main/scala/Part/Comm.scala. Using presentation compiler with project's scala-library version: 3.3.3[0m
2024.09.25 19:17:17 INFO  no build target found for /home/jackcui/Arch/trace/workbench/Zeonica-Validation/Core/src/main/scala/Part/Comm.scala. Using presentation compiler with project's scala-library version: 3.3.3[0m
2024.09.25 19:17:17 INFO  no build target found for /home/jackcui/Arch/trace/workbench/Zeonica-Validation/Core/src/main/scala/Part/Comm.scala. Using presentation compiler with project's scala-library version: 3.3.3[0m
2024.09.25 19:17:17 INFO  no build target found for /home/jackcui/Arch/trace/workbench/Zeonica-Validation/Core/src/main/scala/Part/Comm.scala. Using presentation compiler with project's scala-library version: 3.3.3[0m
2024.09.25 19:17:17 INFO  no build target found for /home/jackcui/Arch/trace/workbench/Zeonica-Validation/Core/src/main/scala/Part/Comm.scala. Using presentation compiler with project's scala-library version: 3.3.3[0m
2024.09.25 19:17:18 INFO  no build target found for /home/jackcui/Arch/trace/workbench/Zeonica-Validation/Core/src/main/scala/Part/Comm.scala. Using presentation compiler with project's scala-library version: 3.3.3[0m
2024.09.25 19:17:18 INFO  no build target found for /home/jackcui/Arch/trace/workbench/Zeonica-Validation/Core/src/main/scala/Part/Comm.scala. Using presentation compiler with project's scala-library version: 3.3.3[0m
Sep 25, 2024 7:17:18 PM org.eclipse.lsp4j.jsonrpc.RemoteEndpoint handleCancellation
WARNING: Unmatched cancel notification for request id 730
2024.09.25 19:17:18 INFO  no build target found for /home/jackcui/Arch/trace/workbench/Zeonica-Validation/Core/src/main/scala/Part/Comm.scala. Using presentation compiler with project's scala-library version: 3.3.3[0m
2024.09.25 19:17:18 INFO  no build target found for /home/jackcui/Arch/trace/workbench/Zeonica-Validation/Core/src/main/scala/Part/Comm.scala. Using presentation compiler with project's scala-library version: 3.3.3[0m
2024.09.25 19:17:18 INFO  no build target found for /home/jackcui/Arch/trace/workbench/Zeonica-Validation/Core/src/main/scala/Part/Comm.scala. Using presentation compiler with project's scala-library version: 3.3.3[0m
2024.09.25 19:17:18 INFO  no build target found for /home/jackcui/Arch/trace/workbench/Zeonica-Validation/Core/src/main/scala/Part/Comm.scala. Using presentation compiler with project's scala-library version: 3.3.3[0m
2024.09.25 19:17:18 INFO  no build target found for /home/jackcui/Arch/trace/workbench/Zeonica-Validation/Core/src/main/scala/Part/Comm.scala. Using presentation compiler with project's scala-library version: 3.3.3[0m
2024.09.25 19:17:19 INFO  no build target found for /home/jackcui/Arch/trace/workbench/Zeonica-Validation/Core/src/main/scala/Part/Comm.scala. Using presentation compiler with project's scala-library version: 3.3.3[0m
2024.09.25 19:17:19 INFO  no build target found for /home/jackcui/Arch/trace/workbench/Zeonica-Validation/Core/src/main/scala/Part/Comm.scala. Using presentation compiler with project's scala-library version: 3.3.3[0m
2024.09.25 19:17:19 INFO  no build target found for /home/jackcui/Arch/trace/workbench/Zeonica-Validation/Core/src/main/scala/Part/Comm.scala. Using presentation compiler with project's scala-library version: 3.3.3[0m
2024.09.25 19:17:20 INFO  no build target found for /home/jackcui/Arch/trace/workbench/Zeonica-Validation/Core/src/main/scala/Part/Comm.scala. Using presentation compiler with project's scala-library version: 3.3.3[0m
2024.09.25 19:17:21 INFO  no build target found for /home/jackcui/Arch/trace/workbench/Zeonica-Validation/Core/src/main/scala/Part/Comm.scala. Using presentation compiler with project's scala-library version: 3.3.3[0m
2024.09.25 19:17:21 INFO  no build target found for /home/jackcui/Arch/trace/workbench/Zeonica-Validation/Core/src/main/scala/Part/Comm.scala. Using presentation compiler with project's scala-library version: 3.3.3[0m
2024.09.25 19:17:21 INFO  no build target found for /home/jackcui/Arch/trace/workbench/Zeonica-Validation/Core/src/main/scala/Part/Comm.scala. Using presentation compiler with project's scala-library version: 3.3.3[0m
2024.09.25 19:17:21 INFO  no build target found for /home/jackcui/Arch/trace/workbench/Zeonica-Validation/Core/src/main/scala/Part/Comm.scala. Using presentation compiler with project's scala-library version: 3.3.3[0m
2024.09.25 19:17:22 INFO  no build target found for /home/jackcui/Arch/trace/workbench/Zeonica-Validation/Core/src/main/scala/Part/Comm.scala. Using presentation compiler with project's scala-library version: 3.3.3[0m
2024.09.25 19:17:22 INFO  no build target found for /home/jackcui/Arch/trace/workbench/Zeonica-Validation/Core/src/main/scala/Part/Comm.scala. Using presentation compiler with project's scala-library version: 3.3.3[0m
2024.09.25 19:17:21 INFO  no build target found for /home/jackcui/Arch/trace/workbench/Zeonica-Validation/Core/src/main/scala/Part/Comm.scala. Using presentation compiler with project's scala-library version: 3.3.3[0m
2024.09.25 19:17:23 INFO  no build target found for /home/jackcui/Arch/trace/workbench/Zeonica-Validation/Core/src/main/scala/Part/Comm.scala. Using presentation compiler with project's scala-library version: 3.3.3[0m
2024.09.25 19:17:23 INFO  no build target found for /home/jackcui/Arch/trace/workbench/Zeonica-Validation/Core/src/main/scala/Part/Comm.scala. Using presentation compiler with project's scala-library version: 3.3.3[0m
2024.09.25 19:17:23 INFO  no build target found for /home/jackcui/Arch/trace/workbench/Zeonica-Validation/Core/src/main/scala/Part/Comm.scala. Using presentation compiler with project's scala-library version: 3.3.3[0m
2024.09.25 19:17:24 INFO  no build target found for /home/jackcui/Arch/trace/workbench/Zeonica-Validation/Core/src/main/scala/Part/Comm.scala. Using presentation compiler with project's scala-library version: 3.3.3[0m
2024.09.25 19:17:27 INFO  no build target found for /home/jackcui/Arch/trace/workbench/Zeonica-Validation/Core/src/main/scala/Part/Comm.scala. Using presentation compiler with project's scala-library version: 3.3.3[0m
2024.09.25 19:17:27 INFO  no build target found for /home/jackcui/Arch/trace/workbench/Zeonica-Validation/Core/src/main/scala/Part/Comm.scala. Using presentation compiler with project's scala-library version: 3.3.3[0m
2024.09.25 19:17:27 INFO  no build target found for /home/jackcui/Arch/trace/workbench/Zeonica-Validation/Core/src/main/scala/Part/Comm.scala. Using presentation compiler with project's scala-library version: 3.3.3[0m
2024.09.25 19:17:27 INFO  no build target found for /home/jackcui/Arch/trace/workbench/Zeonica-Validation/Core/src/main/scala/Part/Comm.scala. Using presentation compiler with project's scala-library version: 3.3.3[0m
2024.09.25 19:17:28 INFO  no build target found for /home/jackcui/Arch/trace/workbench/Zeonica-Validation/Core/src/main/scala/Part/Comm.scala. Using presentation compiler with project's scala-library version: 3.3.3[0m
2024.09.25 19:17:28 INFO  no build target found for /home/jackcui/Arch/trace/workbench/Zeonica-Validation/Core/src/main/scala/Part/Comm.scala. Using presentation compiler with project's scala-library version: 3.3.3[0m
2024.09.25 19:17:28 INFO  no build target found for /home/jackcui/Arch/trace/workbench/Zeonica-Validation/Core/src/main/scala/Part/Comm.scala. Using presentation compiler with project's scala-library version: 3.3.3[0m
2024.09.25 19:17:29 INFO  no build target found for /home/jackcui/Arch/trace/workbench/Zeonica-Validation/Core/src/main/scala/Part/Comm.scala. Using presentation compiler with project's scala-library version: 3.3.3[0m
2024.09.25 19:17:29 INFO  no build target found for /home/jackcui/Arch/trace/workbench/Zeonica-Validation/Core/src/main/scala/Part/Comm.scala. Using presentation compiler with project's scala-library version: 3.3.3[0m
2024.09.25 19:17:29 INFO  no build target found for /home/jackcui/Arch/trace/workbench/Zeonica-Validation/Core/src/main/scala/Part/Comm.scala. Using presentation compiler with project's scala-library version: 3.3.3[0m
2024.09.25 19:17:30 INFO  no build target found for /home/jackcui/Arch/trace/workbench/Zeonica-Validation/Core/src/main/scala/Part/Comm.scala. Using presentation compiler with project's scala-library version: 3.3.3[0m
2024.09.25 19:17:30 INFO  no build target found for /home/jackcui/Arch/trace/workbench/Zeonica-Validation/Core/src/main/scala/Part/Comm.scala. Using presentation compiler with project's scala-library version: 3.3.3[0m
2024.09.25 19:17:30 INFO  no build target found for /home/jackcui/Arch/trace/workbench/Zeonica-Validation/Core/src/main/scala/Part/Comm.scala. Using presentation compiler with project's scala-library version: 3.3.3[0m
2024.09.25 19:17:32 INFO  no build target found for /home/jackcui/Arch/trace/workbench/Zeonica-Validation/Core/src/main/scala/Part/Comm.scala. Using presentation compiler with project's scala-library version: 3.3.3[0m
2024.09.25 19:17:32 INFO  no build target found for /home/jackcui/Arch/trace/workbench/Zeonica-Validation/Core/src/main/scala/Part/Comm.scala. Using presentation compiler with project's scala-library version: 3.3.3[0m
2024.09.25 19:17:32 INFO  no build target found for /home/jackcui/Arch/trace/workbench/Zeonica-Validation/Core/src/main/scala/Part/Comm.scala. Using presentation compiler with project's scala-library version: 3.3.3[0m
2024.09.25 19:17:32 INFO  no build target found for /home/jackcui/Arch/trace/workbench/Zeonica-Validation/Core/src/main/scala/Part/Comm.scala. Using presentation compiler with project's scala-library version: 3.3.3[0m
2024.09.25 19:17:35 INFO  no build target found for /home/jackcui/Arch/trace/workbench/Zeonica-Validation/Core/src/main/scala/Part/Comm.scala. Using presentation compiler with project's scala-library version: 3.3.3[0m
2024.09.25 19:17:35 INFO  no build target found for /home/jackcui/Arch/trace/workbench/Zeonica-Validation/Core/src/main/scala/Part/Comm.scala. Using presentation compiler with project's scala-library version: 3.3.3[0m
2024.09.25 19:17:35 INFO  no build target found for /home/jackcui/Arch/trace/workbench/Zeonica-Validation/Core/src/main/scala/Part/Comm.scala. Using presentation compiler with project's scala-library version: 3.3.3[0m
2024.09.25 19:17:35 INFO  no build target found for /home/jackcui/Arch/trace/workbench/Zeonica-Validation/Core/src/main/scala/Part/Comm.scala. Using presentation compiler with project's scala-library version: 3.3.3[0m
2024.09.25 19:17:35 INFO  no build target found for /home/jackcui/Arch/trace/workbench/Zeonica-Validation/Core/src/main/scala/Part/Comm.scala. Using presentation compiler with project's scala-library version: 3.3.3[0m
2024.09.25 19:17:35 INFO  no build target found for /home/jackcui/Arch/trace/workbench/Zeonica-Validation/Core/src/main/scala/Part/Comm.scala. Using presentation compiler with project's scala-library version: 3.3.3[0m
2024.09.25 19:17:36 INFO  no build target found for /home/jackcui/Arch/trace/workbench/Zeonica-Validation/Core/src/main/scala/Part/Comm.scala. Using presentation compiler with project's scala-library version: 3.3.3[0m
2024.09.25 19:17:36 INFO  no build target found for /home/jackcui/Arch/trace/workbench/Zeonica-Validation/Core/src/main/scala/Part/Comm.scala. Using presentation compiler with project's scala-library version: 3.3.3[0m
2024.09.25 19:17:36 INFO  no build target found for /home/jackcui/Arch/trace/workbench/Zeonica-Validation/Core/src/main/scala/Part/Comm.scala. Using presentation compiler with project's scala-library version: 3.3.3[0m
2024.09.25 19:17:36 INFO  no build target found for /home/jackcui/Arch/trace/workbench/Zeonica-Validation/Core/src/main/scala/Part/Comm.scala. Using presentation compiler with project's scala-library version: 3.3.3[0m
2024.09.25 19:17:37 INFO  no build target found for /home/jackcui/Arch/trace/workbench/Zeonica-Validation/Core/src/main/scala/Part/Comm.scala. Using presentation compiler with project's scala-library version: 3.3.3[0m
2024.09.25 19:17:38 WARN  no build target for: /home/jackcui/Arch/trace/workbench/Zeonica-Validation/Core/src/main/scala/Part/Comm.scala[0m
2024.09.25 19:17:38 ERROR /home/jackcui/Arch/trace/workbench/Zeonica-Validation/Core/src/main/scala/Part/Comm.scala
scala.meta.internal.tokenizers.package$UnexpectedInputEndException
	at scala.meta.internal.tokenizers.LegacyScanner.$anonfun$nextToken$1(LegacyScanner.scala:172)
	at scala.Function0.apply$mcV$sp(Function0.scala:42)
	at scala.meta.internal.tokenizers.LegacyScanner.scala$meta$internal$tokenizers$LegacyScanner$$nextToken(LegacyScanner.scala:178)
	at scala.meta.internal.tokenizers.LegacyScanner.nextToken(LegacyScanner.scala:172)
	at scala.meta.internal.mtags.ScalaToplevelMtags$XtensionScanner.mtagsNextToken(ScalaToplevelMtags.scala:72)
	at scala.meta.internal.mtags.ScalaToplevelMtags.loop(ScalaToplevelMtags.scala:500)
	at scala.meta.internal.mtags.ScalaToplevelMtags.indexRoot(ScalaToplevelMtags.scala:84)
	at scala.meta.internal.metals.SemanticdbDefinition$.foreachWithReturnMtags(SemanticdbDefinition.scala:81)
	at scala.meta.internal.metals.Indexer.indexSourceFile(Indexer.scala:595)
	at scala.meta.internal.metals.Indexer.$anonfun$reindexWorkspaceSources$3(Indexer.scala:693)
	at scala.meta.internal.metals.Indexer.$anonfun$reindexWorkspaceSources$3$adapted(Indexer.scala:690)
	at scala.collection.IterableOnceOps.foreach(IterableOnce.scala:619)
	at scala.collection.IterableOnceOps.foreach$(IterableOnce.scala:617)
	at scala.collection.AbstractIterator.foreach(Iterator.scala:1303)
	at scala.meta.internal.metals.Indexer.reindexWorkspaceSources(Indexer.scala:690)
	at scala.meta.internal.metals.MetalsLspService.$anonfun$onChange$2(MetalsLspService.scala:952)
	at scala.runtime.java8.JFunction0$mcV$sp.apply(JFunction0$mcV$sp.scala:18)
	at scala.concurrent.Future$.$anonfun$apply$1(Future.scala:687)
	at scala.concurrent.impl.Promise$Transformation.run(Promise.scala:467)
	at java.util.concurrent.ThreadPoolExecutor.runWorker(ThreadPoolExecutor.java:1136)
	at java.util.concurrent.ThreadPoolExecutor$Worker.run(ThreadPoolExecutor.java:635)
	at java.lang.Thread.run(Thread.java:840)
[0m
2024.09.25 19:17:40 INFO  no build target found for /home/jackcui/Arch/trace/workbench/Zeonica-Validation/Core/src/main/scala/Part/Comm.scala. Using presentation compiler with project's scala-library version: 3.3.3[0m
2024.09.25 19:17:40 INFO  no build target found for /home/jackcui/Arch/trace/workbench/Zeonica-Validation/Core/src/main/scala/Part/Comm.scala. Using presentation compiler with project's scala-library version: 3.3.3[0m
2024.09.25 19:17:44 INFO  no build target found for /home/jackcui/Arch/trace/workbench/Zeonica-Validation/Core/src/main/scala/Part/Comm.scala. Using presentation compiler with project's scala-library version: 3.3.3[0m
2024.09.25 19:17:44 INFO  no build target found for /home/jackcui/Arch/trace/workbench/Zeonica-Validation/Core/src/main/scala/Part/Comm.scala. Using presentation compiler with project's scala-library version: 3.3.3[0m
2024.09.25 19:17:44 INFO  no build target found for /home/jackcui/Arch/trace/workbench/Zeonica-Validation/Core/src/main/scala/Part/Comm.scala. Using presentation compiler with project's scala-library version: 3.3.3[0m
2024.09.25 19:17:47 INFO  no build target found for /home/jackcui/Arch/trace/workbench/Zeonica-Validation/Core/src/main/scala/Part/Comm.scala. Using presentation compiler with project's scala-library version: 3.3.3[0m
2024.09.25 19:17:47 INFO  no build target found for /home/jackcui/Arch/trace/workbench/Zeonica-Validation/Core/src/main/scala/Part/Comm.scala. Using presentation compiler with project's scala-library version: 3.3.3[0m
2024.09.25 19:17:47 INFO  no build target found for /home/jackcui/Arch/trace/workbench/Zeonica-Validation/Core/src/main/scala/Part/Comm.scala. Using presentation compiler with project's scala-library version: 3.3.3[0m
2024.09.25 19:17:49 INFO  no build target found for /home/jackcui/Arch/trace/workbench/Zeonica-Validation/Core/src/main/scala/Part/Comm.scala. Using presentation compiler with project's scala-library version: 3.3.3[0m
2024.09.25 19:17:49 INFO  no build target found for /home/jackcui/Arch/trace/workbench/Zeonica-Validation/Core/src/main/scala/Part/Comm.scala. Using presentation compiler with project's scala-library version: 3.3.3[0m
2024.09.25 19:17:49 INFO  no build target found for /home/jackcui/Arch/trace/workbench/Zeonica-Validation/Core/src/main/scala/Part/Comm.scala. Using presentation compiler with project's scala-library version: 3.3.3[0m
2024.09.25 19:17:49 INFO  no build target found for /home/jackcui/Arch/trace/workbench/Zeonica-Validation/Core/src/main/scala/Part/Comm.scala. Using presentation compiler with project's scala-library version: 3.3.3[0m
2024.09.25 19:17:49 INFO  no build target found for /home/jackcui/Arch/trace/workbench/Zeonica-Validation/Core/src/main/scala/Part/Comm.scala. Using presentation compiler with project's scala-library version: 3.3.3[0m
2024.09.25 19:17:49 INFO  no build target found for /home/jackcui/Arch/trace/workbench/Zeonica-Validation/Core/src/main/scala/Part/Comm.scala. Using presentation compiler with project's scala-library version: 3.3.3[0m
2024.09.25 19:17:50 INFO  no build target found for /home/jackcui/Arch/trace/workbench/Zeonica-Validation/Core/src/main/scala/Part/Comm.scala. Using presentation compiler with project's scala-library version: 3.3.3[0m
2024.09.25 19:17:50 INFO  no build target found for /home/jackcui/Arch/trace/workbench/Zeonica-Validation/Core/src/main/scala/Part/Comm.scala. Using presentation compiler with project's scala-library version: 3.3.3[0m
2024.09.25 19:17:50 INFO  no build target found for /home/jackcui/Arch/trace/workbench/Zeonica-Validation/Core/src/main/scala/Part/Comm.scala. Using presentation compiler with project's scala-library version: 3.3.3[0m
2024.09.25 19:17:50 INFO  no build target found for /home/jackcui/Arch/trace/workbench/Zeonica-Validation/Core/src/main/scala/Part/Comm.scala. Using presentation compiler with project's scala-library version: 3.3.3[0m
2024.09.25 19:17:51 INFO  no build target found for /home/jackcui/Arch/trace/workbench/Zeonica-Validation/Core/src/main/scala/Part/Comm.scala. Using presentation compiler with project's scala-library version: 3.3.3[0m
2024.09.25 19:17:50 INFO  no build target found for /home/jackcui/Arch/trace/workbench/Zeonica-Validation/Core/src/main/scala/Part/Comm.scala. Using presentation compiler with project's scala-library version: 3.3.3[0m
2024.09.25 19:17:51 INFO  no build target found for /home/jackcui/Arch/trace/workbench/Zeonica-Validation/Core/src/main/scala/Part/Comm.scala. Using presentation compiler with project's scala-library version: 3.3.3[0m
2024.09.25 19:18:01 INFO  no build target found for /home/jackcui/Arch/trace/workbench/Zeonica-Validation/Core/src/main/scala/Part/Comm.scala. Using presentation compiler with project's scala-library version: 3.3.3[0m
2024.09.25 19:18:02 INFO  no build target found for /home/jackcui/Arch/trace/workbench/Zeonica-Validation/Core/src/main/scala/Part/Comm.scala. Using presentation compiler with project's scala-library version: 3.3.3[0m
2024.09.25 19:18:01 INFO  no build target found for /home/jackcui/Arch/trace/workbench/Zeonica-Validation/Core/src/main/scala/Part/Comm.scala. Using presentation compiler with project's scala-library version: 3.3.3[0m
2024.09.25 19:18:01 INFO  no build target found for /home/jackcui/Arch/trace/workbench/Zeonica-Validation/Core/src/main/scala/Part/Comm.scala. Using presentation compiler with project's scala-library version: 3.3.3[0m
2024.09.25 19:18:02 INFO  no build target found for /home/jackcui/Arch/trace/workbench/Zeonica-Validation/Core/src/main/scala/Part/Comm.scala. Using presentation compiler with project's scala-library version: 3.3.3[0m
2024.09.25 19:18:02 INFO  no build target found for /home/jackcui/Arch/trace/workbench/Zeonica-Validation/Core/src/main/scala/Part/Comm.scala. Using presentation compiler with project's scala-library version: 3.3.3[0m
2024.09.25 19:18:02 INFO  no build target found for /home/jackcui/Arch/trace/workbench/Zeonica-Validation/Core/src/main/scala/Part/Comm.scala. Using presentation compiler with project's scala-library version: 3.3.3[0m
2024.09.25 19:18:02 INFO  no build target found for /home/jackcui/Arch/trace/workbench/Zeonica-Validation/Core/src/main/scala/Part/Comm.scala. Using presentation compiler with project's scala-library version: 3.3.3[0m
Sep 25, 2024 7:18:03 PM org.eclipse.lsp4j.jsonrpc.RemoteEndpoint handleCancellation
WARNING: Unmatched cancel notification for request id 908
2024.09.25 19:18:02 INFO  no build target found for /home/jackcui/Arch/trace/workbench/Zeonica-Validation/Core/src/main/scala/Part/Comm.scala. Using presentation compiler with project's scala-library version: 3.3.3[0m
2024.09.25 19:18:03 INFO  no build target found for /home/jackcui/Arch/trace/workbench/Zeonica-Validation/Core/src/main/scala/Part/Comm.scala. Using presentation compiler with project's scala-library version: 3.3.3[0m
2024.09.25 19:18:03 INFO  no build target found for /home/jackcui/Arch/trace/workbench/Zeonica-Validation/Core/src/main/scala/Part/Comm.scala. Using presentation compiler with project's scala-library version: 3.3.3[0m
2024.09.25 19:18:03 INFO  no build target found for /home/jackcui/Arch/trace/workbench/Zeonica-Validation/Core/src/main/scala/Part/Comm.scala. Using presentation compiler with project's scala-library version: 3.3.3[0m
2024.09.25 19:18:03 INFO  no build target found for /home/jackcui/Arch/trace/workbench/Zeonica-Validation/Core/src/main/scala/Part/Comm.scala. Using presentation compiler with project's scala-library version: 3.3.3[0m
2024.09.25 19:18:04 INFO  no build target found for /home/jackcui/Arch/trace/workbench/Zeonica-Validation/Core/src/main/scala/Part/Comm.scala. Using presentation compiler with project's scala-library version: 3.3.3[0m
2024.09.25 19:18:05 INFO  no build target found for /home/jackcui/Arch/trace/workbench/Zeonica-Validation/Core/src/main/scala/Part/Comm.scala. Using presentation compiler with project's scala-library version: 3.3.3[0m
2024.09.25 19:18:05 INFO  no build target found for /home/jackcui/Arch/trace/workbench/Zeonica-Validation/Core/src/main/scala/Part/Comm.scala. Using presentation compiler with project's scala-library version: 3.3.3[0m
2024.09.25 19:18:05 WARN  no build target for: /home/jackcui/Arch/trace/workbench/Zeonica-Validation/Core/src/main/scala/Part/Comm.scala[0m
2024.09.25 19:18:05 ERROR /home/jackcui/Arch/trace/workbench/Zeonica-Validation/Core/src/main/scala/Part/Comm.scala
scala.meta.internal.tokenizers.package$UnexpectedInputEndException
	at scala.meta.internal.tokenizers.LegacyScanner.$anonfun$nextToken$1(LegacyScanner.scala:172)
	at scala.Function0.apply$mcV$sp(Function0.scala:42)
	at scala.meta.internal.tokenizers.LegacyScanner.scala$meta$internal$tokenizers$LegacyScanner$$nextToken(LegacyScanner.scala:178)
	at scala.meta.internal.tokenizers.LegacyScanner.nextToken(LegacyScanner.scala:172)
	at scala.meta.internal.mtags.ScalaToplevelMtags$XtensionScanner.mtagsNextToken(ScalaToplevelMtags.scala:72)
	at scala.meta.internal.mtags.ScalaToplevelMtags.loop(ScalaToplevelMtags.scala:500)
	at scala.meta.internal.mtags.ScalaToplevelMtags.indexRoot(ScalaToplevelMtags.scala:84)
	at scala.meta.internal.metals.SemanticdbDefinition$.foreachWithReturnMtags(SemanticdbDefinition.scala:81)
	at scala.meta.internal.metals.Indexer.indexSourceFile(Indexer.scala:595)
	at scala.meta.internal.metals.Indexer.$anonfun$reindexWorkspaceSources$3(Indexer.scala:693)
	at scala.meta.internal.metals.Indexer.$anonfun$reindexWorkspaceSources$3$adapted(Indexer.scala:690)
	at scala.collection.IterableOnceOps.foreach(IterableOnce.scala:619)
	at scala.collection.IterableOnceOps.foreach$(IterableOnce.scala:617)
	at scala.collection.AbstractIterator.foreach(Iterator.scala:1303)
	at scala.meta.internal.metals.Indexer.reindexWorkspaceSources(Indexer.scala:690)
	at scala.meta.internal.metals.MetalsLspService.$anonfun$onChange$2(MetalsLspService.scala:952)
	at scala.runtime.java8.JFunction0$mcV$sp.apply(JFunction0$mcV$sp.scala:18)
	at scala.concurrent.Future$.$anonfun$apply$1(Future.scala:687)
	at scala.concurrent.impl.Promise$Transformation.run(Promise.scala:467)
	at java.util.concurrent.ThreadPoolExecutor.runWorker(ThreadPoolExecutor.java:1136)
	at java.util.concurrent.ThreadPoolExecutor$Worker.run(ThreadPoolExecutor.java:635)
	at java.lang.Thread.run(Thread.java:840)
[0m
2024.09.25 19:18:06 INFO  no build target found for /home/jackcui/Arch/trace/workbench/Zeonica-Validation/Core/src/main/scala/Part/Comm.scala. Using presentation compiler with project's scala-library version: 3.3.3[0m
2024.09.25 19:18:06 INFO  no build target found for /home/jackcui/Arch/trace/workbench/Zeonica-Validation/Core/src/main/scala/Part/Comm.scala. Using presentation compiler with project's scala-library version: 3.3.3[0m
2024.09.25 19:18:06 INFO  no build target found for /home/jackcui/Arch/trace/workbench/Zeonica-Validation/Core/src/main/scala/Part/Comm.scala. Using presentation compiler with project's scala-library version: 3.3.3[0m
2024.09.25 19:18:06 INFO  no build target found for /home/jackcui/Arch/trace/workbench/Zeonica-Validation/Core/src/main/scala/Part/Comm.scala. Using presentation compiler with project's scala-library version: 3.3.3[0m
2024.09.25 19:18:07 INFO  no build target found for /home/jackcui/Arch/trace/workbench/Zeonica-Validation/Core/src/main/scala/Part/Comm.scala. Using presentation compiler with project's scala-library version: 3.3.3[0m
2024.09.25 19:18:06 INFO  no build target found for /home/jackcui/Arch/trace/workbench/Zeonica-Validation/Core/src/main/scala/Part/Comm.scala. Using presentation compiler with project's scala-library version: 3.3.3[0m
2024.09.25 19:18:07 INFO  no build target found for /home/jackcui/Arch/trace/workbench/Zeonica-Validation/Core/src/main/scala/Part/Comm.scala. Using presentation compiler with project's scala-library version: 3.3.3[0m
2024.09.25 19:18:15 INFO  no build target found for /home/jackcui/Arch/trace/workbench/Zeonica-Validation/Core/src/main/scala/Part/Comm.scala. Using presentation compiler with project's scala-library version: 3.3.3[0m
2024.09.25 19:18:15 INFO  no build target found for /home/jackcui/Arch/trace/workbench/Zeonica-Validation/Core/src/main/scala/Part/Comm.scala. Using presentation compiler with project's scala-library version: 3.3.3[0m
2024.09.25 19:18:15 INFO  no build target found for /home/jackcui/Arch/trace/workbench/Zeonica-Validation/Core/src/main/scala/Part/Comm.scala. Using presentation compiler with project's scala-library version: 3.3.3[0m
2024.09.25 19:18:15 INFO  no build target found for /home/jackcui/Arch/trace/workbench/Zeonica-Validation/Core/src/main/scala/Part/Comm.scala. Using presentation compiler with project's scala-library version: 3.3.3[0m
2024.09.25 19:18:15 INFO  no build target found for /home/jackcui/Arch/trace/workbench/Zeonica-Validation/Core/src/main/scala/Part/Comm.scala. Using presentation compiler with project's scala-library version: 3.3.3[0m
2024.09.25 19:18:15 INFO  no build target found for /home/jackcui/Arch/trace/workbench/Zeonica-Validation/Core/src/main/scala/Part/Comm.scala. Using presentation compiler with project's scala-library version: 3.3.3[0m
2024.09.25 19:18:15 INFO  no build target found for /home/jackcui/Arch/trace/workbench/Zeonica-Validation/Core/src/main/scala/Part/Comm.scala. Using presentation compiler with project's scala-library version: 3.3.3[0m
2024.09.25 19:18:15 INFO  no build target found for /home/jackcui/Arch/trace/workbench/Zeonica-Validation/Core/src/main/scala/Part/Comm.scala. Using presentation compiler with project's scala-library version: 3.3.3[0m
2024.09.25 19:18:15 INFO  no build target found for /home/jackcui/Arch/trace/workbench/Zeonica-Validation/Core/src/main/scala/Part/Comm.scala. Using presentation compiler with project's scala-library version: 3.3.3[0m
2024.09.25 19:18:15 INFO  no build target found for /home/jackcui/Arch/trace/workbench/Zeonica-Validation/Core/src/main/scala/Part/Comm.scala. Using presentation compiler with project's scala-library version: 3.3.3[0m
2024.09.25 19:18:16 INFO  no build target found for /home/jackcui/Arch/trace/workbench/Zeonica-Validation/Core/src/main/scala/Part/Comm.scala. Using presentation compiler with project's scala-library version: 3.3.3[0m
2024.09.25 19:18:16 INFO  no build target found for /home/jackcui/Arch/trace/workbench/Zeonica-Validation/Core/src/main/scala/Part/Comm.scala. Using presentation compiler with project's scala-library version: 3.3.3[0m
2024.09.25 19:18:16 INFO  no build target found for /home/jackcui/Arch/trace/workbench/Zeonica-Validation/Core/src/main/scala/Part/Comm.scala. Using presentation compiler with project's scala-library version: 3.3.3[0m
2024.09.25 19:18:16 INFO  no build target found for /home/jackcui/Arch/trace/workbench/Zeonica-Validation/Core/src/main/scala/Part/Comm.scala. Using presentation compiler with project's scala-library version: 3.3.3[0m
2024.09.25 19:18:17 INFO  no build target found for /home/jackcui/Arch/trace/workbench/Zeonica-Validation/Core/src/main/scala/Part/Comm.scala. Using presentation compiler with project's scala-library version: 3.3.3[0m
2024.09.25 19:18:16 INFO  no build target found for /home/jackcui/Arch/trace/workbench/Zeonica-Validation/Core/src/main/scala/Part/Comm.scala. Using presentation compiler with project's scala-library version: 3.3.3[0m
2024.09.25 19:18:16 INFO  no build target found for /home/jackcui/Arch/trace/workbench/Zeonica-Validation/Core/src/main/scala/Part/Comm.scala. Using presentation compiler with project's scala-library version: 3.3.3[0m
2024.09.25 19:18:16 INFO  no build target found for /home/jackcui/Arch/trace/workbench/Zeonica-Validation/Core/src/main/scala/Part/Comm.scala. Using presentation compiler with project's scala-library version: 3.3.3[0m
2024.09.25 19:18:16 INFO  no build target found for /home/jackcui/Arch/trace/workbench/Zeonica-Validation/Core/src/main/scala/Part/Comm.scala. Using presentation compiler with project's scala-library version: 3.3.3[0m
2024.09.25 19:18:16 INFO  no build target found for /home/jackcui/Arch/trace/workbench/Zeonica-Validation/Core/src/main/scala/Part/Comm.scala. Using presentation compiler with project's scala-library version: 3.3.3[0m
2024.09.25 19:18:17 INFO  no build target found for /home/jackcui/Arch/trace/workbench/Zeonica-Validation/Core/src/main/scala/Part/Comm.scala. Using presentation compiler with project's scala-library version: 3.3.3[0m
2024.09.25 19:18:18 INFO  no build target found for /home/jackcui/Arch/trace/workbench/Zeonica-Validation/Core/src/main/scala/Part/Comm.scala. Using presentation compiler with project's scala-library version: 3.3.3[0m
2024.09.25 19:18:18 INFO  no build target found for /home/jackcui/Arch/trace/workbench/Zeonica-Validation/Core/src/main/scala/Part/Comm.scala. Using presentation compiler with project's scala-library version: 3.3.3[0m
2024.09.25 19:18:18 INFO  no build target found for /home/jackcui/Arch/trace/workbench/Zeonica-Validation/Core/src/main/scala/Part/Comm.scala. Using presentation compiler with project's scala-library version: 3.3.3[0m
2024.09.25 19:18:17 INFO  no build target found for /home/jackcui/Arch/trace/workbench/Zeonica-Validation/Core/src/main/scala/Part/Comm.scala. Using presentation compiler with project's scala-library version: 3.3.3[0m
2024.09.25 19:18:18 INFO  no build target found for /home/jackcui/Arch/trace/workbench/Zeonica-Validation/Core/src/main/scala/Part/Comm.scala. Using presentation compiler with project's scala-library version: 3.3.3[0m
2024.09.25 19:18:18 INFO  no build target found for /home/jackcui/Arch/trace/workbench/Zeonica-Validation/Core/src/main/scala/Part/Comm.scala. Using presentation compiler with project's scala-library version: 3.3.3[0m
2024.09.25 19:18:18 INFO  no build target found for /home/jackcui/Arch/trace/workbench/Zeonica-Validation/Core/src/main/scala/Part/Comm.scala. Using presentation compiler with project's scala-library version: 3.3.3[0m
2024.09.25 19:18:19 INFO  no build target found for /home/jackcui/Arch/trace/workbench/Zeonica-Validation/Core/src/main/scala/Part/Comm.scala. Using presentation compiler with project's scala-library version: 3.3.3[0m
2024.09.25 19:18:19 INFO  no build target found for /home/jackcui/Arch/trace/workbench/Zeonica-Validation/Core/src/main/scala/Part/Comm.scala. Using presentation compiler with project's scala-library version: 3.3.3[0m
2024.09.25 19:18:19 INFO  no build target found for /home/jackcui/Arch/trace/workbench/Zeonica-Validation/Core/src/main/scala/Part/Comm.scala. Using presentation compiler with project's scala-library version: 3.3.3[0m
2024.09.25 19:18:19 INFO  no build target found for /home/jackcui/Arch/trace/workbench/Zeonica-Validation/Core/src/main/scala/Part/Comm.scala. Using presentation compiler with project's scala-library version: 3.3.3[0m
2024.09.25 19:18:19 INFO  no build target found for /home/jackcui/Arch/trace/workbench/Zeonica-Validation/Core/src/main/scala/Part/Comm.scala. Using presentation compiler with project's scala-library version: 3.3.3[0m
2024.09.25 19:18:19 INFO  no build target found for /home/jackcui/Arch/trace/workbench/Zeonica-Validation/Core/src/main/scala/Part/Comm.scala. Using presentation compiler with project's scala-library version: 3.3.3[0m
2024.09.25 19:18:19 INFO  no build target found for /home/jackcui/Arch/trace/workbench/Zeonica-Validation/Core/src/main/scala/Part/Comm.scala. Using presentation compiler with project's scala-library version: 3.3.3[0m
2024.09.25 19:18:19 INFO  no build target found for /home/jackcui/Arch/trace/workbench/Zeonica-Validation/Core/src/main/scala/Part/Comm.scala. Using presentation compiler with project's scala-library version: 3.3.3[0m
2024.09.25 19:18:20 INFO  no build target found for /home/jackcui/Arch/trace/workbench/Zeonica-Validation/Core/src/main/scala/Part/Comm.scala. Using presentation compiler with project's scala-library version: 3.3.3[0m
2024.09.25 19:18:21 INFO  no build target found for /home/jackcui/Arch/trace/workbench/Zeonica-Validation/Core/src/main/scala/Part/Comm.scala. Using presentation compiler with project's scala-library version: 3.3.3[0m
2024.09.25 19:18:21 INFO  no build target found for /home/jackcui/Arch/trace/workbench/Zeonica-Validation/Core/src/main/scala/Part/Comm.scala. Using presentation compiler with project's scala-library version: 3.3.3[0m
2024.09.25 19:18:21 INFO  no build target found for /home/jackcui/Arch/trace/workbench/Zeonica-Validation/Core/src/main/scala/Part/Comm.scala. Using presentation compiler with project's scala-library version: 3.3.3[0m
2024.09.25 19:18:21 INFO  no build target found for /home/jackcui/Arch/trace/workbench/Zeonica-Validation/Core/src/main/scala/Part/Comm.scala. Using presentation compiler with project's scala-library version: 3.3.3[0m
2024.09.25 19:18:21 INFO  no build target found for /home/jackcui/Arch/trace/workbench/Zeonica-Validation/Core/src/main/scala/Part/Comm.scala. Using presentation compiler with project's scala-library version: 3.3.3[0m
2024.09.25 19:18:22 INFO  no build target found for /home/jackcui/Arch/trace/workbench/Zeonica-Validation/Core/src/main/scala/Part/Comm.scala. Using presentation compiler with project's scala-library version: 3.3.3[0m
2024.09.25 19:18:23 INFO  no build target found for /home/jackcui/Arch/trace/workbench/Zeonica-Validation/Core/src/main/scala/Part/Comm.scala. Using presentation compiler with project's scala-library version: 3.3.3[0m
2024.09.25 19:18:23 INFO  no build target found for /home/jackcui/Arch/trace/workbench/Zeonica-Validation/Core/src/main/scala/Part/Comm.scala. Using presentation compiler with project's scala-library version: 3.3.3[0m
2024.09.25 19:18:23 INFO  no build target found for /home/jackcui/Arch/trace/workbench/Zeonica-Validation/Core/src/main/scala/Part/Comm.scala. Using presentation compiler with project's scala-library version: 3.3.3[0m
2024.09.25 19:18:23 INFO  no build target found for /home/jackcui/Arch/trace/workbench/Zeonica-Validation/Core/src/main/scala/Part/Comm.scala. Using presentation compiler with project's scala-library version: 3.3.3[0m
2024.09.25 19:18:23 INFO  no build target found for /home/jackcui/Arch/trace/workbench/Zeonica-Validation/Core/src/main/scala/Part/Comm.scala. Using presentation compiler with project's scala-library version: 3.3.3[0m
2024.09.25 19:18:24 INFO  no build target found for /home/jackcui/Arch/trace/workbench/Zeonica-Validation/Core/src/main/scala/Part/Comm.scala. Using presentation compiler with project's scala-library version: 3.3.3[0m
2024.09.25 19:18:25 INFO  no build target found for /home/jackcui/Arch/trace/workbench/Zeonica-Validation/Core/src/main/scala/Part/Comm.scala. Using presentation compiler with project's scala-library version: 3.3.3[0m
2024.09.25 19:18:25 INFO  no build target found for /home/jackcui/Arch/trace/workbench/Zeonica-Validation/Core/src/main/scala/Part/Comm.scala. Using presentation compiler with project's scala-library version: 3.3.3[0m
2024.09.25 19:18:25 INFO  no build target found for /home/jackcui/Arch/trace/workbench/Zeonica-Validation/Core/src/main/scala/Part/Comm.scala. Using presentation compiler with project's scala-library version: 3.3.3[0m
2024.09.25 19:18:25 INFO  no build target found for /home/jackcui/Arch/trace/workbench/Zeonica-Validation/Core/src/main/scala/Part/Comm.scala. Using presentation compiler with project's scala-library version: 3.3.3[0m
2024.09.25 19:18:25 INFO  no build target found for /home/jackcui/Arch/trace/workbench/Zeonica-Validation/Core/src/main/scala/Part/Comm.scala. Using presentation compiler with project's scala-library version: 3.3.3[0m
2024.09.25 19:18:26 INFO  no build target found for /home/jackcui/Arch/trace/workbench/Zeonica-Validation/Core/src/main/scala/Part/Comm.scala. Using presentation compiler with project's scala-library version: 3.3.3[0m
2024.09.25 19:18:26 INFO  no build target found for /home/jackcui/Arch/trace/workbench/Zeonica-Validation/Core/src/main/scala/Part/Comm.scala. Using presentation compiler with project's scala-library version: 3.3.3[0m
2024.09.25 19:18:26 INFO  no build target found for /home/jackcui/Arch/trace/workbench/Zeonica-Validation/Core/src/main/scala/Part/Comm.scala. Using presentation compiler with project's scala-library version: 3.3.3[0m
2024.09.25 19:18:27 INFO  no build target found for /home/jackcui/Arch/trace/workbench/Zeonica-Validation/Core/src/main/scala/Part/Comm.scala. Using presentation compiler with project's scala-library version: 3.3.3[0m
2024.09.25 19:18:28 INFO  no build target found for /home/jackcui/Arch/trace/workbench/Zeonica-Validation/Core/src/main/scala/Part/Comm.scala. Using presentation compiler with project's scala-library version: 3.3.3[0m
2024.09.25 19:18:28 INFO  no build target found for /home/jackcui/Arch/trace/workbench/Zeonica-Validation/Core/src/main/scala/Part/Comm.scala. Using presentation compiler with project's scala-library version: 3.3.3[0m
2024.09.25 19:18:28 INFO  no build target found for /home/jackcui/Arch/trace/workbench/Zeonica-Validation/Core/src/main/scala/Part/Comm.scala. Using presentation compiler with project's scala-library version: 3.3.3[0m
2024.09.25 19:18:28 INFO  no build target found for /home/jackcui/Arch/trace/workbench/Zeonica-Validation/Core/src/main/scala/Part/Comm.scala. Using presentation compiler with project's scala-library version: 3.3.3[0m
2024.09.25 19:18:31 INFO  no build target found for /home/jackcui/Arch/trace/workbench/Zeonica-Validation/Core/src/main/scala/Part/Comm.scala. Using presentation compiler with project's scala-library version: 3.3.3[0m
2024.09.25 19:18:31 INFO  no build target found for /home/jackcui/Arch/trace/workbench/Zeonica-Validation/Core/src/main/scala/Part/Comm.scala. Using presentation compiler with project's scala-library version: 3.3.3[0m
2024.09.25 19:18:32 INFO  no build target found for /home/jackcui/Arch/trace/workbench/Zeonica-Validation/Core/src/main/scala/Part/Comm.scala. Using presentation compiler with project's scala-library version: 3.3.3[0m
2024.09.25 19:18:32 INFO  no build target found for /home/jackcui/Arch/trace/workbench/Zeonica-Validation/Core/src/main/scala/Part/Comm.scala. Using presentation compiler with project's scala-library version: 3.3.3[0m
2024.09.25 19:18:32 INFO  no build target found for /home/jackcui/Arch/trace/workbench/Zeonica-Validation/Core/src/main/scala/Part/Comm.scala. Using presentation compiler with project's scala-library version: 3.3.3[0m
2024.09.25 19:18:32 INFO  no build target found for /home/jackcui/Arch/trace/workbench/Zeonica-Validation/Core/src/main/scala/Part/Comm.scala. Using presentation compiler with project's scala-library version: 3.3.3[0m
2024.09.25 19:18:33 INFO  no build target found for /home/jackcui/Arch/trace/workbench/Zeonica-Validation/Core/src/main/scala/Part/Comm.scala. Using presentation compiler with project's scala-library version: 3.3.3[0m
2024.09.25 19:18:34 INFO  no build target found for /home/jackcui/Arch/trace/workbench/Zeonica-Validation/Core/src/main/scala/Part/Comm.scala. Using presentation compiler with project's scala-library version: 3.3.3[0m
2024.09.25 19:18:34 INFO  no build target found for /home/jackcui/Arch/trace/workbench/Zeonica-Validation/Core/src/main/scala/Part/Comm.scala. Using presentation compiler with project's scala-library version: 3.3.3[0m
2024.09.25 19:18:35 INFO  no build target found for /home/jackcui/Arch/trace/workbench/Zeonica-Validation/Core/src/main/scala/Part/Comm.scala. Using presentation compiler with project's scala-library version: 3.3.3[0m
2024.09.25 19:18:35 INFO  no build target found for /home/jackcui/Arch/trace/workbench/Zeonica-Validation/Core/src/main/scala/Part/Comm.scala. Using presentation compiler with project's scala-library version: 3.3.3[0m
2024.09.25 19:18:35 INFO  no build target found for /home/jackcui/Arch/trace/workbench/Zeonica-Validation/Core/src/main/scala/Part/Comm.scala. Using presentation compiler with project's scala-library version: 3.3.3[0m
2024.09.25 19:18:36 INFO  no build target found for /home/jackcui/Arch/trace/workbench/Zeonica-Validation/Core/src/main/scala/Part/Comm.scala. Using presentation compiler with project's scala-library version: 3.3.3[0m
2024.09.25 19:18:39 INFO  no build target found for /home/jackcui/Arch/trace/workbench/Zeonica-Validation/Core/src/main/scala/Part/Comm.scala. Using presentation compiler with project's scala-library version: 3.3.3[0m
2024.09.25 19:18:39 INFO  no build target found for /home/jackcui/Arch/trace/workbench/Zeonica-Validation/Core/src/main/scala/Part/Comm.scala. Using presentation compiler with project's scala-library version: 3.3.3[0m
2024.09.25 19:18:39 INFO  no build target found for /home/jackcui/Arch/trace/workbench/Zeonica-Validation/Core/src/main/scala/Part/Comm.scala. Using presentation compiler with project's scala-library version: 3.3.3[0m
2024.09.25 19:18:40 INFO  no build target found for /home/jackcui/Arch/trace/workbench/Zeonica-Validation/Core/src/main/scala/Part/Comm.scala. Using presentation compiler with project's scala-library version: 3.3.3[0m
2024.09.25 19:18:40 INFO  no build target found for /home/jackcui/Arch/trace/workbench/Zeonica-Validation/Core/src/main/scala/Part/Comm.scala. Using presentation compiler with project's scala-library version: 3.3.3[0m
2024.09.25 19:18:40 INFO  no build target found for /home/jackcui/Arch/trace/workbench/Zeonica-Validation/Core/src/main/scala/Part/Comm.scala. Using presentation compiler with project's scala-library version: 3.3.3[0m
2024.09.25 19:18:40 INFO  no build target found for /home/jackcui/Arch/trace/workbench/Zeonica-Validation/Core/src/main/scala/Part/Comm.scala. Using presentation compiler with project's scala-library version: 3.3.3[0m
2024.09.25 19:18:41 INFO  no build target found for /home/jackcui/Arch/trace/workbench/Zeonica-Validation/Core/src/main/scala/Part/Comm.scala. Using presentation compiler with project's scala-library version: 3.3.3[0m
2024.09.25 19:18:43 INFO  no build target found for /home/jackcui/Arch/trace/workbench/Zeonica-Validation/Core/src/main/scala/Part/Comm.scala. Using presentation compiler with project's scala-library version: 3.3.3[0m
2024.09.25 19:18:45 INFO  no build target found for /home/jackcui/Arch/trace/workbench/Zeonica-Validation/Core/src/main/scala/Part/Comm.scala. Using presentation compiler with project's scala-library version: 3.3.3[0m
2024.09.25 19:18:45 INFO  no build target found for /home/jackcui/Arch/trace/workbench/Zeonica-Validation/Core/src/main/scala/Part/Comm.scala. Using presentation compiler with project's scala-library version: 3.3.3[0m
2024.09.25 19:18:45 INFO  no build target found for /home/jackcui/Arch/trace/workbench/Zeonica-Validation/Core/src/main/scala/Part/Comm.scala. Using presentation compiler with project's scala-library version: 3.3.3[0m
2024.09.25 19:18:45 INFO  no build target found for /home/jackcui/Arch/trace/workbench/Zeonica-Validation/Core/src/main/scala/Part/Comm.scala. Using presentation compiler with project's scala-library version: 3.3.3[0m
2024.09.25 19:18:47 INFO  no build target found for /home/jackcui/Arch/trace/workbench/Zeonica-Validation/Core/src/main/scala/Part/Comm.scala. Using presentation compiler with project's scala-library version: 3.3.3[0m
2024.09.25 19:18:47 INFO  no build target found for /home/jackcui/Arch/trace/workbench/Zeonica-Validation/Core/src/main/scala/Part/Comm.scala. Using presentation compiler with project's scala-library version: 3.3.3[0m
2024.09.25 19:18:47 INFO  no build target found for /home/jackcui/Arch/trace/workbench/Zeonica-Validation/Core/src/main/scala/Part/Comm.scala. Using presentation compiler with project's scala-library version: 3.3.3[0m
2024.09.25 19:18:47 INFO  no build target found for /home/jackcui/Arch/trace/workbench/Zeonica-Validation/Core/src/main/scala/Part/Comm.scala. Using presentation compiler with project's scala-library version: 3.3.3[0m
2024.09.25 19:18:48 INFO  no build target found for /home/jackcui/Arch/trace/workbench/Zeonica-Validation/Core/src/main/scala/Part/Comm.scala. Using presentation compiler with project's scala-library version: 3.3.3[0m
2024.09.25 19:18:48 INFO  no build target found for /home/jackcui/Arch/trace/workbench/Zeonica-Validation/Core/src/main/scala/Part/Comm.scala. Using presentation compiler with project's scala-library version: 3.3.3[0m
2024.09.25 19:18:48 INFO  no build target found for /home/jackcui/Arch/trace/workbench/Zeonica-Validation/Core/src/main/scala/Part/Comm.scala. Using presentation compiler with project's scala-library version: 3.3.3[0m
2024.09.25 19:18:50 INFO  no build target found for /home/jackcui/Arch/trace/workbench/Zeonica-Validation/Core/src/main/scala/Part/Comm.scala. Using presentation compiler with project's scala-library version: 3.3.3[0m
2024.09.25 19:18:51 INFO  no build target found for /home/jackcui/Arch/trace/workbench/Zeonica-Validation/Core/src/main/scala/Part/Comm.scala. Using presentation compiler with project's scala-library version: 3.3.3[0m
2024.09.25 19:18:51 INFO  no build target found for /home/jackcui/Arch/trace/workbench/Zeonica-Validation/Core/src/main/scala/Part/Comm.scala. Using presentation compiler with project's scala-library version: 3.3.3[0m
2024.09.25 19:18:53 INFO  no build target found for /home/jackcui/Arch/trace/workbench/Zeonica-Validation/Core/src/main/scala/Part/Comm.scala. Using presentation compiler with project's scala-library version: 3.3.3[0m
2024.09.25 19:18:53 INFO  no build target found for /home/jackcui/Arch/trace/workbench/Zeonica-Validation/Core/src/main/scala/Part/Comm.scala. Using presentation compiler with project's scala-library version: 3.3.3[0m
2024.09.25 19:18:55 INFO  no build target found for /home/jackcui/Arch/trace/workbench/Zeonica-Validation/Core/src/main/scala/Part/Comm.scala. Using presentation compiler with project's scala-library version: 3.3.3[0m
2024.09.25 19:18:55 INFO  no build target found for /home/jackcui/Arch/trace/workbench/Zeonica-Validation/Core/src/main/scala/Part/Comm.scala. Using presentation compiler with project's scala-library version: 3.3.3[0m
2024.09.25 19:18:55 INFO  no build target found for /home/jackcui/Arch/trace/workbench/Zeonica-Validation/Core/src/main/scala/Part/Comm.scala. Using presentation compiler with project's scala-library version: 3.3.3[0m
2024.09.25 19:18:55 INFO  no build target found for /home/jackcui/Arch/trace/workbench/Zeonica-Validation/Core/src/main/scala/Part/Comm.scala. Using presentation compiler with project's scala-library version: 3.3.3[0m
2024.09.25 19:18:55 INFO  no build target found for /home/jackcui/Arch/trace/workbench/Zeonica-Validation/Core/src/main/scala/Part/Comm.scala. Using presentation compiler with project's scala-library version: 3.3.3[0m
2024.09.25 19:18:57 INFO  no build target found for /home/jackcui/Arch/trace/workbench/Zeonica-Validation/Core/src/main/scala/Part/Comm.scala. Using presentation compiler with project's scala-library version: 3.3.3[0m
2024.09.25 19:18:57 INFO  no build target found for /home/jackcui/Arch/trace/workbench/Zeonica-Validation/Core/src/main/scala/Part/Comm.scala. Using presentation compiler with project's scala-library version: 3.3.3[0m
2024.09.25 19:18:59 INFO  no build target found for /home/jackcui/Arch/trace/workbench/Zeonica-Validation/Core/src/main/scala/Part/Comm.scala. Using presentation compiler with project's scala-library version: 3.3.3[0m
2024.09.25 19:18:59 INFO  no build target found for /home/jackcui/Arch/trace/workbench/Zeonica-Validation/Core/src/main/scala/Part/Comm.scala. Using presentation compiler with project's scala-library version: 3.3.3[0m
2024.09.25 19:18:59 INFO  no build target found for /home/jackcui/Arch/trace/workbench/Zeonica-Validation/Core/src/main/scala/Part/Comm.scala. Using presentation compiler with project's scala-library version: 3.3.3[0m
2024.09.25 19:18:59 WARN  no build target for: /home/jackcui/Arch/trace/workbench/Zeonica-Validation/Core/src/main/scala/Part/Comm.scala[0m
2024.09.25 19:19:00 ERROR /home/jackcui/Arch/trace/workbench/Zeonica-Validation/Core/src/main/scala/Part/Comm.scala
scala.meta.internal.tokenizers.package$UnexpectedInputEndException
	at scala.meta.internal.tokenizers.LegacyScanner.$anonfun$nextToken$1(LegacyScanner.scala:172)
	at scala.Function0.apply$mcV$sp(Function0.scala:42)
	at scala.meta.internal.tokenizers.LegacyScanner.scala$meta$internal$tokenizers$LegacyScanner$$nextToken(LegacyScanner.scala:178)
	at scala.meta.internal.tokenizers.LegacyScanner.nextToken(LegacyScanner.scala:172)
	at scala.meta.internal.mtags.ScalaToplevelMtags$XtensionScanner.mtagsNextToken(ScalaToplevelMtags.scala:72)
	at scala.meta.internal.mtags.ScalaToplevelMtags.loop(ScalaToplevelMtags.scala:500)
	at scala.meta.internal.mtags.ScalaToplevelMtags.indexRoot(ScalaToplevelMtags.scala:84)
	at scala.meta.internal.metals.SemanticdbDefinition$.foreachWithReturnMtags(SemanticdbDefinition.scala:81)
	at scala.meta.internal.metals.Indexer.indexSourceFile(Indexer.scala:595)
	at scala.meta.internal.metals.Indexer.$anonfun$reindexWorkspaceSources$3(Indexer.scala:693)
	at scala.meta.internal.metals.Indexer.$anonfun$reindexWorkspaceSources$3$adapted(Indexer.scala:690)
	at scala.collection.IterableOnceOps.foreach(IterableOnce.scala:619)
	at scala.collection.IterableOnceOps.foreach$(IterableOnce.scala:617)
	at scala.collection.AbstractIterator.foreach(Iterator.scala:1303)
	at scala.meta.internal.metals.Indexer.reindexWorkspaceSources(Indexer.scala:690)
	at scala.meta.internal.metals.MetalsLspService.$anonfun$onChange$2(MetalsLspService.scala:952)
	at scala.runtime.java8.JFunction0$mcV$sp.apply(JFunction0$mcV$sp.scala:18)
	at scala.concurrent.Future$.$anonfun$apply$1(Future.scala:687)
	at scala.concurrent.impl.Promise$Transformation.run(Promise.scala:467)
	at java.util.concurrent.ThreadPoolExecutor.runWorker(ThreadPoolExecutor.java:1136)
	at java.util.concurrent.ThreadPoolExecutor$Worker.run(ThreadPoolExecutor.java:635)
	at java.lang.Thread.run(Thread.java:840)
[0m
2024.09.25 19:19:01 INFO  no build target found for /home/jackcui/Arch/trace/workbench/Zeonica-Validation/Core/src/main/scala/Part/Comm.scala. Using presentation compiler with project's scala-library version: 3.3.3[0m
2024.09.25 19:19:01 INFO  no build target found for /home/jackcui/Arch/trace/workbench/Zeonica-Validation/Core/src/main/scala/Part/Comm.scala. Using presentation compiler with project's scala-library version: 3.3.3[0m
2024.09.25 19:19:01 INFO  no build target found for /home/jackcui/Arch/trace/workbench/Zeonica-Validation/Core/src/main/scala/Part/Comm.scala. Using presentation compiler with project's scala-library version: 3.3.3[0m
2024.09.25 19:19:02 INFO  no build target found for /home/jackcui/Arch/trace/workbench/Zeonica-Validation/Core/src/main/scala/Part/Comm.scala. Using presentation compiler with project's scala-library version: 3.3.3[0m
2024.09.25 19:19:02 INFO  no build target found for /home/jackcui/Arch/trace/workbench/Zeonica-Validation/Core/src/main/scala/Part/Comm.scala. Using presentation compiler with project's scala-library version: 3.3.3[0m
2024.09.25 19:19:02 INFO  no build target found for /home/jackcui/Arch/trace/workbench/Zeonica-Validation/Core/src/main/scala/Part/Comm.scala. Using presentation compiler with project's scala-library version: 3.3.3[0m
2024.09.25 19:19:02 INFO  no build target found for /home/jackcui/Arch/trace/workbench/Zeonica-Validation/Core/src/main/scala/Part/Comm.scala. Using presentation compiler with project's scala-library version: 3.3.3[0m
2024.09.25 19:19:04 INFO  no build target found for /home/jackcui/Arch/trace/workbench/Zeonica-Validation/Core/src/main/scala/Part/Comm.scala. Using presentation compiler with project's scala-library version: 3.3.3[0m
2024.09.25 19:19:04 INFO  no build target found for /home/jackcui/Arch/trace/workbench/Zeonica-Validation/Core/src/main/scala/Part/Comm.scala. Using presentation compiler with project's scala-library version: 3.3.3[0m
2024.09.25 19:19:04 INFO  no build target found for /home/jackcui/Arch/trace/workbench/Zeonica-Validation/Core/src/main/scala/Part/Comm.scala. Using presentation compiler with project's scala-library version: 3.3.3[0m
2024.09.25 19:19:04 INFO  no build target found for /home/jackcui/Arch/trace/workbench/Zeonica-Validation/Core/src/main/scala/Part/Comm.scala. Using presentation compiler with project's scala-library version: 3.3.3[0m
2024.09.25 19:19:04 INFO  no build target found for /home/jackcui/Arch/trace/workbench/Zeonica-Validation/Core/src/main/scala/Part/Comm.scala. Using presentation compiler with project's scala-library version: 3.3.3[0m
2024.09.25 19:19:04 INFO  no build target found for /home/jackcui/Arch/trace/workbench/Zeonica-Validation/Core/src/main/scala/Part/Comm.scala. Using presentation compiler with project's scala-library version: 3.3.3[0m
2024.09.25 19:19:04 INFO  no build target found for /home/jackcui/Arch/trace/workbench/Zeonica-Validation/Core/src/main/scala/Part/Comm.scala. Using presentation compiler with project's scala-library version: 3.3.3[0m
2024.09.25 19:19:04 INFO  no build target found for /home/jackcui/Arch/trace/workbench/Zeonica-Validation/Core/src/main/scala/Part/Comm.scala. Using presentation compiler with project's scala-library version: 3.3.3[0m
2024.09.25 19:19:05 INFO  no build target found for /home/jackcui/Arch/trace/workbench/Zeonica-Validation/Core/src/main/scala/Part/Comm.scala. Using presentation compiler with project's scala-library version: 3.3.3[0m
2024.09.25 19:19:05 INFO  no build target found for /home/jackcui/Arch/trace/workbench/Zeonica-Validation/Core/src/main/scala/Part/Comm.scala. Using presentation compiler with project's scala-library version: 3.3.3[0m
2024.09.25 19:19:05 INFO  no build target found for /home/jackcui/Arch/trace/workbench/Zeonica-Validation/Core/src/main/scala/Part/Comm.scala. Using presentation compiler with project's scala-library version: 3.3.3[0m
2024.09.25 19:19:07 INFO  no build target found for /home/jackcui/Arch/trace/workbench/Zeonica-Validation/Core/src/main/scala/Part/Comm.scala. Using presentation compiler with project's scala-library version: 3.3.3[0m
2024.09.25 19:19:07 INFO  no build target found for /home/jackcui/Arch/trace/workbench/Zeonica-Validation/Core/src/main/scala/Part/Comm.scala. Using presentation compiler with project's scala-library version: 3.3.3[0m
2024.09.25 19:19:07 INFO  no build target found for /home/jackcui/Arch/trace/workbench/Zeonica-Validation/Core/src/main/scala/Part/Comm.scala. Using presentation compiler with project's scala-library version: 3.3.3[0m
2024.09.25 19:19:07 INFO  no build target found for /home/jackcui/Arch/trace/workbench/Zeonica-Validation/Core/src/main/scala/Part/Comm.scala. Using presentation compiler with project's scala-library version: 3.3.3[0m
2024.09.25 19:19:09 INFO  no build target found for /home/jackcui/Arch/trace/workbench/Zeonica-Validation/Core/src/main/scala/Part/Comm.scala. Using presentation compiler with project's scala-library version: 3.3.3[0m
2024.09.25 19:19:09 INFO  no build target found for /home/jackcui/Arch/trace/workbench/Zeonica-Validation/Core/src/main/scala/Part/Comm.scala. Using presentation compiler with project's scala-library version: 3.3.3[0m
2024.09.25 19:19:09 INFO  no build target found for /home/jackcui/Arch/trace/workbench/Zeonica-Validation/Core/src/main/scala/Part/Comm.scala. Using presentation compiler with project's scala-library version: 3.3.3[0m
2024.09.25 19:19:10 INFO  no build target found for /home/jackcui/Arch/trace/workbench/Zeonica-Validation/Core/src/main/scala/Part/Comm.scala. Using presentation compiler with project's scala-library version: 3.3.3[0m
2024.09.25 19:19:10 INFO  no build target found for /home/jackcui/Arch/trace/workbench/Zeonica-Validation/Core/src/main/scala/Part/Comm.scala. Using presentation compiler with project's scala-library version: 3.3.3[0m
2024.09.25 19:19:10 INFO  no build target found for /home/jackcui/Arch/trace/workbench/Zeonica-Validation/Core/src/main/scala/Part/Comm.scala. Using presentation compiler with project's scala-library version: 3.3.3[0m
2024.09.25 19:19:10 INFO  no build target found for /home/jackcui/Arch/trace/workbench/Zeonica-Validation/Core/src/main/scala/Part/Comm.scala. Using presentation compiler with project's scala-library version: 3.3.3[0m
2024.09.25 19:19:11 INFO  no build target found for /home/jackcui/Arch/trace/workbench/Zeonica-Validation/Core/src/main/scala/Part/Comm.scala. Using presentation compiler with project's scala-library version: 3.3.3[0m
2024.09.25 19:19:11 INFO  no build target found for /home/jackcui/Arch/trace/workbench/Zeonica-Validation/Core/src/main/scala/Part/Comm.scala. Using presentation compiler with project's scala-library version: 3.3.3[0m
2024.09.25 19:19:11 INFO  no build target found for /home/jackcui/Arch/trace/workbench/Zeonica-Validation/Core/src/main/scala/Part/Comm.scala. Using presentation compiler with project's scala-library version: 3.3.3[0m
2024.09.25 19:19:12 INFO  no build target found for /home/jackcui/Arch/trace/workbench/Zeonica-Validation/Core/src/main/scala/Part/Comm.scala. Using presentation compiler with project's scala-library version: 3.3.3[0m
Sep 25, 2024 7:19:12 PM org.eclipse.lsp4j.jsonrpc.RemoteEndpoint handleCancellation
WARNING: Unmatched cancel notification for request id 1267
2024.09.25 19:19:12 INFO  no build target found for /home/jackcui/Arch/trace/workbench/Zeonica-Validation/Core/src/main/scala/Part/Comm.scala. Using presentation compiler with project's scala-library version: 3.3.3[0m
2024.09.25 19:19:12 INFO  no build target found for /home/jackcui/Arch/trace/workbench/Zeonica-Validation/Core/src/main/scala/Part/Comm.scala. Using presentation compiler with project's scala-library version: 3.3.3[0m
2024.09.25 19:19:13 INFO  no build target found for /home/jackcui/Arch/trace/workbench/Zeonica-Validation/Core/src/main/scala/Part/Comm.scala. Using presentation compiler with project's scala-library version: 3.3.3[0m
2024.09.25 19:19:14 INFO  no build target found for /home/jackcui/Arch/trace/workbench/Zeonica-Validation/Core/src/main/scala/Part/Comm.scala. Using presentation compiler with project's scala-library version: 3.3.3[0m
2024.09.25 19:19:14 INFO  no build target found for /home/jackcui/Arch/trace/workbench/Zeonica-Validation/Core/src/main/scala/Part/Comm.scala. Using presentation compiler with project's scala-library version: 3.3.3[0m
2024.09.25 19:19:14 INFO  no build target found for /home/jackcui/Arch/trace/workbench/Zeonica-Validation/Core/src/main/scala/Part/Comm.scala. Using presentation compiler with project's scala-library version: 3.3.3[0m
2024.09.25 19:19:14 INFO  no build target found for /home/jackcui/Arch/trace/workbench/Zeonica-Validation/Core/src/main/scala/Part/Comm.scala. Using presentation compiler with project's scala-library version: 3.3.3[0m
2024.09.25 19:19:14 INFO  no build target found for /home/jackcui/Arch/trace/workbench/Zeonica-Validation/Core/src/main/scala/Part/Comm.scala. Using presentation compiler with project's scala-library version: 3.3.3[0m
2024.09.25 19:19:14 INFO  no build target found for /home/jackcui/Arch/trace/workbench/Zeonica-Validation/Core/src/main/scala/Part/Comm.scala. Using presentation compiler with project's scala-library version: 3.3.3[0m
2024.09.25 19:19:14 INFO  no build target found for /home/jackcui/Arch/trace/workbench/Zeonica-Validation/Core/src/main/scala/Part/Comm.scala. Using presentation compiler with project's scala-library version: 3.3.3[0m
2024.09.25 19:19:14 INFO  no build target found for /home/jackcui/Arch/trace/workbench/Zeonica-Validation/Core/src/main/scala/Part/Comm.scala. Using presentation compiler with project's scala-library version: 3.3.3[0m
2024.09.25 19:19:15 INFO  no build target found for /home/jackcui/Arch/trace/workbench/Zeonica-Validation/Core/src/main/scala/Part/Comm.scala. Using presentation compiler with project's scala-library version: 3.3.3[0m
2024.09.25 19:19:16 INFO  no build target found for /home/jackcui/Arch/trace/workbench/Zeonica-Validation/Core/src/main/scala/Part/Comm.scala. Using presentation compiler with project's scala-library version: 3.3.3[0m
2024.09.25 19:19:16 INFO  no build target found for /home/jackcui/Arch/trace/workbench/Zeonica-Validation/Core/src/main/scala/Part/Comm.scala. Using presentation compiler with project's scala-library version: 3.3.3[0m
2024.09.25 19:19:16 INFO  no build target found for /home/jackcui/Arch/trace/workbench/Zeonica-Validation/Core/src/main/scala/Part/Comm.scala. Using presentation compiler with project's scala-library version: 3.3.3[0m
2024.09.25 19:19:16 INFO  no build target found for /home/jackcui/Arch/trace/workbench/Zeonica-Validation/Core/src/main/scala/Part/Comm.scala. Using presentation compiler with project's scala-library version: 3.3.3[0m
2024.09.25 19:19:17 INFO  no build target found for /home/jackcui/Arch/trace/workbench/Zeonica-Validation/Core/src/main/scala/Part/Comm.scala. Using presentation compiler with project's scala-library version: 3.3.3[0m
2024.09.25 19:19:17 INFO  no build target found for /home/jackcui/Arch/trace/workbench/Zeonica-Validation/Core/src/main/scala/Part/Comm.scala. Using presentation compiler with project's scala-library version: 3.3.3[0m
2024.09.25 19:19:17 INFO  no build target found for /home/jackcui/Arch/trace/workbench/Zeonica-Validation/Core/src/main/scala/Part/Comm.scala. Using presentation compiler with project's scala-library version: 3.3.3[0m
2024.09.25 19:19:18 INFO  no build target found for /home/jackcui/Arch/trace/workbench/Zeonica-Validation/Core/src/main/scala/Part/Comm.scala. Using presentation compiler with project's scala-library version: 3.3.3[0m
2024.09.25 19:19:52 INFO  no build target found for /home/jackcui/Arch/trace/workbench/Zeonica-Validation/Core/src/main/scala/Part/Comm.scala. Using presentation compiler with project's scala-library version: 3.3.3[0m
2024.09.25 19:19:52 INFO  no build target found for /home/jackcui/Arch/trace/workbench/Zeonica-Validation/Core/src/main/scala/Part/Comm.scala. Using presentation compiler with project's scala-library version: 3.3.3[0m
2024.09.25 19:19:52 INFO  no build target found for /home/jackcui/Arch/trace/workbench/Zeonica-Validation/Core/src/main/scala/Part/Comm.scala. Using presentation compiler with project's scala-library version: 3.3.3[0m
2024.09.25 19:19:52 INFO  no build target found for /home/jackcui/Arch/trace/workbench/Zeonica-Validation/Core/src/main/scala/Part/Comm.scala. Using presentation compiler with project's scala-library version: 3.3.3[0m
2024.09.25 19:19:52 INFO  no build target found for /home/jackcui/Arch/trace/workbench/Zeonica-Validation/Core/src/main/scala/Part/Comm.scala. Using presentation compiler with project's scala-library version: 3.3.3[0m
2024.09.25 19:19:52 INFO  no build target found for /home/jackcui/Arch/trace/workbench/Zeonica-Validation/Core/src/main/scala/Part/Comm.scala. Using presentation compiler with project's scala-library version: 3.3.3[0m
2024.09.25 19:19:52 INFO  no build target found for /home/jackcui/Arch/trace/workbench/Zeonica-Validation/Core/src/main/scala/Part/Comm.scala. Using presentation compiler with project's scala-library version: 3.3.3[0m
2024.09.25 19:19:52 INFO  no build target found for /home/jackcui/Arch/trace/workbench/Zeonica-Validation/Core/src/main/scala/Part/Comm.scala. Using presentation compiler with project's scala-library version: 3.3.3[0m
2024.09.25 19:19:53 INFO  no build target found for /home/jackcui/Arch/trace/workbench/Zeonica-Validation/Core/src/main/scala/Part/Comm.scala. Using presentation compiler with project's scala-library version: 3.3.3[0m
2024.09.25 19:19:53 INFO  no build target found for /home/jackcui/Arch/trace/workbench/Zeonica-Validation/Core/src/main/scala/Part/Comm.scala. Using presentation compiler with project's scala-library version: 3.3.3[0m
2024.09.25 19:19:53 INFO  no build target found for /home/jackcui/Arch/trace/workbench/Zeonica-Validation/Core/src/main/scala/Part/Comm.scala. Using presentation compiler with project's scala-library version: 3.3.3[0m
2024.09.25 19:19:53 INFO  no build target found for /home/jackcui/Arch/trace/workbench/Zeonica-Validation/Core/src/main/scala/Part/Comm.scala. Using presentation compiler with project's scala-library version: 3.3.3[0m
2024.09.25 19:19:53 INFO  no build target found for /home/jackcui/Arch/trace/workbench/Zeonica-Validation/Core/src/main/scala/Part/Comm.scala. Using presentation compiler with project's scala-library version: 3.3.3[0m
2024.09.25 19:19:54 INFO  no build target found for /home/jackcui/Arch/trace/workbench/Zeonica-Validation/Core/src/main/scala/Part/Comm.scala. Using presentation compiler with project's scala-library version: 3.3.3[0m
2024.09.25 19:19:54 INFO  no build target found for /home/jackcui/Arch/trace/workbench/Zeonica-Validation/Core/src/main/scala/Part/Comm.scala. Using presentation compiler with project's scala-library version: 3.3.3[0m
2024.09.25 19:19:54 INFO  no build target found for /home/jackcui/Arch/trace/workbench/Zeonica-Validation/Core/src/main/scala/Part/Comm.scala. Using presentation compiler with project's scala-library version: 3.3.3[0m
2024.09.25 19:19:54 INFO  no build target found for /home/jackcui/Arch/trace/workbench/Zeonica-Validation/Core/src/main/scala/Part/Comm.scala. Using presentation compiler with project's scala-library version: 3.3.3[0m
2024.09.25 19:19:55 INFO  no build target found for /home/jackcui/Arch/trace/workbench/Zeonica-Validation/Core/src/main/scala/Part/Comm.scala. Using presentation compiler with project's scala-library version: 3.3.3[0m
2024.09.25 19:19:54 INFO  no build target found for /home/jackcui/Arch/trace/workbench/Zeonica-Validation/Core/src/main/scala/Part/Comm.scala. Using presentation compiler with project's scala-library version: 3.3.3[0m
2024.09.25 19:19:55 INFO  no build target found for /home/jackcui/Arch/trace/workbench/Zeonica-Validation/Core/src/main/scala/Part/Comm.scala. Using presentation compiler with project's scala-library version: 3.3.3[0m
2024.09.25 19:19:54 INFO  no build target found for /home/jackcui/Arch/trace/workbench/Zeonica-Validation/Core/src/main/scala/Part/Comm.scala. Using presentation compiler with project's scala-library version: 3.3.3[0m
2024.09.25 19:19:54 INFO  no build target found for /home/jackcui/Arch/trace/workbench/Zeonica-Validation/Core/src/main/scala/Part/Comm.scala. Using presentation compiler with project's scala-library version: 3.3.3[0m
2024.09.25 19:19:56 INFO  no build target found for /home/jackcui/Arch/trace/workbench/Zeonica-Validation/Core/src/main/scala/Part/Comm.scala. Using presentation compiler with project's scala-library version: 3.3.3[0m
2024.09.25 19:19:56 INFO  no build target found for /home/jackcui/Arch/trace/workbench/Zeonica-Validation/Core/src/main/scala/Part/Comm.scala. Using presentation compiler with project's scala-library version: 3.3.3[0m
2024.09.25 19:19:56 INFO  no build target found for /home/jackcui/Arch/trace/workbench/Zeonica-Validation/Core/src/main/scala/Part/Comm.scala. Using presentation compiler with project's scala-library version: 3.3.3[0m
2024.09.25 19:19:56 INFO  no build target found for /home/jackcui/Arch/trace/workbench/Zeonica-Validation/Core/src/main/scala/Part/Comm.scala. Using presentation compiler with project's scala-library version: 3.3.3[0m
2024.09.25 19:19:56 INFO  no build target found for /home/jackcui/Arch/trace/workbench/Zeonica-Validation/Core/src/main/scala/Part/Comm.scala. Using presentation compiler with project's scala-library version: 3.3.3[0m
2024.09.25 19:19:56 INFO  no build target found for /home/jackcui/Arch/trace/workbench/Zeonica-Validation/Core/src/main/scala/Part/Comm.scala. Using presentation compiler with project's scala-library version: 3.3.3[0m
2024.09.25 19:19:56 INFO  no build target found for /home/jackcui/Arch/trace/workbench/Zeonica-Validation/Core/src/main/scala/Part/Comm.scala. Using presentation compiler with project's scala-library version: 3.3.3[0m
2024.09.25 19:19:56 INFO  no build target found for /home/jackcui/Arch/trace/workbench/Zeonica-Validation/Core/src/main/scala/Part/Comm.scala. Using presentation compiler with project's scala-library version: 3.3.3[0m
2024.09.25 19:19:57 INFO  no build target found for /home/jackcui/Arch/trace/workbench/Zeonica-Validation/Core/src/main/scala/Part/Comm.scala. Using presentation compiler with project's scala-library version: 3.3.3[0m
2024.09.25 19:19:57 INFO  no build target found for /home/jackcui/Arch/trace/workbench/Zeonica-Validation/Core/src/main/scala/Part/Comm.scala. Using presentation compiler with project's scala-library version: 3.3.3[0m
2024.09.25 19:19:59 INFO  no build target found for /home/jackcui/Arch/trace/workbench/Zeonica-Validation/Core/src/main/scala/Part/Comm.scala. Using presentation compiler with project's scala-library version: 3.3.3[0m
2024.09.25 19:19:59 INFO  no build target found for /home/jackcui/Arch/trace/workbench/Zeonica-Validation/Core/src/main/scala/Part/Comm.scala. Using presentation compiler with project's scala-library version: 3.3.3[0m
2024.09.25 19:19:59 INFO  no build target found for /home/jackcui/Arch/trace/workbench/Zeonica-Validation/Core/src/main/scala/Part/Comm.scala. Using presentation compiler with project's scala-library version: 3.3.3[0m
2024.09.25 19:19:59 INFO  no build target found for /home/jackcui/Arch/trace/workbench/Zeonica-Validation/Core/src/main/scala/Part/Comm.scala. Using presentation compiler with project's scala-library version: 3.3.3[0m
2024.09.25 19:20:00 INFO  no build target found for /home/jackcui/Arch/trace/workbench/Zeonica-Validation/Core/src/main/scala/Part/Comm.scala. Using presentation compiler with project's scala-library version: 3.3.3[0m
2024.09.25 19:20:02 INFO  no build target found for /home/jackcui/Arch/trace/workbench/Zeonica-Validation/Core/src/main/scala/Part/Comm.scala. Using presentation compiler with project's scala-library version: 3.3.3[0m
2024.09.25 19:20:04 INFO  no build target found for /home/jackcui/Arch/trace/workbench/Zeonica-Validation/Core/src/main/scala/Part/Comm.scala. Using presentation compiler with project's scala-library version: 3.3.3[0m
2024.09.25 19:20:06 INFO  no build target found for /home/jackcui/Arch/trace/workbench/Zeonica-Validation/Core/src/main/scala/Part/Comm.scala. Using presentation compiler with project's scala-library version: 3.3.3[0m
2024.09.25 19:20:10 INFO  no build target found for /home/jackcui/Arch/trace/workbench/Zeonica-Validation/Core/src/main/scala/Part/Comm.scala. Using presentation compiler with project's scala-library version: 3.3.3[0m
2024.09.25 19:20:10 INFO  no build target found for /home/jackcui/Arch/trace/workbench/Zeonica-Validation/Core/src/main/scala/Part/Comm.scala. Using presentation compiler with project's scala-library version: 3.3.3[0m
2024.09.25 19:20:11 INFO  no build target found for /home/jackcui/Arch/trace/workbench/Zeonica-Validation/Core/src/main/scala/Part/Comm.scala. Using presentation compiler with project's scala-library version: 3.3.3[0m
2024.09.25 19:20:11 INFO  no build target found for /home/jackcui/Arch/trace/workbench/Zeonica-Validation/Core/src/main/scala/Part/Comm.scala. Using presentation compiler with project's scala-library version: 3.3.3[0m
2024.09.25 19:20:11 INFO  no build target found for /home/jackcui/Arch/trace/workbench/Zeonica-Validation/Core/src/main/scala/Part/Comm.scala. Using presentation compiler with project's scala-library version: 3.3.3[0m
2024.09.25 19:20:11 INFO  no build target found for /home/jackcui/Arch/trace/workbench/Zeonica-Validation/Core/src/main/scala/Part/Comm.scala. Using presentation compiler with project's scala-library version: 3.3.3[0m
2024.09.25 19:20:12 INFO  no build target found for /home/jackcui/Arch/trace/workbench/Zeonica-Validation/Core/src/main/scala/Part/Comm.scala. Using presentation compiler with project's scala-library version: 3.3.3[0m
2024.09.25 19:20:12 INFO  no build target found for /home/jackcui/Arch/trace/workbench/Zeonica-Validation/Core/src/main/scala/Part/Comm.scala. Using presentation compiler with project's scala-library version: 3.3.3[0m
2024.09.25 19:20:12 INFO  no build target found for /home/jackcui/Arch/trace/workbench/Zeonica-Validation/Core/src/main/scala/Part/Comm.scala. Using presentation compiler with project's scala-library version: 3.3.3[0m
2024.09.25 19:20:12 INFO  no build target found for /home/jackcui/Arch/trace/workbench/Zeonica-Validation/Core/src/main/scala/Part/Comm.scala. Using presentation compiler with project's scala-library version: 3.3.3[0m
2024.09.25 19:20:12 INFO  no build target found for /home/jackcui/Arch/trace/workbench/Zeonica-Validation/Core/src/main/scala/Part/Comm.scala. Using presentation compiler with project's scala-library version: 3.3.3[0m
2024.09.25 19:20:13 INFO  no build target found for /home/jackcui/Arch/trace/workbench/Zeonica-Validation/Core/src/main/scala/Part/Comm.scala. Using presentation compiler with project's scala-library version: 3.3.3[0m
2024.09.25 19:20:12 INFO  no build target found for /home/jackcui/Arch/trace/workbench/Zeonica-Validation/Core/src/main/scala/Part/Comm.scala. Using presentation compiler with project's scala-library version: 3.3.3[0m
2024.09.25 19:20:13 INFO  no build target found for /home/jackcui/Arch/trace/workbench/Zeonica-Validation/Core/src/main/scala/Part/Comm.scala. Using presentation compiler with project's scala-library version: 3.3.3[0m
2024.09.25 19:20:13 INFO  no build target found for /home/jackcui/Arch/trace/workbench/Zeonica-Validation/Core/src/main/scala/Part/Comm.scala. Using presentation compiler with project's scala-library version: 3.3.3[0m
2024.09.25 19:20:13 INFO  no build target found for /home/jackcui/Arch/trace/workbench/Zeonica-Validation/Core/src/main/scala/Part/Comm.scala. Using presentation compiler with project's scala-library version: 3.3.3[0m
2024.09.25 19:20:13 INFO  no build target found for /home/jackcui/Arch/trace/workbench/Zeonica-Validation/Core/src/main/scala/Part/Comm.scala. Using presentation compiler with project's scala-library version: 3.3.3[0m
2024.09.25 19:20:14 INFO  no build target found for /home/jackcui/Arch/trace/workbench/Zeonica-Validation/Core/src/main/scala/Part/Comm.scala. Using presentation compiler with project's scala-library version: 3.3.3[0m
2024.09.25 19:20:14 INFO  no build target found for /home/jackcui/Arch/trace/workbench/Zeonica-Validation/Core/src/main/scala/Part/Comm.scala. Using presentation compiler with project's scala-library version: 3.3.3[0m
2024.09.25 19:20:14 INFO  no build target found for /home/jackcui/Arch/trace/workbench/Zeonica-Validation/Core/src/main/scala/Part/Comm.scala. Using presentation compiler with project's scala-library version: 3.3.3[0m
2024.09.25 19:20:14 INFO  no build target found for /home/jackcui/Arch/trace/workbench/Zeonica-Validation/Core/src/main/scala/Part/Comm.scala. Using presentation compiler with project's scala-library version: 3.3.3[0m
2024.09.25 19:20:14 INFO  no build target found for /home/jackcui/Arch/trace/workbench/Zeonica-Validation/Core/src/main/scala/Part/Comm.scala. Using presentation compiler with project's scala-library version: 3.3.3[0m
2024.09.25 19:20:15 INFO  no build target found for /home/jackcui/Arch/trace/workbench/Zeonica-Validation/Core/src/main/scala/Part/Comm.scala. Using presentation compiler with project's scala-library version: 3.3.3[0m
2024.09.25 19:20:18 INFO  no build target found for /home/jackcui/Arch/trace/workbench/Zeonica-Validation/Core/src/main/scala/Part/Comm.scala. Using presentation compiler with project's scala-library version: 3.3.3[0m
2024.09.25 19:20:18 INFO  no build target found for /home/jackcui/Arch/trace/workbench/Zeonica-Validation/Core/src/main/scala/Part/Comm.scala. Using presentation compiler with project's scala-library version: 3.3.3[0m
2024.09.25 19:20:19 INFO  no build target found for /home/jackcui/Arch/trace/workbench/Zeonica-Validation/Core/src/main/scala/Part/Comm.scala. Using presentation compiler with project's scala-library version: 3.3.3[0m
2024.09.25 19:20:18 INFO  no build target found for /home/jackcui/Arch/trace/workbench/Zeonica-Validation/Core/src/main/scala/Part/Comm.scala. Using presentation compiler with project's scala-library version: 3.3.3[0m
2024.09.25 19:20:18 INFO  no build target found for /home/jackcui/Arch/trace/workbench/Zeonica-Validation/Core/src/main/scala/Part/Comm.scala. Using presentation compiler with project's scala-library version: 3.3.3[0m
2024.09.25 19:20:20 INFO  no build target found for /home/jackcui/Arch/trace/workbench/Zeonica-Validation/Core/src/main/scala/Part/Comm.scala. Using presentation compiler with project's scala-library version: 3.3.3[0m
2024.09.25 19:20:20 INFO  no build target found for /home/jackcui/Arch/trace/workbench/Zeonica-Validation/Core/src/main/scala/Part/Comm.scala. Using presentation compiler with project's scala-library version: 3.3.3[0m
2024.09.25 19:20:20 INFO  no build target found for /home/jackcui/Arch/trace/workbench/Zeonica-Validation/Core/src/main/scala/Part/Comm.scala. Using presentation compiler with project's scala-library version: 3.3.3[0m
2024.09.25 19:20:22 INFO  no build target found for /home/jackcui/Arch/trace/workbench/Zeonica-Validation/Core/src/main/scala/Part/Comm.scala. Using presentation compiler with project's scala-library version: 3.3.3[0m
2024.09.25 19:20:22 INFO  no build target found for /home/jackcui/Arch/trace/workbench/Zeonica-Validation/Core/src/main/scala/Part/Comm.scala. Using presentation compiler with project's scala-library version: 3.3.3[0m
2024.09.25 19:20:22 INFO  no build target found for /home/jackcui/Arch/trace/workbench/Zeonica-Validation/Core/src/main/scala/Part/Comm.scala. Using presentation compiler with project's scala-library version: 3.3.3[0m
2024.09.25 19:20:22 INFO  no build target found for /home/jackcui/Arch/trace/workbench/Zeonica-Validation/Core/src/main/scala/Part/Comm.scala. Using presentation compiler with project's scala-library version: 3.3.3[0m
2024.09.25 19:20:22 INFO  no build target found for /home/jackcui/Arch/trace/workbench/Zeonica-Validation/Core/src/main/scala/Part/Comm.scala. Using presentation compiler with project's scala-library version: 3.3.3[0m
2024.09.25 19:20:22 INFO  no build target found for /home/jackcui/Arch/trace/workbench/Zeonica-Validation/Core/src/main/scala/Part/Comm.scala. Using presentation compiler with project's scala-library version: 3.3.3[0m
2024.09.25 19:20:22 INFO  no build target found for /home/jackcui/Arch/trace/workbench/Zeonica-Validation/Core/src/main/scala/Part/Comm.scala. Using presentation compiler with project's scala-library version: 3.3.3[0m
2024.09.25 19:20:23 INFO  no build target found for /home/jackcui/Arch/trace/workbench/Zeonica-Validation/Core/src/main/scala/Part/Comm.scala. Using presentation compiler with project's scala-library version: 3.3.3[0m
2024.09.25 19:20:23 INFO  no build target found for /home/jackcui/Arch/trace/workbench/Zeonica-Validation/Core/src/main/scala/Part/Comm.scala. Using presentation compiler with project's scala-library version: 3.3.3[0m
2024.09.25 19:20:23 INFO  no build target found for /home/jackcui/Arch/trace/workbench/Zeonica-Validation/Core/src/main/scala/Part/Comm.scala. Using presentation compiler with project's scala-library version: 3.3.3[0m
2024.09.25 19:20:23 INFO  no build target found for /home/jackcui/Arch/trace/workbench/Zeonica-Validation/Core/src/main/scala/Part/Comm.scala. Using presentation compiler with project's scala-library version: 3.3.3[0m
2024.09.25 19:20:24 INFO  no build target found for /home/jackcui/Arch/trace/workbench/Zeonica-Validation/Core/src/main/scala/Part/Comm.scala. Using presentation compiler with project's scala-library version: 3.3.3[0m
2024.09.25 19:20:25 INFO  no build target found for /home/jackcui/Arch/trace/workbench/Zeonica-Validation/Core/src/main/scala/Part/Comm.scala. Using presentation compiler with project's scala-library version: 3.3.3[0m
2024.09.25 19:20:25 INFO  no build target found for /home/jackcui/Arch/trace/workbench/Zeonica-Validation/Core/src/main/scala/Part/Comm.scala. Using presentation compiler with project's scala-library version: 3.3.3[0m
2024.09.25 19:20:26 INFO  no build target found for /home/jackcui/Arch/trace/workbench/Zeonica-Validation/Core/src/main/scala/Part/Comm.scala. Using presentation compiler with project's scala-library version: 3.3.3[0m
2024.09.25 19:20:26 INFO  no build target found for /home/jackcui/Arch/trace/workbench/Zeonica-Validation/Core/src/main/scala/Part/Comm.scala. Using presentation compiler with project's scala-library version: 3.3.3[0m
2024.09.25 19:20:27 INFO  no build target found for /home/jackcui/Arch/trace/workbench/Zeonica-Validation/Core/src/main/scala/Part/Comm.scala. Using presentation compiler with project's scala-library version: 3.3.3[0m
2024.09.25 19:20:27 INFO  no build target found for /home/jackcui/Arch/trace/workbench/Zeonica-Validation/Core/src/main/scala/Part/Comm.scala. Using presentation compiler with project's scala-library version: 3.3.3[0m
2024.09.25 19:20:27 INFO  no build target found for /home/jackcui/Arch/trace/workbench/Zeonica-Validation/Core/src/main/scala/Part/Comm.scala. Using presentation compiler with project's scala-library version: 3.3.3[0m
2024.09.25 19:20:27 INFO  no build target found for /home/jackcui/Arch/trace/workbench/Zeonica-Validation/Core/src/main/scala/Part/Comm.scala. Using presentation compiler with project's scala-library version: 3.3.3[0m
2024.09.25 19:20:27 INFO  no build target found for /home/jackcui/Arch/trace/workbench/Zeonica-Validation/Core/src/main/scala/Part/Comm.scala. Using presentation compiler with project's scala-library version: 3.3.3[0m
Sep 25, 2024 7:20:28 PM org.eclipse.lsp4j.jsonrpc.RemoteEndpoint handleCancellation
WARNING: Unmatched cancel notification for request id 1503
2024.09.25 19:20:28 INFO  no build target found for /home/jackcui/Arch/trace/workbench/Zeonica-Validation/Core/src/main/scala/Part/Comm.scala. Using presentation compiler with project's scala-library version: 3.3.3[0m
Sep 25, 2024 7:20:28 PM org.eclipse.lsp4j.jsonrpc.RemoteEndpoint handleCancellation
WARNING: Unmatched cancel notification for request id 1504
2024.09.25 19:20:28 INFO  no build target found for /home/jackcui/Arch/trace/workbench/Zeonica-Validation/Core/src/main/scala/Part/Comm.scala. Using presentation compiler with project's scala-library version: 3.3.3[0m
2024.09.25 19:20:29 INFO  no build target found for /home/jackcui/Arch/trace/workbench/Zeonica-Validation/Core/src/main/scala/Part/Comm.scala. Using presentation compiler with project's scala-library version: 3.3.3[0m
2024.09.25 19:20:30 INFO  no build target found for /home/jackcui/Arch/trace/workbench/Zeonica-Validation/Core/src/main/scala/Part/Comm.scala. Using presentation compiler with project's scala-library version: 3.3.3[0m
2024.09.25 19:20:30 INFO  no build target found for /home/jackcui/Arch/trace/workbench/Zeonica-Validation/Core/src/main/scala/Part/Comm.scala. Using presentation compiler with project's scala-library version: 3.3.3[0m
2024.09.25 19:20:30 INFO  no build target found for /home/jackcui/Arch/trace/workbench/Zeonica-Validation/Core/src/main/scala/Part/Comm.scala. Using presentation compiler with project's scala-library version: 3.3.3[0m
2024.09.25 19:20:30 INFO  no build target found for /home/jackcui/Arch/trace/workbench/Zeonica-Validation/Core/src/main/scala/Part/Comm.scala. Using presentation compiler with project's scala-library version: 3.3.3[0m
2024.09.25 19:20:32 INFO  no build target found for /home/jackcui/Arch/trace/workbench/Zeonica-Validation/Core/src/main/scala/Part/Comm.scala. Using presentation compiler with project's scala-library version: 3.3.3[0m
2024.09.25 19:20:32 INFO  no build target found for /home/jackcui/Arch/trace/workbench/Zeonica-Validation/Core/src/main/scala/Part/Comm.scala. Using presentation compiler with project's scala-library version: 3.3.3[0m
2024.09.25 19:20:32 INFO  no build target found for /home/jackcui/Arch/trace/workbench/Zeonica-Validation/Core/src/main/scala/Part/Comm.scala. Using presentation compiler with project's scala-library version: 3.3.3[0m
2024.09.25 19:20:32 INFO  no build target found for /home/jackcui/Arch/trace/workbench/Zeonica-Validation/Core/src/main/scala/Part/Comm.scala. Using presentation compiler with project's scala-library version: 3.3.3[0m
2024.09.25 19:20:33 INFO  no build target found for /home/jackcui/Arch/trace/workbench/Zeonica-Validation/Core/src/main/scala/Part/Comm.scala. Using presentation compiler with project's scala-library version: 3.3.3[0m
2024.09.25 19:20:33 INFO  no build target found for /home/jackcui/Arch/trace/workbench/Zeonica-Validation/Core/src/main/scala/Part/Comm.scala. Using presentation compiler with project's scala-library version: 3.3.3[0m
2024.09.25 19:20:33 INFO  no build target found for /home/jackcui/Arch/trace/workbench/Zeonica-Validation/Core/src/main/scala/Part/Comm.scala. Using presentation compiler with project's scala-library version: 3.3.3[0m
2024.09.25 19:20:33 INFO  no build target found for /home/jackcui/Arch/trace/workbench/Zeonica-Validation/Core/src/main/scala/Part/Comm.scala. Using presentation compiler with project's scala-library version: 3.3.3[0m
2024.09.25 19:20:33 INFO  no build target found for /home/jackcui/Arch/trace/workbench/Zeonica-Validation/Core/src/main/scala/Part/Comm.scala. Using presentation compiler with project's scala-library version: 3.3.3[0m
2024.09.25 19:20:34 INFO  no build target found for /home/jackcui/Arch/trace/workbench/Zeonica-Validation/Core/src/main/scala/Part/Comm.scala. Using presentation compiler with project's scala-library version: 3.3.3[0m
2024.09.25 19:20:34 INFO  no build target found for /home/jackcui/Arch/trace/workbench/Zeonica-Validation/Core/src/main/scala/Part/Comm.scala. Using presentation compiler with project's scala-library version: 3.3.3[0m
2024.09.25 19:20:34 INFO  no build target found for /home/jackcui/Arch/trace/workbench/Zeonica-Validation/Core/src/main/scala/Part/Comm.scala. Using presentation compiler with project's scala-library version: 3.3.3[0m
2024.09.25 19:20:35 WARN  no build target for: /home/jackcui/Arch/trace/workbench/Zeonica-Validation/Core/src/main/scala/Part/Comm.scala[0m
2024.09.25 19:20:35 ERROR /home/jackcui/Arch/trace/workbench/Zeonica-Validation/Core/src/main/scala/Part/Comm.scala
scala.meta.internal.tokenizers.package$UnexpectedInputEndException
	at scala.meta.internal.tokenizers.LegacyScanner.$anonfun$nextToken$1(LegacyScanner.scala:172)
	at scala.Function0.apply$mcV$sp(Function0.scala:42)
	at scala.meta.internal.tokenizers.LegacyScanner.scala$meta$internal$tokenizers$LegacyScanner$$nextToken(LegacyScanner.scala:178)
	at scala.meta.internal.tokenizers.LegacyScanner.nextToken(LegacyScanner.scala:172)
	at scala.meta.internal.mtags.ScalaToplevelMtags$XtensionScanner.mtagsNextToken(ScalaToplevelMtags.scala:72)
	at scala.meta.internal.mtags.ScalaToplevelMtags.loop(ScalaToplevelMtags.scala:500)
	at scala.meta.internal.mtags.ScalaToplevelMtags.indexRoot(ScalaToplevelMtags.scala:84)
	at scala.meta.internal.metals.SemanticdbDefinition$.foreachWithReturnMtags(SemanticdbDefinition.scala:81)
	at scala.meta.internal.metals.Indexer.indexSourceFile(Indexer.scala:595)
	at scala.meta.internal.metals.Indexer.$anonfun$reindexWorkspaceSources$3(Indexer.scala:693)
	at scala.meta.internal.metals.Indexer.$anonfun$reindexWorkspaceSources$3$adapted(Indexer.scala:690)
	at scala.collection.IterableOnceOps.foreach(IterableOnce.scala:619)
	at scala.collection.IterableOnceOps.foreach$(IterableOnce.scala:617)
	at scala.collection.AbstractIterator.foreach(Iterator.scala:1303)
	at scala.meta.internal.metals.Indexer.reindexWorkspaceSources(Indexer.scala:690)
	at scala.meta.internal.metals.MetalsLspService.$anonfun$onChange$2(MetalsLspService.scala:952)
	at scala.runtime.java8.JFunction0$mcV$sp.apply(JFunction0$mcV$sp.scala:18)
	at scala.concurrent.Future$.$anonfun$apply$1(Future.scala:687)
	at scala.concurrent.impl.Promise$Transformation.run(Promise.scala:467)
	at java.util.concurrent.ThreadPoolExecutor.runWorker(ThreadPoolExecutor.java:1136)
	at java.util.concurrent.ThreadPoolExecutor$Worker.run(ThreadPoolExecutor.java:635)
	at java.lang.Thread.run(Thread.java:840)
[0m
2024.09.25 19:20:35 INFO  no build target found for /home/jackcui/Arch/trace/workbench/Zeonica-Validation/Core/src/main/scala/Part/Comm.scala. Using presentation compiler with project's scala-library version: 3.3.3[0m
2024.09.25 19:20:38 INFO  no build target found for /home/jackcui/Arch/trace/workbench/Zeonica-Validation/Core/src/main/scala/Part/Comm.scala. Using presentation compiler with project's scala-library version: 3.3.3[0m
2024.09.25 19:20:38 INFO  no build target found for /home/jackcui/Arch/trace/workbench/Zeonica-Validation/Core/src/main/scala/Part/Comm.scala. Using presentation compiler with project's scala-library version: 3.3.3[0m
2024.09.25 19:20:39 INFO  no build target found for /home/jackcui/Arch/trace/workbench/Zeonica-Validation/Core/src/main/scala/Part/Comm.scala. Using presentation compiler with project's scala-library version: 3.3.3[0m
2024.09.25 19:20:39 WARN  no build target for: /home/jackcui/Arch/trace/workbench/Zeonica-Validation/Core/src/main/scala/Part/Comm.scala[0m
2024.09.25 19:20:39 ERROR /home/jackcui/Arch/trace/workbench/Zeonica-Validation/Core/src/main/scala/Part/Comm.scala
scala.meta.internal.tokenizers.package$UnexpectedInputEndException
	at scala.meta.internal.tokenizers.LegacyScanner.$anonfun$nextToken$1(LegacyScanner.scala:172)
	at scala.Function0.apply$mcV$sp(Function0.scala:42)
	at scala.meta.internal.tokenizers.LegacyScanner.scala$meta$internal$tokenizers$LegacyScanner$$nextToken(LegacyScanner.scala:178)
	at scala.meta.internal.tokenizers.LegacyScanner.nextToken(LegacyScanner.scala:172)
	at scala.meta.internal.mtags.ScalaToplevelMtags$XtensionScanner.mtagsNextToken(ScalaToplevelMtags.scala:72)
	at scala.meta.internal.mtags.ScalaToplevelMtags.loop(ScalaToplevelMtags.scala:500)
	at scala.meta.internal.mtags.ScalaToplevelMtags.indexRoot(ScalaToplevelMtags.scala:84)
	at scala.meta.internal.metals.SemanticdbDefinition$.foreachWithReturnMtags(SemanticdbDefinition.scala:81)
	at scala.meta.internal.metals.Indexer.indexSourceFile(Indexer.scala:595)
	at scala.meta.internal.metals.Indexer.$anonfun$reindexWorkspaceSources$3(Indexer.scala:693)
	at scala.meta.internal.metals.Indexer.$anonfun$reindexWorkspaceSources$3$adapted(Indexer.scala:690)
	at scala.collection.IterableOnceOps.foreach(IterableOnce.scala:619)
	at scala.collection.IterableOnceOps.foreach$(IterableOnce.scala:617)
	at scala.collection.AbstractIterator.foreach(Iterator.scala:1303)
	at scala.meta.internal.metals.Indexer.reindexWorkspaceSources(Indexer.scala:690)
	at scala.meta.internal.metals.MetalsLspService.$anonfun$onChange$2(MetalsLspService.scala:952)
	at scala.runtime.java8.JFunction0$mcV$sp.apply(JFunction0$mcV$sp.scala:18)
	at scala.concurrent.Future$.$anonfun$apply$1(Future.scala:687)
	at scala.concurrent.impl.Promise$Transformation.run(Promise.scala:467)
	at java.util.concurrent.ThreadPoolExecutor.runWorker(ThreadPoolExecutor.java:1136)
	at java.util.concurrent.ThreadPoolExecutor$Worker.run(ThreadPoolExecutor.java:635)
	at java.lang.Thread.run(Thread.java:840)
[0m
2024.09.25 19:20:40 WARN  no build target for: /home/jackcui/Arch/trace/workbench/Zeonica-Validation/Core/src/main/scala/Part/Comm.scala[0m
2024.09.25 19:20:40 ERROR /home/jackcui/Arch/trace/workbench/Zeonica-Validation/Core/src/main/scala/Part/Comm.scala
scala.meta.internal.tokenizers.package$UnexpectedInputEndException
	at scala.meta.internal.tokenizers.LegacyScanner.$anonfun$nextToken$1(LegacyScanner.scala:172)
	at scala.Function0.apply$mcV$sp(Function0.scala:42)
	at scala.meta.internal.tokenizers.LegacyScanner.scala$meta$internal$tokenizers$LegacyScanner$$nextToken(LegacyScanner.scala:178)
	at scala.meta.internal.tokenizers.LegacyScanner.nextToken(LegacyScanner.scala:172)
	at scala.meta.internal.mtags.ScalaToplevelMtags$XtensionScanner.mtagsNextToken(ScalaToplevelMtags.scala:72)
	at scala.meta.internal.mtags.ScalaToplevelMtags.loop(ScalaToplevelMtags.scala:500)
	at scala.meta.internal.mtags.ScalaToplevelMtags.indexRoot(ScalaToplevelMtags.scala:84)
	at scala.meta.internal.metals.SemanticdbDefinition$.foreachWithReturnMtags(SemanticdbDefinition.scala:81)
	at scala.meta.internal.metals.Indexer.indexSourceFile(Indexer.scala:595)
	at scala.meta.internal.metals.Indexer.$anonfun$reindexWorkspaceSources$3(Indexer.scala:693)
	at scala.meta.internal.metals.Indexer.$anonfun$reindexWorkspaceSources$3$adapted(Indexer.scala:690)
	at scala.collection.IterableOnceOps.foreach(IterableOnce.scala:619)
	at scala.collection.IterableOnceOps.foreach$(IterableOnce.scala:617)
	at scala.collection.AbstractIterator.foreach(Iterator.scala:1303)
	at scala.meta.internal.metals.Indexer.reindexWorkspaceSources(Indexer.scala:690)
	at scala.meta.internal.metals.MetalsLspService.$anonfun$onChange$2(MetalsLspService.scala:952)
	at scala.runtime.java8.JFunction0$mcV$sp.apply(JFunction0$mcV$sp.scala:18)
	at scala.concurrent.Future$.$anonfun$apply$1(Future.scala:687)
	at scala.concurrent.impl.Promise$Transformation.run(Promise.scala:467)
	at java.util.concurrent.ThreadPoolExecutor.runWorker(ThreadPoolExecutor.java:1136)
	at java.util.concurrent.ThreadPoolExecutor$Worker.run(ThreadPoolExecutor.java:635)
	at java.lang.Thread.run(Thread.java:840)
[0m
2024.09.25 19:20:41 INFO  no build target found for /home/jackcui/Arch/trace/workbench/Zeonica-Validation/Core/src/main/scala/Part/Comm.scala. Using presentation compiler with project's scala-library version: 3.3.3[0m
2024.09.25 19:20:41 INFO  no build target found for /home/jackcui/Arch/trace/workbench/Zeonica-Validation/Core/src/main/scala/Part/Comm.scala. Using presentation compiler with project's scala-library version: 3.3.3[0m
2024.09.25 19:20:41 WARN  no build target for: /home/jackcui/Arch/trace/workbench/Zeonica-Validation/Core/src/main/scala/Part/Comm.scala[0m
2024.09.25 19:20:42 ERROR /home/jackcui/Arch/trace/workbench/Zeonica-Validation/Core/src/main/scala/Part/Comm.scala
scala.meta.internal.tokenizers.package$UnexpectedInputEndException
	at scala.meta.internal.tokenizers.LegacyScanner.$anonfun$nextToken$1(LegacyScanner.scala:172)
	at scala.Function0.apply$mcV$sp(Function0.scala:42)
	at scala.meta.internal.tokenizers.LegacyScanner.scala$meta$internal$tokenizers$LegacyScanner$$nextToken(LegacyScanner.scala:178)
	at scala.meta.internal.tokenizers.LegacyScanner.nextToken(LegacyScanner.scala:172)
	at scala.meta.internal.mtags.ScalaToplevelMtags$XtensionScanner.mtagsNextToken(ScalaToplevelMtags.scala:72)
	at scala.meta.internal.mtags.ScalaToplevelMtags.loop(ScalaToplevelMtags.scala:500)
	at scala.meta.internal.mtags.ScalaToplevelMtags.indexRoot(ScalaToplevelMtags.scala:84)
	at scala.meta.internal.metals.SemanticdbDefinition$.foreachWithReturnMtags(SemanticdbDefinition.scala:81)
	at scala.meta.internal.metals.Indexer.indexSourceFile(Indexer.scala:595)
	at scala.meta.internal.metals.Indexer.$anonfun$reindexWorkspaceSources$3(Indexer.scala:693)
	at scala.meta.internal.metals.Indexer.$anonfun$reindexWorkspaceSources$3$adapted(Indexer.scala:690)
	at scala.collection.IterableOnceOps.foreach(IterableOnce.scala:619)
	at scala.collection.IterableOnceOps.foreach$(IterableOnce.scala:617)
	at scala.collection.AbstractIterator.foreach(Iterator.scala:1303)
	at scala.meta.internal.metals.Indexer.reindexWorkspaceSources(Indexer.scala:690)
	at scala.meta.internal.metals.MetalsLspService.$anonfun$onChange$2(MetalsLspService.scala:952)
	at scala.runtime.java8.JFunction0$mcV$sp.apply(JFunction0$mcV$sp.scala:18)
	at scala.concurrent.Future$.$anonfun$apply$1(Future.scala:687)
	at scala.concurrent.impl.Promise$Transformation.run(Promise.scala:467)
	at java.util.concurrent.ThreadPoolExecutor.runWorker(ThreadPoolExecutor.java:1136)
	at java.util.concurrent.ThreadPoolExecutor$Worker.run(ThreadPoolExecutor.java:635)
	at java.lang.Thread.run(Thread.java:840)
[0m
2024.09.25 19:20:56 INFO  no build target found for /home/jackcui/Arch/trace/workbench/Zeonica-Validation/Core/src/main/scala/Part/Comm.scala. Using presentation compiler with project's scala-library version: 3.3.3[0m
2024.09.25 19:20:57 INFO  no build target found for /home/jackcui/Arch/trace/workbench/Zeonica-Validation/Core/src/main/scala/Part/Comm.scala. Using presentation compiler with project's scala-library version: 3.3.3[0m
2024.09.25 19:20:56 INFO  no build target found for /home/jackcui/Arch/trace/workbench/Zeonica-Validation/Core/src/main/scala/Part/Comm.scala. Using presentation compiler with project's scala-library version: 3.3.3[0m
2024.09.25 19:20:57 INFO  no build target found for /home/jackcui/Arch/trace/workbench/Zeonica-Validation/Core/src/main/scala/Part/Comm.scala. Using presentation compiler with project's scala-library version: 3.3.3[0m
2024.09.25 19:20:56 INFO  no build target found for /home/jackcui/Arch/trace/workbench/Zeonica-Validation/Core/src/main/scala/Part/Comm.scala. Using presentation compiler with project's scala-library version: 3.3.3[0m
2024.09.25 19:20:57 INFO  no build target found for /home/jackcui/Arch/trace/workbench/Zeonica-Validation/Core/src/main/scala/Part/Comm.scala. Using presentation compiler with project's scala-library version: 3.3.3[0m
2024.09.25 19:20:57 INFO  no build target found for /home/jackcui/Arch/trace/workbench/Zeonica-Validation/Core/src/main/scala/Part/Comm.scala. Using presentation compiler with project's scala-library version: 3.3.3[0m
2024.09.25 19:20:57 INFO  no build target found for /home/jackcui/Arch/trace/workbench/Zeonica-Validation/Core/src/main/scala/Part/Comm.scala. Using presentation compiler with project's scala-library version: 3.3.3[0m
2024.09.25 19:20:57 INFO  no build target found for /home/jackcui/Arch/trace/workbench/Zeonica-Validation/Core/src/main/scala/Part/Comm.scala. Using presentation compiler with project's scala-library version: 3.3.3[0m
2024.09.25 19:21:02 INFO  no build target found for /home/jackcui/Arch/trace/workbench/Zeonica-Validation/Core/src/main/scala/Part/Comm.scala. Using presentation compiler with project's scala-library version: 3.3.3[0m
2024.09.25 19:21:02 INFO  no build target found for /home/jackcui/Arch/trace/workbench/Zeonica-Validation/Core/src/main/scala/Part/Comm.scala. Using presentation compiler with project's scala-library version: 3.3.3[0m
2024.09.25 19:21:02 INFO  no build target found for /home/jackcui/Arch/trace/workbench/Zeonica-Validation/Core/src/main/scala/Part/Comm.scala. Using presentation compiler with project's scala-library version: 3.3.3[0m
2024.09.25 19:21:02 INFO  no build target found for /home/jackcui/Arch/trace/workbench/Zeonica-Validation/Core/src/main/scala/Part/Comm.scala. Using presentation compiler with project's scala-library version: 3.3.3[0m
2024.09.25 19:21:02 INFO  no build target found for /home/jackcui/Arch/trace/workbench/Zeonica-Validation/Core/src/main/scala/Part/Comm.scala. Using presentation compiler with project's scala-library version: 3.3.3[0m
2024.09.25 19:21:02 INFO  no build target found for /home/jackcui/Arch/trace/workbench/Zeonica-Validation/Core/src/main/scala/Part/Comm.scala. Using presentation compiler with project's scala-library version: 3.3.3[0m
2024.09.25 19:21:02 INFO  no build target found for /home/jackcui/Arch/trace/workbench/Zeonica-Validation/Core/src/main/scala/Part/Comm.scala. Using presentation compiler with project's scala-library version: 3.3.3[0m
2024.09.25 19:21:02 INFO  no build target found for /home/jackcui/Arch/trace/workbench/Zeonica-Validation/Core/src/main/scala/Part/Comm.scala. Using presentation compiler with project's scala-library version: 3.3.3[0m
2024.09.25 19:21:02 INFO  no build target found for /home/jackcui/Arch/trace/workbench/Zeonica-Validation/Core/src/main/scala/Part/Comm.scala. Using presentation compiler with project's scala-library version: 3.3.3[0m
2024.09.25 19:21:02 INFO  no build target found for /home/jackcui/Arch/trace/workbench/Zeonica-Validation/Core/src/main/scala/Part/Comm.scala. Using presentation compiler with project's scala-library version: 3.3.3[0m
2024.09.25 19:21:03 INFO  no build target found for /home/jackcui/Arch/trace/workbench/Zeonica-Validation/Core/src/main/scala/Part/Comm.scala. Using presentation compiler with project's scala-library version: 3.3.3[0m
2024.09.25 19:21:03 INFO  no build target found for /home/jackcui/Arch/trace/workbench/Zeonica-Validation/Core/src/main/scala/Part/Comm.scala. Using presentation compiler with project's scala-library version: 3.3.3[0m
2024.09.25 19:21:03 INFO  no build target found for /home/jackcui/Arch/trace/workbench/Zeonica-Validation/Core/src/main/scala/Part/Comm.scala. Using presentation compiler with project's scala-library version: 3.3.3[0m
2024.09.25 19:21:03 INFO  no build target found for /home/jackcui/Arch/trace/workbench/Zeonica-Validation/Core/src/main/scala/Part/Comm.scala. Using presentation compiler with project's scala-library version: 3.3.3[0m
2024.09.25 19:21:03 INFO  no build target found for /home/jackcui/Arch/trace/workbench/Zeonica-Validation/Core/src/main/scala/Part/Comm.scala. Using presentation compiler with project's scala-library version: 3.3.3[0m
2024.09.25 19:21:03 INFO  no build target found for /home/jackcui/Arch/trace/workbench/Zeonica-Validation/Core/src/main/scala/Part/Comm.scala. Using presentation compiler with project's scala-library version: 3.3.3[0m
2024.09.25 19:21:03 INFO  no build target found for /home/jackcui/Arch/trace/workbench/Zeonica-Validation/Core/src/main/scala/Part/Comm.scala. Using presentation compiler with project's scala-library version: 3.3.3[0m
2024.09.25 19:21:03 INFO  no build target found for /home/jackcui/Arch/trace/workbench/Zeonica-Validation/Core/src/main/scala/Part/Comm.scala. Using presentation compiler with project's scala-library version: 3.3.3[0m
2024.09.25 19:21:03 INFO  no build target found for /home/jackcui/Arch/trace/workbench/Zeonica-Validation/Core/src/main/scala/Part/Comm.scala. Using presentation compiler with project's scala-library version: 3.3.3[0m
2024.09.25 19:21:04 INFO  no build target found for /home/jackcui/Arch/trace/workbench/Zeonica-Validation/Core/src/main/scala/Part/Comm.scala. Using presentation compiler with project's scala-library version: 3.3.3[0m
2024.09.25 19:21:06 INFO  no build target found for /home/jackcui/Arch/trace/workbench/Zeonica-Validation/Core/src/main/scala/Part/Comm.scala. Using presentation compiler with project's scala-library version: 3.3.3[0m
2024.09.25 19:21:06 INFO  no build target found for /home/jackcui/Arch/trace/workbench/Zeonica-Validation/Core/src/main/scala/Part/Comm.scala. Using presentation compiler with project's scala-library version: 3.3.3[0m
2024.09.25 19:21:12 INFO  no build target found for /home/jackcui/Arch/trace/workbench/Zeonica-Validation/Core/src/main/scala/Part/Comm.scala. Using presentation compiler with project's scala-library version: 3.3.3[0m
2024.09.25 19:21:12 INFO  no build target found for /home/jackcui/Arch/trace/workbench/Zeonica-Validation/Core/src/main/scala/Part/Comm.scala. Using presentation compiler with project's scala-library version: 3.3.3[0m
2024.09.25 19:21:13 INFO  no build target found for /home/jackcui/Arch/trace/workbench/Zeonica-Validation/Core/src/main/scala/Part/Comm.scala. Using presentation compiler with project's scala-library version: 3.3.3[0m
2024.09.25 19:21:13 INFO  no build target found for /home/jackcui/Arch/trace/workbench/Zeonica-Validation/Core/src/main/scala/Part/Comm.scala. Using presentation compiler with project's scala-library version: 3.3.3[0m
2024.09.25 19:21:14 INFO  no build target found for /home/jackcui/Arch/trace/workbench/Zeonica-Validation/Core/src/main/scala/Part/Comm.scala. Using presentation compiler with project's scala-library version: 3.3.3[0m
2024.09.25 19:21:14 INFO  no build target found for /home/jackcui/Arch/trace/workbench/Zeonica-Validation/Core/src/main/scala/Part/Comm.scala. Using presentation compiler with project's scala-library version: 3.3.3[0m
2024.09.25 19:21:14 INFO  no build target found for /home/jackcui/Arch/trace/workbench/Zeonica-Validation/Core/src/main/scala/Part/Comm.scala. Using presentation compiler with project's scala-library version: 3.3.3[0m
2024.09.25 19:21:14 INFO  no build target found for /home/jackcui/Arch/trace/workbench/Zeonica-Validation/Core/src/main/scala/Part/Comm.scala. Using presentation compiler with project's scala-library version: 3.3.3[0m
2024.09.25 19:21:14 INFO  no build target found for /home/jackcui/Arch/trace/workbench/Zeonica-Validation/Core/src/main/scala/Part/Comm.scala. Using presentation compiler with project's scala-library version: 3.3.3[0m
2024.09.25 19:21:14 INFO  no build target found for /home/jackcui/Arch/trace/workbench/Zeonica-Validation/Core/src/main/scala/Part/Comm.scala. Using presentation compiler with project's scala-library version: 3.3.3[0m
2024.09.25 19:21:15 INFO  no build target found for /home/jackcui/Arch/trace/workbench/Zeonica-Validation/Core/src/main/scala/Part/Comm.scala. Using presentation compiler with project's scala-library version: 3.3.3[0m
2024.09.25 19:21:15 INFO  no build target found for /home/jackcui/Arch/trace/workbench/Zeonica-Validation/Core/src/main/scala/Part/Comm.scala. Using presentation compiler with project's scala-library version: 3.3.3[0m
2024.09.25 19:21:15 INFO  no build target found for /home/jackcui/Arch/trace/workbench/Zeonica-Validation/Core/src/main/scala/Part/Comm.scala. Using presentation compiler with project's scala-library version: 3.3.3[0m
2024.09.25 19:21:16 WARN  no build target for: /home/jackcui/Arch/trace/workbench/Zeonica-Validation/Core/src/main/scala/Part/Comm.scala[0m
2024.09.25 19:21:16 ERROR /home/jackcui/Arch/trace/workbench/Zeonica-Validation/Core/src/main/scala/Part/Comm.scala
scala.meta.internal.tokenizers.package$UnexpectedInputEndException
	at scala.meta.internal.tokenizers.LegacyScanner.$anonfun$nextToken$1(LegacyScanner.scala:172)
	at scala.Function0.apply$mcV$sp(Function0.scala:42)
	at scala.meta.internal.tokenizers.LegacyScanner.scala$meta$internal$tokenizers$LegacyScanner$$nextToken(LegacyScanner.scala:178)
	at scala.meta.internal.tokenizers.LegacyScanner.nextToken(LegacyScanner.scala:172)
	at scala.meta.internal.mtags.ScalaToplevelMtags$XtensionScanner.mtagsNextToken(ScalaToplevelMtags.scala:72)
	at scala.meta.internal.mtags.ScalaToplevelMtags.loop(ScalaToplevelMtags.scala:500)
	at scala.meta.internal.mtags.ScalaToplevelMtags.indexRoot(ScalaToplevelMtags.scala:84)
	at scala.meta.internal.metals.SemanticdbDefinition$.foreachWithReturnMtags(SemanticdbDefinition.scala:81)
	at scala.meta.internal.metals.Indexer.indexSourceFile(Indexer.scala:595)
	at scala.meta.internal.metals.Indexer.$anonfun$reindexWorkspaceSources$3(Indexer.scala:693)
	at scala.meta.internal.metals.Indexer.$anonfun$reindexWorkspaceSources$3$adapted(Indexer.scala:690)
	at scala.collection.IterableOnceOps.foreach(IterableOnce.scala:619)
	at scala.collection.IterableOnceOps.foreach$(IterableOnce.scala:617)
	at scala.collection.AbstractIterator.foreach(Iterator.scala:1303)
	at scala.meta.internal.metals.Indexer.reindexWorkspaceSources(Indexer.scala:690)
	at scala.meta.internal.metals.MetalsLspService.$anonfun$onChange$2(MetalsLspService.scala:952)
	at scala.runtime.java8.JFunction0$mcV$sp.apply(JFunction0$mcV$sp.scala:18)
	at scala.concurrent.Future$.$anonfun$apply$1(Future.scala:687)
	at scala.concurrent.impl.Promise$Transformation.run(Promise.scala:467)
	at java.util.concurrent.ThreadPoolExecutor.runWorker(ThreadPoolExecutor.java:1136)
	at java.util.concurrent.ThreadPoolExecutor$Worker.run(ThreadPoolExecutor.java:635)
	at java.lang.Thread.run(Thread.java:840)
[0m
2024.09.25 19:21:17 INFO  no build target found for /home/jackcui/Arch/trace/workbench/Zeonica-Validation/Core/src/main/scala/Part/Comm.scala. Using presentation compiler with project's scala-library version: 3.3.3[0m
2024.09.25 19:21:17 INFO  no build target found for /home/jackcui/Arch/trace/workbench/Zeonica-Validation/Core/src/main/scala/Part/Comm.scala. Using presentation compiler with project's scala-library version: 3.3.3[0m
2024.09.25 19:21:17 INFO  no build target found for /home/jackcui/Arch/trace/workbench/Zeonica-Validation/Core/src/main/scala/Part/Comm.scala. Using presentation compiler with project's scala-library version: 3.3.3[0m
2024.09.25 19:21:19 INFO  no build target found for /home/jackcui/Arch/trace/workbench/Zeonica-Validation/Core/src/main/scala/Part/Comm.scala. Using presentation compiler with project's scala-library version: 3.3.3[0m
2024.09.25 19:21:19 INFO  no build target found for /home/jackcui/Arch/trace/workbench/Zeonica-Validation/Core/src/main/scala/Part/Comm.scala. Using presentation compiler with project's scala-library version: 3.3.3[0m
2024.09.25 19:21:20 INFO  no build target found for /home/jackcui/Arch/trace/workbench/Zeonica-Validation/Core/src/main/scala/Part/Comm.scala. Using presentation compiler with project's scala-library version: 3.3.3[0m
2024.09.25 19:21:20 INFO  no build target found for /home/jackcui/Arch/trace/workbench/Zeonica-Validation/Core/src/main/scala/Part/Comm.scala. Using presentation compiler with project's scala-library version: 3.3.3[0m
2024.09.25 19:21:20 INFO  no build target found for /home/jackcui/Arch/trace/workbench/Zeonica-Validation/Core/src/main/scala/Part/Comm.scala. Using presentation compiler with project's scala-library version: 3.3.3[0m
2024.09.25 19:21:20 INFO  no build target found for /home/jackcui/Arch/trace/workbench/Zeonica-Validation/Core/src/main/scala/Part/Comm.scala. Using presentation compiler with project's scala-library version: 3.3.3[0m
2024.09.25 19:21:20 INFO  no build target found for /home/jackcui/Arch/trace/workbench/Zeonica-Validation/Core/src/main/scala/Part/Comm.scala. Using presentation compiler with project's scala-library version: 3.3.3[0m
2024.09.25 19:21:20 INFO  no build target found for /home/jackcui/Arch/trace/workbench/Zeonica-Validation/Core/src/main/scala/Part/Comm.scala. Using presentation compiler with project's scala-library version: 3.3.3[0m
2024.09.25 19:21:21 INFO  no build target found for /home/jackcui/Arch/trace/workbench/Zeonica-Validation/Core/src/main/scala/Part/Comm.scala. Using presentation compiler with project's scala-library version: 3.3.3[0m
2024.09.25 19:21:21 INFO  no build target found for /home/jackcui/Arch/trace/workbench/Zeonica-Validation/Core/src/main/scala/Part/Comm.scala. Using presentation compiler with project's scala-library version: 3.3.3[0m
2024.09.25 19:21:21 INFO  no build target found for /home/jackcui/Arch/trace/workbench/Zeonica-Validation/Core/src/main/scala/Part/Comm.scala. Using presentation compiler with project's scala-library version: 3.3.3[0m
2024.09.25 19:21:21 INFO  no build target found for /home/jackcui/Arch/trace/workbench/Zeonica-Validation/Core/src/main/scala/Part/Comm.scala. Using presentation compiler with project's scala-library version: 3.3.3[0m
2024.09.25 19:21:22 INFO  no build target found for /home/jackcui/Arch/trace/workbench/Zeonica-Validation/Core/src/main/scala/Part/Comm.scala. Using presentation compiler with project's scala-library version: 3.3.3[0m
2024.09.25 19:21:23 INFO  no build target found for /home/jackcui/Arch/trace/workbench/Zeonica-Validation/Core/src/main/scala/Part/Comm.scala. Using presentation compiler with project's scala-library version: 3.3.3[0m
2024.09.25 19:21:23 INFO  no build target found for /home/jackcui/Arch/trace/workbench/Zeonica-Validation/Core/src/main/scala/Part/Comm.scala. Using presentation compiler with project's scala-library version: 3.3.3[0m
2024.09.25 19:21:23 INFO  no build target found for /home/jackcui/Arch/trace/workbench/Zeonica-Validation/Core/src/main/scala/Part/Comm.scala. Using presentation compiler with project's scala-library version: 3.3.3[0m
2024.09.25 19:21:23 INFO  no build target found for /home/jackcui/Arch/trace/workbench/Zeonica-Validation/Core/src/main/scala/Part/Comm.scala. Using presentation compiler with project's scala-library version: 3.3.3[0m
2024.09.25 19:21:24 INFO  no build target found for /home/jackcui/Arch/trace/workbench/Zeonica-Validation/Core/src/main/scala/Part/Comm.scala. Using presentation compiler with project's scala-library version: 3.3.3[0m
2024.09.25 19:21:25 INFO  no build target found for /home/jackcui/Arch/trace/workbench/Zeonica-Validation/Core/src/main/scala/Part/Comm.scala. Using presentation compiler with project's scala-library version: 3.3.3[0m
2024.09.25 19:21:24 INFO  no build target found for /home/jackcui/Arch/trace/workbench/Zeonica-Validation/Core/src/main/scala/Part/Comm.scala. Using presentation compiler with project's scala-library version: 3.3.3[0m
2024.09.25 19:21:24 INFO  no build target found for /home/jackcui/Arch/trace/workbench/Zeonica-Validation/Core/src/main/scala/Part/Comm.scala. Using presentation compiler with project's scala-library version: 3.3.3[0m
2024.09.25 19:21:24 INFO  no build target found for /home/jackcui/Arch/trace/workbench/Zeonica-Validation/Core/src/main/scala/Part/Comm.scala. Using presentation compiler with project's scala-library version: 3.3.3[0m
2024.09.25 19:21:25 INFO  no build target found for /home/jackcui/Arch/trace/workbench/Zeonica-Validation/Core/src/main/scala/Part/Comm.scala. Using presentation compiler with project's scala-library version: 3.3.3[0m
2024.09.25 19:21:26 INFO  no build target found for /home/jackcui/Arch/trace/workbench/Zeonica-Validation/Core/src/main/scala/Part/Comm.scala. Using presentation compiler with project's scala-library version: 3.3.3[0m
2024.09.25 19:21:26 INFO  no build target found for /home/jackcui/Arch/trace/workbench/Zeonica-Validation/Core/src/main/scala/Part/Comm.scala. Using presentation compiler with project's scala-library version: 3.3.3[0m
2024.09.25 19:21:26 INFO  no build target found for /home/jackcui/Arch/trace/workbench/Zeonica-Validation/Core/src/main/scala/Part/Comm.scala. Using presentation compiler with project's scala-library version: 3.3.3[0m
2024.09.25 19:21:26 INFO  no build target found for /home/jackcui/Arch/trace/workbench/Zeonica-Validation/Core/src/main/scala/Part/Comm.scala. Using presentation compiler with project's scala-library version: 3.3.3[0m
2024.09.25 19:21:26 INFO  no build target found for /home/jackcui/Arch/trace/workbench/Zeonica-Validation/Core/src/main/scala/Part/Comm.scala. Using presentation compiler with project's scala-library version: 3.3.3[0m
2024.09.25 19:21:27 INFO  no build target found for /home/jackcui/Arch/trace/workbench/Zeonica-Validation/Core/src/main/scala/Part/Comm.scala. Using presentation compiler with project's scala-library version: 3.3.3[0m
2024.09.25 19:21:27 INFO  no build target found for /home/jackcui/Arch/trace/workbench/Zeonica-Validation/Core/src/main/scala/Part/Comm.scala. Using presentation compiler with project's scala-library version: 3.3.3[0m
2024.09.25 19:21:27 INFO  no build target found for /home/jackcui/Arch/trace/workbench/Zeonica-Validation/Core/src/main/scala/Part/Comm.scala. Using presentation compiler with project's scala-library version: 3.3.3[0m
2024.09.25 19:21:28 INFO  no build target found for /home/jackcui/Arch/trace/workbench/Zeonica-Validation/Core/src/main/scala/Part/Comm.scala. Using presentation compiler with project's scala-library version: 3.3.3[0m
2024.09.25 19:21:29 INFO  no build target found for /home/jackcui/Arch/trace/workbench/Zeonica-Validation/Core/src/main/scala/Part/Comm.scala. Using presentation compiler with project's scala-library version: 3.3.3[0m
Sep 25, 2024 7:21:29 PM org.eclipse.lsp4j.jsonrpc.RemoteEndpoint fallbackResponseError
SEVERE: Internal error: An unexpected exception occurred while executing jsonrpc method public abstract java.util.concurrent.CompletableFuture scala.meta.metals.lsp.TextDocumentService.definition(org.eclipse.lsp4j.TextDocumentPositionParams)
java.lang.IllegalStateException: An unexpected exception occurred while executing jsonrpc method public abstract java.util.concurrent.CompletableFuture scala.meta.metals.lsp.TextDocumentService.definition(org.eclipse.lsp4j.TextDocumentPositionParams)
	at org.eclipse.lsp4j.jsonrpc.services.GenericEndpoint.lambda$recursiveFindRpcMethods$0(GenericEndpoint.java:73)
	at org.eclipse.lsp4j.jsonrpc.services.GenericEndpoint.request(GenericEndpoint.java:128)
	at org.eclipse.lsp4j.jsonrpc.RemoteEndpoint.handleRequest(RemoteEndpoint.java:271)
	at org.eclipse.lsp4j.jsonrpc.RemoteEndpoint.consume(RemoteEndpoint.java:201)
	at org.eclipse.lsp4j.jsonrpc.json.StreamMessageProducer.handleMessage(StreamMessageProducer.java:185)
	at org.eclipse.lsp4j.jsonrpc.json.StreamMessageProducer.listen(StreamMessageProducer.java:97)
	at org.eclipse.lsp4j.jsonrpc.json.ConcurrentMessageProcessor.run(ConcurrentMessageProcessor.java:114)
	at java.base/java.util.concurrent.Executors$RunnableAdapter.call(Executors.java:539)
	at java.base/java.util.concurrent.FutureTask.run(FutureTask.java:264)
	at java.base/java.util.concurrent.ThreadPoolExecutor.runWorker(ThreadPoolExecutor.java:1136)
	at java.base/java.util.concurrent.ThreadPoolExecutor$Worker.run(ThreadPoolExecutor.java:635)
	at java.base/java.lang.Thread.run(Thread.java:840)
Caused by: scala.meta.internal.tokenizers.package$UnexpectedInputEndException
	at scala.meta.internal.tokenizers.LegacyScanner.$anonfun$nextToken$1(LegacyScanner.scala:172)
	at scala.Function0.apply$mcV$sp(Function0.scala:42)
	at scala.meta.internal.tokenizers.LegacyScanner.scala$meta$internal$tokenizers$LegacyScanner$$nextToken(LegacyScanner.scala:178)
	at scala.meta.internal.tokenizers.LegacyScanner.nextToken(LegacyScanner.scala:172)
	at scala.meta.internal.mtags.ScalaToplevelMtags$XtensionScanner.mtagsNextToken(ScalaToplevelMtags.scala:72)
	at scala.meta.internal.mtags.ScalaToplevelMtags.loop(ScalaToplevelMtags.scala:500)
	at scala.meta.internal.mtags.ScalaToplevelMtags.indexRoot(ScalaToplevelMtags.scala:84)
	at scala.meta.internal.mtags.MtagsIndexer.index(MtagsIndexer.scala:21)
	at scala.meta.internal.mtags.MtagsIndexer.index$(MtagsIndexer.scala:20)
	at scala.meta.internal.mtags.ScalaToplevelMtags.index(ScalaToplevelMtags.scala:44)
	at scala.meta.internal.mtags.Mtags$.allToplevels(Mtags.scala:154)
	at scala.meta.internal.metals.DefinitionProvider.fromMtags(DefinitionProvider.scala:405)
	at scala.meta.internal.metals.DefinitionProvider.$anonfun$positionOccurrence$4(DefinitionProvider.scala:324)
	at scala.Option.orElse(Option.scala:477)
	at scala.meta.internal.metals.DefinitionProvider.$anonfun$positionOccurrence$1(DefinitionProvider.scala:324)
	at scala.Option.flatMap(Option.scala:283)
	at scala.meta.internal.metals.DefinitionProvider.positionOccurrence(DefinitionProvider.scala:316)
	at scala.meta.internal.metals.MetalsLspService.$anonfun$definitionOrReferences$1(MetalsLspService.scala:1654)
	at scala.Option.map(Option.scala:242)
	at scala.meta.internal.metals.MetalsLspService.definitionOrReferences(MetalsLspService.scala:1650)
	at scala.meta.internal.metals.MetalsLspService.$anonfun$definition$1(MetalsLspService.scala:979)
	at scala.meta.internal.metals.CancelTokens$.future(CancelTokens.scala:38)
	at scala.meta.internal.metals.MetalsLspService.definition(MetalsLspService.scala:978)
	at scala.meta.internal.metals.WorkspaceLspService.definition(WorkspaceLspService.scala:425)
	at scala.meta.metals.lsp.DelegatingScalaService.definition(DelegatingScalaService.scala:69)
	at java.base/jdk.internal.reflect.NativeMethodAccessorImpl.invoke0(Native Method)
	at java.base/jdk.internal.reflect.NativeMethodAccessorImpl.invoke(NativeMethodAccessorImpl.java:77)
	at java.base/jdk.internal.reflect.DelegatingMethodAccessorImpl.invoke(DelegatingMethodAccessorImpl.java:43)
	at java.base/java.lang.reflect.Method.invoke(Method.java:569)
	at org.eclipse.lsp4j.jsonrpc.services.GenericEndpoint.lambda$recursiveFindRpcMethods$0(GenericEndpoint.java:65)
	... 11 more

2024.09.25 19:21:30 WARN  no build target for: /home/jackcui/Arch/trace/workbench/Zeonica-Validation/Core/src/main/scala/Part/Comm.scala[0m
2024.09.25 19:21:30 ERROR /home/jackcui/Arch/trace/workbench/Zeonica-Validation/Core/src/main/scala/Part/Comm.scala
scala.meta.internal.tokenizers.package$UnexpectedInputEndException
	at scala.meta.internal.tokenizers.LegacyScanner.$anonfun$nextToken$1(LegacyScanner.scala:172)
	at scala.Function0.apply$mcV$sp(Function0.scala:42)
	at scala.meta.internal.tokenizers.LegacyScanner.scala$meta$internal$tokenizers$LegacyScanner$$nextToken(LegacyScanner.scala:178)
	at scala.meta.internal.tokenizers.LegacyScanner.nextToken(LegacyScanner.scala:172)
	at scala.meta.internal.mtags.ScalaToplevelMtags$XtensionScanner.mtagsNextToken(ScalaToplevelMtags.scala:72)
	at scala.meta.internal.mtags.ScalaToplevelMtags.loop(ScalaToplevelMtags.scala:500)
	at scala.meta.internal.mtags.ScalaToplevelMtags.indexRoot(ScalaToplevelMtags.scala:84)
	at scala.meta.internal.metals.SemanticdbDefinition$.foreachWithReturnMtags(SemanticdbDefinition.scala:81)
	at scala.meta.internal.metals.Indexer.indexSourceFile(Indexer.scala:595)
	at scala.meta.internal.metals.Indexer.$anonfun$reindexWorkspaceSources$3(Indexer.scala:693)
	at scala.meta.internal.metals.Indexer.$anonfun$reindexWorkspaceSources$3$adapted(Indexer.scala:690)
	at scala.collection.IterableOnceOps.foreach(IterableOnce.scala:619)
	at scala.collection.IterableOnceOps.foreach$(IterableOnce.scala:617)
	at scala.collection.AbstractIterator.foreach(Iterator.scala:1303)
	at scala.meta.internal.metals.Indexer.reindexWorkspaceSources(Indexer.scala:690)
	at scala.meta.internal.metals.MetalsLspService.$anonfun$onChange$2(MetalsLspService.scala:952)
	at scala.runtime.java8.JFunction0$mcV$sp.apply(JFunction0$mcV$sp.scala:18)
	at scala.concurrent.Future$.$anonfun$apply$1(Future.scala:687)
	at scala.concurrent.impl.Promise$Transformation.run(Promise.scala:467)
	at java.util.concurrent.ThreadPoolExecutor.runWorker(ThreadPoolExecutor.java:1136)
	at java.util.concurrent.ThreadPoolExecutor$Worker.run(ThreadPoolExecutor.java:635)
	at java.lang.Thread.run(Thread.java:840)
[0m
2024.09.25 19:21:31 INFO  no build target found for /home/jackcui/Arch/trace/workbench/Zeonica-Validation/Core/src/main/scala/Part/Comm.scala. Using presentation compiler with project's scala-library version: 3.3.3[0m
2024.09.25 19:21:32 INFO  no build target found for /home/jackcui/Arch/trace/workbench/Zeonica-Validation/Core/src/main/scala/Part/Comm.scala. Using presentation compiler with project's scala-library version: 3.3.3[0m
2024.09.25 19:21:32 INFO  no build target found for /home/jackcui/Arch/trace/workbench/Zeonica-Validation/Core/src/main/scala/Part/Comm.scala. Using presentation compiler with project's scala-library version: 3.3.3[0m
2024.09.25 19:21:32 INFO  no build target found for /home/jackcui/Arch/trace/workbench/Zeonica-Validation/Core/src/main/scala/Part/Comm.scala. Using presentation compiler with project's scala-library version: 3.3.3[0m
2024.09.25 19:21:33 INFO  no build target found for /home/jackcui/Arch/trace/workbench/Zeonica-Validation/Core/src/main/scala/Part/Comm.scala. Using presentation compiler with project's scala-library version: 3.3.3[0m
2024.09.25 19:21:33 INFO  no build target found for /home/jackcui/Arch/trace/workbench/Zeonica-Validation/Core/src/main/scala/Part/Comm.scala. Using presentation compiler with project's scala-library version: 3.3.3[0m
2024.09.25 19:21:33 INFO  no build target found for /home/jackcui/Arch/trace/workbench/Zeonica-Validation/Core/src/main/scala/Part/Comm.scala. Using presentation compiler with project's scala-library version: 3.3.3[0m
2024.09.25 19:21:33 INFO  no build target found for /home/jackcui/Arch/trace/workbench/Zeonica-Validation/Core/src/main/scala/Part/Comm.scala. Using presentation compiler with project's scala-library version: 3.3.3[0m
2024.09.25 19:21:33 INFO  no build target found for /home/jackcui/Arch/trace/workbench/Zeonica-Validation/Core/src/main/scala/Part/Comm.scala. Using presentation compiler with project's scala-library version: 3.3.3[0m
2024.09.25 19:21:34 INFO  no build target found for /home/jackcui/Arch/trace/workbench/Zeonica-Validation/Core/src/main/scala/Part/Comm.scala. Using presentation compiler with project's scala-library version: 3.3.3[0m
2024.09.25 19:21:34 INFO  no build target found for /home/jackcui/Arch/trace/workbench/Zeonica-Validation/Core/src/main/scala/Part/Comm.scala. Using presentation compiler with project's scala-library version: 3.3.3[0m
2024.09.25 19:21:34 INFO  no build target found for /home/jackcui/Arch/trace/workbench/Zeonica-Validation/Core/src/main/scala/Part/Comm.scala. Using presentation compiler with project's scala-library version: 3.3.3[0m
2024.09.25 19:21:35 INFO  no build target found for /home/jackcui/Arch/trace/workbench/Zeonica-Validation/Core/src/main/scala/Part/Comm.scala. Using presentation compiler with project's scala-library version: 3.3.3[0m
2024.09.25 19:21:35 WARN  no build target for: /home/jackcui/Arch/trace/workbench/Zeonica-Validation/Core/src/main/scala/Part/Comm.scala[0m
2024.09.25 19:21:35 ERROR /home/jackcui/Arch/trace/workbench/Zeonica-Validation/Core/src/main/scala/Part/Comm.scala
scala.meta.internal.tokenizers.package$UnexpectedInputEndException
	at scala.meta.internal.tokenizers.LegacyScanner.$anonfun$nextToken$1(LegacyScanner.scala:172)
	at scala.Function0.apply$mcV$sp(Function0.scala:42)
	at scala.meta.internal.tokenizers.LegacyScanner.scala$meta$internal$tokenizers$LegacyScanner$$nextToken(LegacyScanner.scala:178)
	at scala.meta.internal.tokenizers.LegacyScanner.nextToken(LegacyScanner.scala:172)
	at scala.meta.internal.mtags.ScalaToplevelMtags$XtensionScanner.mtagsNextToken(ScalaToplevelMtags.scala:72)
	at scala.meta.internal.mtags.ScalaToplevelMtags.loop(ScalaToplevelMtags.scala:500)
	at scala.meta.internal.mtags.ScalaToplevelMtags.indexRoot(ScalaToplevelMtags.scala:84)
	at scala.meta.internal.metals.SemanticdbDefinition$.foreachWithReturnMtags(SemanticdbDefinition.scala:81)
	at scala.meta.internal.metals.Indexer.indexSourceFile(Indexer.scala:595)
	at scala.meta.internal.metals.Indexer.$anonfun$reindexWorkspaceSources$3(Indexer.scala:693)
	at scala.meta.internal.metals.Indexer.$anonfun$reindexWorkspaceSources$3$adapted(Indexer.scala:690)
	at scala.collection.IterableOnceOps.foreach(IterableOnce.scala:619)
	at scala.collection.IterableOnceOps.foreach$(IterableOnce.scala:617)
	at scala.collection.AbstractIterator.foreach(Iterator.scala:1303)
	at scala.meta.internal.metals.Indexer.reindexWorkspaceSources(Indexer.scala:690)
	at scala.meta.internal.metals.MetalsLspService.$anonfun$onChange$2(MetalsLspService.scala:952)
	at scala.runtime.java8.JFunction0$mcV$sp.apply(JFunction0$mcV$sp.scala:18)
	at scala.concurrent.Future$.$anonfun$apply$1(Future.scala:687)
	at scala.concurrent.impl.Promise$Transformation.run(Promise.scala:467)
	at java.util.concurrent.ThreadPoolExecutor.runWorker(ThreadPoolExecutor.java:1136)
	at java.util.concurrent.ThreadPoolExecutor$Worker.run(ThreadPoolExecutor.java:635)
	at java.lang.Thread.run(Thread.java:840)
[0m
Sep 25, 2024 7:21:35 PM org.eclipse.lsp4j.jsonrpc.RemoteEndpoint fallbackResponseError
SEVERE: Internal error: An unexpected exception occurred while executing jsonrpc method public abstract java.util.concurrent.CompletableFuture scala.meta.metals.lsp.TextDocumentService.definition(org.eclipse.lsp4j.TextDocumentPositionParams)
java.lang.IllegalStateException: An unexpected exception occurred while executing jsonrpc method public abstract java.util.concurrent.CompletableFuture scala.meta.metals.lsp.TextDocumentService.definition(org.eclipse.lsp4j.TextDocumentPositionParams)
	at org.eclipse.lsp4j.jsonrpc.services.GenericEndpoint.lambda$recursiveFindRpcMethods$0(GenericEndpoint.java:73)
	at org.eclipse.lsp4j.jsonrpc.services.GenericEndpoint.request(GenericEndpoint.java:128)
	at org.eclipse.lsp4j.jsonrpc.RemoteEndpoint.handleRequest(RemoteEndpoint.java:271)
	at org.eclipse.lsp4j.jsonrpc.RemoteEndpoint.consume(RemoteEndpoint.java:201)
	at org.eclipse.lsp4j.jsonrpc.json.StreamMessageProducer.handleMessage(StreamMessageProducer.java:185)
	at org.eclipse.lsp4j.jsonrpc.json.StreamMessageProducer.listen(StreamMessageProducer.java:97)
	at org.eclipse.lsp4j.jsonrpc.json.ConcurrentMessageProcessor.run(ConcurrentMessageProcessor.java:114)
	at java.base/java.util.concurrent.Executors$RunnableAdapter.call(Executors.java:539)
	at java.base/java.util.concurrent.FutureTask.run(FutureTask.java:264)
	at java.base/java.util.concurrent.ThreadPoolExecutor.runWorker(ThreadPoolExecutor.java:1136)
	at java.base/java.util.concurrent.ThreadPoolExecutor$Worker.run(ThreadPoolExecutor.java:635)
	at java.base/java.lang.Thread.run(Thread.java:840)
Caused by: scala.meta.internal.tokenizers.package$UnexpectedInputEndException
	at scala.meta.internal.tokenizers.LegacyScanner.$anonfun$nextToken$1(LegacyScanner.scala:172)
	at scala.Function0.apply$mcV$sp(Function0.scala:42)
	at scala.meta.internal.tokenizers.LegacyScanner.scala$meta$internal$tokenizers$LegacyScanner$$nextToken(LegacyScanner.scala:178)
	at scala.meta.internal.tokenizers.LegacyScanner.nextToken(LegacyScanner.scala:172)
	at scala.meta.internal.mtags.ScalaToplevelMtags$XtensionScanner.mtagsNextToken(ScalaToplevelMtags.scala:72)
	at scala.meta.internal.mtags.ScalaToplevelMtags.loop(ScalaToplevelMtags.scala:500)
	at scala.meta.internal.mtags.ScalaToplevelMtags.indexRoot(ScalaToplevelMtags.scala:84)
	at scala.meta.internal.mtags.MtagsIndexer.index(MtagsIndexer.scala:21)
	at scala.meta.internal.mtags.MtagsIndexer.index$(MtagsIndexer.scala:20)
	at scala.meta.internal.mtags.ScalaToplevelMtags.index(ScalaToplevelMtags.scala:44)
	at scala.meta.internal.mtags.Mtags$.allToplevels(Mtags.scala:154)
	at scala.meta.internal.metals.DefinitionProvider.fromMtags(DefinitionProvider.scala:405)
	at scala.meta.internal.metals.DefinitionProvider.$anonfun$positionOccurrence$4(DefinitionProvider.scala:324)
	at scala.Option.orElse(Option.scala:477)
	at scala.meta.internal.metals.DefinitionProvider.$anonfun$positionOccurrence$1(DefinitionProvider.scala:324)
	at scala.Option.flatMap(Option.scala:283)
	at scala.meta.internal.metals.DefinitionProvider.positionOccurrence(DefinitionProvider.scala:316)
	at scala.meta.internal.metals.MetalsLspService.$anonfun$definitionOrReferences$1(MetalsLspService.scala:1654)
	at scala.Option.map(Option.scala:242)
	at scala.meta.internal.metals.MetalsLspService.definitionOrReferences(MetalsLspService.scala:1650)
	at scala.meta.internal.metals.MetalsLspService.$anonfun$definition$1(MetalsLspService.scala:979)
	at scala.meta.internal.metals.CancelTokens$.future(CancelTokens.scala:38)
	at scala.meta.internal.metals.MetalsLspService.definition(MetalsLspService.scala:978)
	at scala.meta.internal.metals.WorkspaceLspService.definition(WorkspaceLspService.scala:425)
	at scala.meta.metals.lsp.DelegatingScalaService.definition(DelegatingScalaService.scala:69)
	at java.base/jdk.internal.reflect.NativeMethodAccessorImpl.invoke0(Native Method)
	at java.base/jdk.internal.reflect.NativeMethodAccessorImpl.invoke(NativeMethodAccessorImpl.java:77)
	at java.base/jdk.internal.reflect.DelegatingMethodAccessorImpl.invoke(DelegatingMethodAccessorImpl.java:43)
	at java.base/java.lang.reflect.Method.invoke(Method.java:569)
	at org.eclipse.lsp4j.jsonrpc.services.GenericEndpoint.lambda$recursiveFindRpcMethods$0(GenericEndpoint.java:65)
	... 11 more

2024.09.25 19:21:35 INFO  no build target found for /home/jackcui/Arch/trace/workbench/Zeonica-Validation/Core/src/main/scala/Part/Comm.scala. Using presentation compiler with project's scala-library version: 3.3.3[0m
2024.09.25 19:21:36 INFO  no build target found for /home/jackcui/Arch/trace/workbench/Zeonica-Validation/Core/src/main/scala/Part/Comm.scala. Using presentation compiler with project's scala-library version: 3.3.3[0m
2024.09.25 19:21:57 INFO  no build target found for /home/jackcui/Arch/trace/workbench/Zeonica-Validation/Core/src/main/scala/Part/Comm.scala. Using presentation compiler with project's scala-library version: 3.3.3[0m
2024.09.25 19:21:57 INFO  no build target found for /home/jackcui/Arch/trace/workbench/Zeonica-Validation/Core/src/main/scala/Part/Comm.scala. Using presentation compiler with project's scala-library version: 3.3.3[0m
2024.09.25 19:21:57 INFO  no build target found for /home/jackcui/Arch/trace/workbench/Zeonica-Validation/Core/src/main/scala/Part/Comm.scala. Using presentation compiler with project's scala-library version: 3.3.3[0m
2024.09.25 19:21:57 INFO  no build target found for /home/jackcui/Arch/trace/workbench/Zeonica-Validation/Core/src/main/scala/Part/Comm.scala. Using presentation compiler with project's scala-library version: 3.3.3[0m
2024.09.25 19:22:03 INFO  no build target found for /home/jackcui/Arch/trace/workbench/Zeonica-Validation/Core/src/main/scala/Part/Comm.scala. Using presentation compiler with project's scala-library version: 3.3.3[0m
2024.09.25 19:22:05 INFO  no build target found for /home/jackcui/Arch/trace/workbench/Zeonica-Validation/Core/src/main/scala/Part/Comm.scala. Using presentation compiler with project's scala-library version: 3.3.3[0m
2024.09.25 19:22:05 INFO  no build target found for /home/jackcui/Arch/trace/workbench/Zeonica-Validation/Core/src/main/scala/Part/Comm.scala. Using presentation compiler with project's scala-library version: 3.3.3[0m
2024.09.25 19:22:05 INFO  no build target found for /home/jackcui/Arch/trace/workbench/Zeonica-Validation/Core/src/main/scala/Part/Comm.scala. Using presentation compiler with project's scala-library version: 3.3.3[0m
2024.09.25 19:22:31 INFO  time: code lens generation in 26s[0m
Exception in thread "pool-1-thread-25" java.lang.OutOfMemoryError: Java heap space
	at java.base/java.util.Formatter$Flags.parse(Formatter.java:4615)
	at java.base/java.util.Formatter$FormatSpecifier.flags(Formatter.java:2821)
	at java.base/java.util.Formatter$FormatSpecifier.<init>(Formatter.java:2880)
	at java.base/java.util.Formatter.parse(Formatter.java:2747)
	at java.base/java.util.Formatter.format(Formatter.java:2671)
	at java.base/java.util.Formatter.format(Formatter.java:2625)
	at java.base/java.lang.String.format(String.java:4145)
	at scala.collection.StringOps$.format$extension(StringOps.scala:991)
	at scala.meta.internal.tokenizers.LegacyScanner.reportIllegalCharacter$1(LegacyScanner.scala:237)
	at scala.meta.internal.tokenizers.LegacyScanner.fetchOther$1(LegacyScanner.scala:451)
	at scala.meta.internal.tokenizers.LegacyScanner.fetchToken(LegacyScanner.scala:452)
	at scala.meta.internal.tokenizers.LegacyScanner.scala$meta$internal$tokenizers$LegacyScanner$$nextToken(LegacyScanner.scala:195)
	at scala.meta.internal.tokenizers.LegacyScanner.nextTokenOrEof(LegacyScanner.scala:167)
	at scala.meta.internal.tokenizers.ScalametaTokenizer.loop$1(ScalametaTokenizer.scala:150)
	at scala.meta.internal.tokenizers.ScalametaTokenizer.uncachedTokenize(ScalametaTokenizer.scala:162)
	at scala.meta.internal.tokenizers.ScalametaTokenizer.$anonfun$tokenize$1(ScalametaTokenizer.scala:16)
	at scala.meta.internal.tokenizers.ScalametaTokenizer$$Lambda$1315/0x000079d4a4520f80.apply(Unknown Source)
	at scala.collection.concurrent.TrieMap.getOrElseUpdate(TrieMap.scala:960)
	at scala.meta.internal.tokenizers.ScalametaTokenizer.tokenize(ScalametaTokenizer.scala:16)
	at scala.meta.internal.tokenizers.ScalametaTokenizer$$anon$1.apply(ScalametaTokenizer.scala:313)
	at scala.meta.tokenizers.Api$XtensionTokenizeDialectInput.tokenize(Api.scala:22)
	at scala.meta.tokenizers.Api$XtensionTokenizeInputLike.tokenize(Api.scala:13)
	at scala.meta.internal.parsers.ScannerTokens$.apply(ScannerTokens.scala:924)
	at scala.meta.internal.parsers.ScalametaParser.<init>(ScalametaParser.scala:34)
	at scala.meta.parsers.Parse$$anon$1.apply(Parse.scala:36)
	at scala.meta.internal.mtags.ScalametaCommonEnrichments$XtensionInputOffset.safeParse(ScalametaCommonEnrichments.scala:565)
	at scala.meta.internal.parsing.Trees.$anonfun$parse$2(Trees.scala:150)
	at scala.meta.internal.parsing.Trees$$Lambda$1270/0x000079d4a4507900.apply(Unknown Source)
	at scala.Option.map(Option.scala:242)
	at scala.meta.internal.parsing.Trees.parse(Trees.scala:141)
	at scala.meta.internal.parsing.Trees.didChange(Trees.scala:101)
	at scala.meta.internal.metals.MetalsLspService.$anonfun$parseTreesAndPublishDiags$2(MetalsLspService.scala:631)
Sep 25, 2024 7:22:37 PM org.eclipse.lsp4j.jsonrpc.RemoteEndpoint fallbackResponseError
SEVERE: Internal error: Java heap space
java.lang.OutOfMemoryError: Java heap space
	at java.base/java.util.Formatter.parse(Formatter.java:2747)
	at java.base/java.util.Formatter.format(Formatter.java:2671)
	at java.base/java.util.Formatter.format(Formatter.java:2625)
	at java.base/java.lang.String.format(String.java:4145)
	at scala.collection.StringOps$.format$extension(StringOps.scala:991)
	at scala.meta.internal.tokenizers.LegacyScanner.reportIllegalCharacter$1(LegacyScanner.scala:237)
	at scala.meta.internal.tokenizers.LegacyScanner.fetchOther$1(LegacyScanner.scala:451)
	at scala.meta.internal.tokenizers.LegacyScanner.fetchToken(LegacyScanner.scala:452)
	at scala.meta.internal.tokenizers.LegacyScanner.scala$meta$internal$tokenizers$LegacyScanner$$nextToken(LegacyScanner.scala:195)
	at scala.meta.internal.tokenizers.LegacyScanner.nextTokenOrEof(LegacyScanner.scala:167)
	at scala.meta.internal.tokenizers.ScalametaTokenizer.loop$1(ScalametaTokenizer.scala:150)
	at scala.meta.internal.tokenizers.ScalametaTokenizer.uncachedTokenize(ScalametaTokenizer.scala:162)
	at scala.meta.internal.tokenizers.ScalametaTokenizer.$anonfun$tokenize$1(ScalametaTokenizer.scala:16)
	at scala.meta.internal.tokenizers.ScalametaTokenizer$$Lambda$1315/0x000079d4a4520f80.apply(Unknown Source)
	at scala.collection.concurrent.TrieMap.getOrElseUpdate(TrieMap.scala:960)
	at scala.meta.internal.tokenizers.ScalametaTokenizer.tokenize(ScalametaTokenizer.scala:16)
	at scala.meta.internal.tokenizers.ScalametaTokenizer$$anon$1.apply(ScalametaTokenizer.scala:313)
	at scala.meta.tokenizers.Api$XtensionTokenizeDialectInput.tokenize(Api.scala:22)
	at scala.meta.internal.metals.codeactions.StringActions.$anonfun$contribute$1(StringActions.scala:36)
	at scala.meta.internal.metals.codeactions.StringActions$$Lambda$1277/0x000079d4a450a390.apply(Unknown Source)
	at scala.Option.flatMap(Option.scala:283)
	at scala.meta.internal.metals.codeactions.StringActions.contribute(StringActions.scala:35)
	at scala.meta.internal.metals.codeactions.CodeActionProvider$$anonfun$1.applyOrElse(CodeActionProvider.scala:79)
	at scala.meta.internal.metals.codeactions.CodeActionProvider$$anonfun$1.applyOrElse(CodeActionProvider.scala:77)
	at scala.collection.immutable.List.collect(List.scala:276)
	at scala.meta.internal.metals.codeactions.CodeActionProvider.codeActions(CodeActionProvider.scala:77)
	at scala.meta.internal.metals.MetalsLspService.$anonfun$codeAction$1(MetalsLspService.scala:1213)
	at scala.meta.internal.metals.MetalsLspService$$Lambda$1238/0x000079d4a44f48d0.apply(Unknown Source)
	at scala.meta.internal.metals.CancelTokens$.future(CancelTokens.scala:38)
	at scala.meta.internal.metals.MetalsLspService.codeAction(MetalsLspService.scala:1212)
	at scala.meta.internal.metals.WorkspaceLspService.codeAction(WorkspaceLspService.scala:525)
	at scala.meta.metals.lsp.DelegatingScalaService.codeAction(DelegatingScalaService.scala:146)

2024.09.25 19:35:59 INFO  Started: Metals version 1.3.5 in folders '/home/jackcui/Arch/trace/workbench/Zeonica-Validation' for client Visual Studio Code 1.90.1.[0m
SLF4J(W): Class path contains multiple SLF4J providers.
SLF4J(W): Found provider [scribe.slf4j.ScribeServiceProvider@5b6c3fdd]
SLF4J(W): Found provider [ch.qos.logback.classic.spi.LogbackServiceProvider@54a14b75]
SLF4J(W): See https://www.slf4j.org/codes.html#multiple_bindings for an explanation.
SLF4J(I): Actual provider is of type [scribe.slf4j.ScribeServiceProvider@5b6c3fdd]
2024.09.25 19:35:59 WARN  Flyway upgrade recommended: H2 2.3.230 is newer than this version of Flyway and support has not been tested. The latest supported version of H2 is 2.2.220.[0m
2024.09.25 19:36:01 INFO  Attempting to connect to the build server...[0m
Sep 25, 2024 7:36:01 PM org.eclipse.lsp4j.jsonrpc.RemoteEndpoint handleCancellation
WARNING: Unmatched cancel notification for request id 7
2024.09.25 19:36:01 INFO  tracing is disabled for protocol BSP, to enable tracing of incoming and outgoing JSON messages create an empty file at /home/jackcui/Arch/trace/workbench/Zeonica-Validation/.metals/bsp.trace.json or /home/jackcui/.cache/metals/bsp.trace.json[0m
2024.09.25 19:36:01 INFO  time: Connected to build server in 0.23s[0m
2024.09.25 19:36:01 INFO  Connected to Build server: Bloop v1.6.0[0m
2024.09.25 19:36:01 INFO  running doctor check[0m
2024.09.25 19:36:01 INFO  java targets: [0m
2024.09.25 19:36:02 WARN  Could not find java sources in /usr/lib/jvm/java-17-openjdk-amd64/bin/src.zip, /usr/lib/jvm/java-17-openjdk-amd64/bin/lib/src.zip, /usr/lib/jvm/java-17-openjdk-amd64/bin/java/src.zip, /usr/lib/jvm/java-17-openjdk-amd64/bin/java/lib/src.zip, /usr/lib/jvm/src.zip, /usr/lib/jvm/lib/src.zip, /usr/lib/jvm/java-17-openjdk-amd64/src.zip, /usr/lib/jvm/java-17-openjdk-amd64/lib/src.zip. Java symbols will not be available.[0m
2024.09.25 19:36:02 WARN  Could not find java sources in /usr/lib/jvm/java-17-openjdk-amd64/bin/src.zip, /usr/lib/jvm/java-17-openjdk-amd64/bin/lib/src.zip, /usr/lib/jvm/java-17-openjdk-amd64/bin/java/src.zip, /usr/lib/jvm/java-17-openjdk-amd64/bin/java/lib/src.zip, /usr/lib/jvm/src.zip, /usr/lib/jvm/lib/src.zip, /usr/lib/jvm/java-17-openjdk-amd64/src.zip, /usr/lib/jvm/java-17-openjdk-amd64/lib/src.zip. Java symbols will not be available.[0m
2024.09.25 19:36:02 INFO  time: indexed workspace in 1.41s[0m
2024.09.25 19:36:02 WARN  no build target for: /home/jackcui/Arch/trace/workbench/Zeonica-Validation/Core/src/main/scala/Part/Comm.scala[0m
2024.09.25 19:36:02 INFO  no build target found for /home/jackcui/Arch/trace/workbench/Zeonica-Validation/Core/src/main/scala/Part/Comm.scala. Using presentation compiler with project's scala-library version: 3.3.3[0m
2024.09.25 19:36:05 INFO  time: code lens generation in 1.75s[0m
2024.09.25 19:36:05 INFO  time: code lens generation in 2.16s[0m
2024.09.25 19:36:05 INFO  no build target found for /home/jackcui/Arch/trace/workbench/Zeonica-Validation/Core/src/main/scala/Part/Comm.scala. Using presentation compiler with project's scala-library version: 3.3.3[0m
2024.09.25 19:36:05 INFO  no build target found for /home/jackcui/Arch/trace/workbench/Zeonica-Validation/Core/src/main/scala/Part/Comm.scala. Using presentation compiler with project's scala-library version: 3.3.3[0m
2024.09.25 19:36:07 INFO  no build target found for /home/jackcui/Arch/trace/workbench/Zeonica-Validation/Core/src/main/scala/Part/Comm.scala. Using presentation compiler with project's scala-library version: 3.3.3[0m
2024.09.25 19:36:07 INFO  no build target found for /home/jackcui/Arch/trace/workbench/Zeonica-Validation/Core/src/main/scala/Part/Comm.scala. Using presentation compiler with project's scala-library version: 3.3.3[0m
2024.09.25 19:36:07 INFO  no build target found for /home/jackcui/Arch/trace/workbench/Zeonica-Validation/Core/src/main/scala/Part/Comm.scala. Using presentation compiler with project's scala-library version: 3.3.3[0m
2024.09.25 19:36:08 INFO  no build target found for /home/jackcui/Arch/trace/workbench/Zeonica-Validation/Core/src/main/scala/Part/Comm.scala. Using presentation compiler with project's scala-library version: 3.3.3[0m
2024.09.25 19:36:09 INFO  no build target found for /home/jackcui/Arch/trace/workbench/Zeonica-Validation/Core/src/main/scala/Part/Comm.scala. Using presentation compiler with project's scala-library version: 3.3.3[0m
2024.09.25 19:36:09 INFO  no build target found for /home/jackcui/Arch/trace/workbench/Zeonica-Validation/Core/src/main/scala/Part/Comm.scala. Using presentation compiler with project's scala-library version: 3.3.3[0m
2024.09.25 19:36:10 INFO  no build target found for /home/jackcui/Arch/trace/workbench/Zeonica-Validation/Core/src/main/scala/Part/Comm.scala. Using presentation compiler with project's scala-library version: 3.3.3[0m
2024.09.25 19:36:10 INFO  no build target found for /home/jackcui/Arch/trace/workbench/Zeonica-Validation/Core/src/main/scala/Part/Comm.scala. Using presentation compiler with project's scala-library version: 3.3.3[0m
2024.09.25 19:36:13 INFO  no build target found for /home/jackcui/Arch/trace/workbench/Zeonica-Validation/Core/src/main/scala/Part/Comm.scala. Using presentation compiler with project's scala-library version: 3.3.3[0m
2024.09.25 19:36:15 INFO  no build target found for /home/jackcui/Arch/trace/workbench/Zeonica-Validation/Core/src/main/scala/Part/Comm.scala. Using presentation compiler with project's scala-library version: 3.3.3[0m
2024.09.25 19:37:21 INFO  no build target found for /home/jackcui/Arch/trace/workbench/Zeonica-Validation/Core/src/main/scala/Part/Comm.scala. Using presentation compiler with project's scala-library version: 3.3.3[0m
2024.09.25 19:37:21 INFO  no build target found for /home/jackcui/Arch/trace/workbench/Zeonica-Validation/Core/src/main/scala/Part/Comm.scala. Using presentation compiler with project's scala-library version: 3.3.3[0m
2024.09.25 19:37:22 INFO  no build target found for /home/jackcui/Arch/trace/workbench/Zeonica-Validation/Core/src/main/scala/Part/Comm.scala. Using presentation compiler with project's scala-library version: 3.3.3[0m
2024.09.25 19:37:22 INFO  no build target found for /home/jackcui/Arch/trace/workbench/Zeonica-Validation/Core/src/main/scala/Part/Comm.scala. Using presentation compiler with project's scala-library version: 3.3.3[0m
2024.09.25 19:37:22 INFO  no build target found for /home/jackcui/Arch/trace/workbench/Zeonica-Validation/Core/src/main/scala/Part/Comm.scala. Using presentation compiler with project's scala-library version: 3.3.3[0m
2024.09.25 19:37:22 INFO  no build target found for /home/jackcui/Arch/trace/workbench/Zeonica-Validation/Core/src/main/scala/Part/Comm.scala. Using presentation compiler with project's scala-library version: 3.3.3[0m
2024.09.25 19:37:22 INFO  no build target found for /home/jackcui/Arch/trace/workbench/Zeonica-Validation/Core/src/main/scala/Part/Comm.scala. Using presentation compiler with project's scala-library version: 3.3.3[0m
Sep 25, 2024 7:37:22 PM org.eclipse.lsp4j.jsonrpc.RemoteEndpoint handleCancellation
WARNING: Unmatched cancel notification for request id 50
2024.09.25 19:37:22 INFO  no build target found for /home/jackcui/Arch/trace/workbench/Zeonica-Validation/Core/src/main/scala/Part/Comm.scala. Using presentation compiler with project's scala-library version: 3.3.3[0m
2024.09.25 19:37:22 INFO  no build target found for /home/jackcui/Arch/trace/workbench/Zeonica-Validation/Core/src/main/scala/Part/Comm.scala. Using presentation compiler with project's scala-library version: 3.3.3[0m
2024.09.25 19:37:22 INFO  no build target found for /home/jackcui/Arch/trace/workbench/Zeonica-Validation/Core/src/main/scala/Part/Comm.scala. Using presentation compiler with project's scala-library version: 3.3.3[0m
2024.09.25 19:37:22 INFO  no build target found for /home/jackcui/Arch/trace/workbench/Zeonica-Validation/Core/src/main/scala/Part/Comm.scala. Using presentation compiler with project's scala-library version: 3.3.3[0m
2024.09.25 19:37:23 WARN  no build target for: /home/jackcui/Arch/trace/workbench/Zeonica-Validation/Core/src/main/scala/Part/Comm.scala[0m
2024.09.25 19:37:23 INFO  no build target found for /home/jackcui/Arch/trace/workbench/Zeonica-Validation/Core/src/main/scala/Part/Comm.scala. Using presentation compiler with project's scala-library version: 3.3.3[0m
2024.09.25 19:37:23 INFO  no build target found for /home/jackcui/Arch/trace/workbench/Zeonica-Validation/Core/src/main/scala/Part/Comm.scala. Using presentation compiler with project's scala-library version: 3.3.3[0m
2024.09.25 19:37:24 INFO  no build target found for /home/jackcui/Arch/trace/workbench/Zeonica-Validation/Core/src/main/scala/Part/Comm.scala. Using presentation compiler with project's scala-library version: 3.3.3[0m
2024.09.25 19:37:24 INFO  no build target found for /home/jackcui/Arch/trace/workbench/Zeonica-Validation/Core/src/main/scala/Part/Comm.scala. Using presentation compiler with project's scala-library version: 3.3.3[0m
2024.09.25 19:37:26 INFO  no build target found for /home/jackcui/Arch/trace/workbench/Zeonica-Validation/Core/src/main/scala/Part/Comm.scala. Using presentation compiler with project's scala-library version: 3.3.3[0m
2024.09.25 19:37:26 INFO  no build target found for /home/jackcui/Arch/trace/workbench/Zeonica-Validation/Core/src/main/scala/Part/Comm.scala. Using presentation compiler with project's scala-library version: 3.3.3[0m
2024.09.25 19:37:26 INFO  no build target found for /home/jackcui/Arch/trace/workbench/Zeonica-Validation/Core/src/main/scala/Part/Comm.scala. Using presentation compiler with project's scala-library version: 3.3.3[0m
2024.09.25 19:37:26 INFO  no build target found for /home/jackcui/Arch/trace/workbench/Zeonica-Validation/Core/src/main/scala/Part/Comm.scala. Using presentation compiler with project's scala-library version: 3.3.3[0m
2024.09.25 19:37:27 INFO  no build target found for /home/jackcui/Arch/trace/workbench/Zeonica-Validation/Core/src/main/scala/Part/Comm.scala. Using presentation compiler with project's scala-library version: 3.3.3[0m
2024.09.25 19:37:28 INFO  no build target found for /home/jackcui/Arch/trace/workbench/Zeonica-Validation/Core/src/main/scala/Part/Comm.scala. Using presentation compiler with project's scala-library version: 3.3.3[0m
2024.09.25 19:37:28 INFO  no build target found for /home/jackcui/Arch/trace/workbench/Zeonica-Validation/Core/src/main/scala/Part/Comm.scala. Using presentation compiler with project's scala-library version: 3.3.3[0m
2024.09.25 19:37:29 INFO  no build target found for /home/jackcui/Arch/trace/workbench/Zeonica-Validation/Core/src/main/scala/Part/Comm.scala. Using presentation compiler with project's scala-library version: 3.3.3[0m
2024.09.25 19:37:29 INFO  no build target found for /home/jackcui/Arch/trace/workbench/Zeonica-Validation/Core/src/main/scala/Part/Comm.scala. Using presentation compiler with project's scala-library version: 3.3.3[0m
2024.09.25 19:37:29 INFO  no build target found for /home/jackcui/Arch/trace/workbench/Zeonica-Validation/Core/src/main/scala/Part/Comm.scala. Using presentation compiler with project's scala-library version: 3.3.3[0m
2024.09.25 19:37:30 INFO  no build target found for /home/jackcui/Arch/trace/workbench/Zeonica-Validation/Core/src/main/scala/Part/Comm.scala. Using presentation compiler with project's scala-library version: 3.3.3[0m
2024.09.25 19:37:31 INFO  no build target found for /home/jackcui/Arch/trace/workbench/Zeonica-Validation/Core/src/main/scala/Part/Comm.scala. Using presentation compiler with project's scala-library version: 3.3.3[0m
2024.09.25 19:37:31 INFO  no build target found for /home/jackcui/Arch/trace/workbench/Zeonica-Validation/Core/src/main/scala/Part/Comm.scala. Using presentation compiler with project's scala-library version: 3.3.3[0m
2024.09.25 19:37:31 INFO  no build target found for /home/jackcui/Arch/trace/workbench/Zeonica-Validation/Core/src/main/scala/Part/Comm.scala. Using presentation compiler with project's scala-library version: 3.3.3[0m
2024.09.25 19:37:32 INFO  no build target found for /home/jackcui/Arch/trace/workbench/Zeonica-Validation/Core/src/main/scala/Part/Comm.scala. Using presentation compiler with project's scala-library version: 3.3.3[0m
2024.09.25 19:37:33 INFO  no build target found for /home/jackcui/Arch/trace/workbench/Zeonica-Validation/Core/src/main/scala/Part/Comm.scala. Using presentation compiler with project's scala-library version: 3.3.3[0m
2024.09.25 19:37:33 INFO  no build target found for /home/jackcui/Arch/trace/workbench/Zeonica-Validation/Core/src/main/scala/Part/Comm.scala. Using presentation compiler with project's scala-library version: 3.3.3[0m
2024.09.25 19:37:33 INFO  no build target found for /home/jackcui/Arch/trace/workbench/Zeonica-Validation/Core/src/main/scala/Part/Comm.scala. Using presentation compiler with project's scala-library version: 3.3.3[0m
2024.09.25 19:37:33 INFO  no build target found for /home/jackcui/Arch/trace/workbench/Zeonica-Validation/Core/src/main/scala/Part/Comm.scala. Using presentation compiler with project's scala-library version: 3.3.3[0m
2024.09.25 19:37:33 INFO  no build target found for /home/jackcui/Arch/trace/workbench/Zeonica-Validation/Core/src/main/scala/Part/Comm.scala. Using presentation compiler with project's scala-library version: 3.3.3[0m
2024.09.25 19:37:34 INFO  no build target found for /home/jackcui/Arch/trace/workbench/Zeonica-Validation/Core/src/main/scala/Part/Comm.scala. Using presentation compiler with project's scala-library version: 3.3.3[0m
2024.09.25 19:37:34 INFO  no build target found for /home/jackcui/Arch/trace/workbench/Zeonica-Validation/Core/src/main/scala/Part/Comm.scala. Using presentation compiler with project's scala-library version: 3.3.3[0m
2024.09.25 19:37:35 INFO  no build target found for /home/jackcui/Arch/trace/workbench/Zeonica-Validation/Core/src/main/scala/Part/Comm.scala. Using presentation compiler with project's scala-library version: 3.3.3[0m
2024.09.25 19:37:35 INFO  no build target found for /home/jackcui/Arch/trace/workbench/Zeonica-Validation/Core/src/main/scala/Part/Comm.scala. Using presentation compiler with project's scala-library version: 3.3.3[0m
2024.09.25 19:37:35 INFO  no build target found for /home/jackcui/Arch/trace/workbench/Zeonica-Validation/Core/src/main/scala/Part/Comm.scala. Using presentation compiler with project's scala-library version: 3.3.3[0m
2024.09.25 19:37:35 INFO  no build target found for /home/jackcui/Arch/trace/workbench/Zeonica-Validation/Core/src/main/scala/Part/Comm.scala. Using presentation compiler with project's scala-library version: 3.3.3[0m
2024.09.25 19:37:36 INFO  no build target found for /home/jackcui/Arch/trace/workbench/Zeonica-Validation/Core/src/main/scala/Part/Comm.scala. Using presentation compiler with project's scala-library version: 3.3.3[0m
2024.09.25 19:37:36 WARN  no build target for: /home/jackcui/Arch/trace/workbench/Zeonica-Validation/Core/src/main/scala/Part/Comm.scala[0m
2024.09.25 19:37:36 INFO  no build target found for /home/jackcui/Arch/trace/workbench/Zeonica-Validation/Core/src/main/scala/Part/Comm.scala. Using presentation compiler with project's scala-library version: 3.3.3[0m
2024.09.25 19:37:36 INFO  no build target found for /home/jackcui/Arch/trace/workbench/Zeonica-Validation/Core/src/main/scala/Part/Comm.scala. Using presentation compiler with project's scala-library version: 3.3.3[0m
2024.09.25 19:37:36 INFO  no build target found for /home/jackcui/Arch/trace/workbench/Zeonica-Validation/Core/src/main/scala/Part/Comm.scala. Using presentation compiler with project's scala-library version: 3.3.3[0m
2024.09.25 19:37:36 INFO  no build target found for /home/jackcui/Arch/trace/workbench/Zeonica-Validation/Core/src/main/scala/Part/Comm.scala. Using presentation compiler with project's scala-library version: 3.3.3[0m
2024.09.25 19:43:51 INFO  no build target found for /home/jackcui/Arch/trace/workbench/Zeonica-Validation/Core/src/main/scala/Part/Comm.scala. Using presentation compiler with project's scala-library version: 3.3.3[0m
2024.09.25 19:43:51 INFO  no build target found for /home/jackcui/Arch/trace/workbench/Zeonica-Validation/Core/src/main/scala/Part/Comm.scala. Using presentation compiler with project's scala-library version: 3.3.3[0m
2024.09.25 19:44:06 INFO  no build target found for /home/jackcui/Arch/trace/workbench/Zeonica-Validation/Core/src/main/scala/Part/Comm.scala. Using presentation compiler with project's scala-library version: 3.3.3[0m
2024.09.25 19:44:07 INFO  no build target found for /home/jackcui/Arch/trace/workbench/Zeonica-Validation/Core/src/main/scala/Part/Comm.scala. Using presentation compiler with project's scala-library version: 3.3.3[0m
2024.09.25 19:44:07 INFO  no build target found for /home/jackcui/Arch/trace/workbench/Zeonica-Validation/Core/src/main/scala/Part/Comm.scala. Using presentation compiler with project's scala-library version: 3.3.3[0m
2024.09.25 19:44:07 INFO  no build target found for /home/jackcui/Arch/trace/workbench/Zeonica-Validation/Core/src/main/scala/Part/Comm.scala. Using presentation compiler with project's scala-library version: 3.3.3[0m
2024.09.25 19:44:08 INFO  no build target found for /home/jackcui/Arch/trace/workbench/Zeonica-Validation/Core/src/main/scala/Part/Comm.scala. Using presentation compiler with project's scala-library version: 3.3.3[0m
2024.09.25 19:44:08 INFO  no build target found for /home/jackcui/Arch/trace/workbench/Zeonica-Validation/Core/src/main/scala/Part/Comm.scala. Using presentation compiler with project's scala-library version: 3.3.3[0m
2024.09.25 19:44:10 INFO  no build target found for /home/jackcui/Arch/trace/workbench/Zeonica-Validation/Core/src/main/scala/Part/Comm.scala. Using presentation compiler with project's scala-library version: 3.3.3[0m
2024.09.25 19:44:10 INFO  no build target found for /home/jackcui/Arch/trace/workbench/Zeonica-Validation/Core/src/main/scala/Part/Comm.scala. Using presentation compiler with project's scala-library version: 3.3.3[0m
2024.09.25 19:44:10 INFO  no build target found for /home/jackcui/Arch/trace/workbench/Zeonica-Validation/Core/src/main/scala/Part/Comm.scala. Using presentation compiler with project's scala-library version: 3.3.3[0m
2024.09.25 19:44:11 INFO  no build target found for /home/jackcui/Arch/trace/workbench/Zeonica-Validation/Core/src/main/scala/Part/Comm.scala. Using presentation compiler with project's scala-library version: 3.3.3[0m
2024.09.25 19:44:11 INFO  no build target found for /home/jackcui/Arch/trace/workbench/Zeonica-Validation/Core/src/main/scala/Part/Comm.scala. Using presentation compiler with project's scala-library version: 3.3.3[0m
2024.09.25 19:44:13 INFO  no build target found for /home/jackcui/Arch/trace/workbench/Zeonica-Validation/Core/src/main/scala/Part/Comm.scala. Using presentation compiler with project's scala-library version: 3.3.3[0m
2024.09.25 19:44:13 INFO  no build target found for /home/jackcui/Arch/trace/workbench/Zeonica-Validation/Core/src/main/scala/Part/Comm.scala. Using presentation compiler with project's scala-library version: 3.3.3[0m
2024.09.25 19:44:13 INFO  no build target found for /home/jackcui/Arch/trace/workbench/Zeonica-Validation/Core/src/main/scala/Part/Comm.scala. Using presentation compiler with project's scala-library version: 3.3.3[0m
2024.09.25 19:44:15 INFO  no build target found for /home/jackcui/Arch/trace/workbench/Zeonica-Validation/Core/src/main/scala/Part/Comm.scala. Using presentation compiler with project's scala-library version: 3.3.3[0m
2024.09.25 19:44:15 INFO  no build target found for /home/jackcui/Arch/trace/workbench/Zeonica-Validation/Core/src/main/scala/Part/Comm.scala. Using presentation compiler with project's scala-library version: 3.3.3[0m
2024.09.25 19:44:15 INFO  no build target found for /home/jackcui/Arch/trace/workbench/Zeonica-Validation/Core/src/main/scala/Part/Comm.scala. Using presentation compiler with project's scala-library version: 3.3.3[0m
2024.09.25 19:44:15 INFO  no build target found for /home/jackcui/Arch/trace/workbench/Zeonica-Validation/Core/src/main/scala/Part/Comm.scala. Using presentation compiler with project's scala-library version: 3.3.3[0m
2024.09.25 19:44:15 INFO  no build target found for /home/jackcui/Arch/trace/workbench/Zeonica-Validation/Core/src/main/scala/Part/Comm.scala. Using presentation compiler with project's scala-library version: 3.3.3[0m
2024.09.25 19:44:18 INFO  no build target found for /home/jackcui/Arch/trace/workbench/Zeonica-Validation/Core/src/main/scala/Part/Comm.scala. Using presentation compiler with project's scala-library version: 3.3.3[0m
2024.09.25 19:44:20 INFO  no build target found for /home/jackcui/Arch/trace/workbench/Zeonica-Validation/Core/src/main/scala/Part/Comm.scala. Using presentation compiler with project's scala-library version: 3.3.3[0m
2024.09.25 19:44:20 INFO  no build target found for /home/jackcui/Arch/trace/workbench/Zeonica-Validation/Core/src/main/scala/Part/Comm.scala. Using presentation compiler with project's scala-library version: 3.3.3[0m
2024.09.25 19:44:20 INFO  no build target found for /home/jackcui/Arch/trace/workbench/Zeonica-Validation/Core/src/main/scala/Part/Comm.scala. Using presentation compiler with project's scala-library version: 3.3.3[0m
2024.09.25 19:44:22 INFO  no build target found for /home/jackcui/Arch/trace/workbench/Zeonica-Validation/Core/src/main/scala/Part/Comm.scala. Using presentation compiler with project's scala-library version: 3.3.3[0m
2024.09.25 19:44:22 INFO  no build target found for /home/jackcui/Arch/trace/workbench/Zeonica-Validation/Core/src/main/scala/Part/Comm.scala. Using presentation compiler with project's scala-library version: 3.3.3[0m
2024.09.25 19:44:22 INFO  no build target found for /home/jackcui/Arch/trace/workbench/Zeonica-Validation/Core/src/main/scala/Part/Comm.scala. Using presentation compiler with project's scala-library version: 3.3.3[0m
2024.09.25 19:44:23 INFO  no build target found for /home/jackcui/Arch/trace/workbench/Zeonica-Validation/Core/src/main/scala/Part/Comm.scala. Using presentation compiler with project's scala-library version: 3.3.3[0m
2024.09.25 19:44:23 INFO  no build target found for /home/jackcui/Arch/trace/workbench/Zeonica-Validation/Core/src/main/scala/Part/Comm.scala. Using presentation compiler with project's scala-library version: 3.3.3[0m
2024.09.25 19:44:24 INFO  no build target found for /home/jackcui/Arch/trace/workbench/Zeonica-Validation/Core/src/main/scala/Part/Comm.scala. Using presentation compiler with project's scala-library version: 3.3.3[0m
2024.09.25 19:44:25 INFO  no build target found for /home/jackcui/Arch/trace/workbench/Zeonica-Validation/Core/src/main/scala/Part/Comm.scala. Using presentation compiler with project's scala-library version: 3.3.3[0m
2024.09.25 19:44:24 INFO  no build target found for /home/jackcui/Arch/trace/workbench/Zeonica-Validation/Core/src/main/scala/Part/Comm.scala. Using presentation compiler with project's scala-library version: 3.3.3[0m
2024.09.25 19:44:25 INFO  no build target found for /home/jackcui/Arch/trace/workbench/Zeonica-Validation/Core/src/main/scala/Part/Comm.scala. Using presentation compiler with project's scala-library version: 3.3.3[0m
2024.09.25 19:44:26 INFO  no build target found for /home/jackcui/Arch/trace/workbench/Zeonica-Validation/Core/src/main/scala/Part/Comm.scala. Using presentation compiler with project's scala-library version: 3.3.3[0m
2024.09.25 19:44:26 INFO  no build target found for /home/jackcui/Arch/trace/workbench/Zeonica-Validation/Core/src/main/scala/Part/Comm.scala. Using presentation compiler with project's scala-library version: 3.3.3[0m
2024.09.25 19:44:26 INFO  no build target found for /home/jackcui/Arch/trace/workbench/Zeonica-Validation/Core/src/main/scala/Part/Comm.scala. Using presentation compiler with project's scala-library version: 3.3.3[0m
2024.09.25 19:44:27 INFO  no build target found for /home/jackcui/Arch/trace/workbench/Zeonica-Validation/Core/src/main/scala/Part/Comm.scala. Using presentation compiler with project's scala-library version: 3.3.3[0m
2024.09.25 19:44:27 INFO  no build target found for /home/jackcui/Arch/trace/workbench/Zeonica-Validation/Core/src/main/scala/Part/Comm.scala. Using presentation compiler with project's scala-library version: 3.3.3[0m
2024.09.25 19:44:28 INFO  no build target found for /home/jackcui/Arch/trace/workbench/Zeonica-Validation/Core/src/main/scala/Part/Comm.scala. Using presentation compiler with project's scala-library version: 3.3.3[0m
2024.09.25 19:44:27 INFO  no build target found for /home/jackcui/Arch/trace/workbench/Zeonica-Validation/Core/src/main/scala/Part/Comm.scala. Using presentation compiler with project's scala-library version: 3.3.3[0m
2024.09.25 19:44:29 INFO  no build target found for /home/jackcui/Arch/trace/workbench/Zeonica-Validation/Core/src/main/scala/Part/Comm.scala. Using presentation compiler with project's scala-library version: 3.3.3[0m
2024.09.25 19:44:29 INFO  no build target found for /home/jackcui/Arch/trace/workbench/Zeonica-Validation/Core/src/main/scala/Part/Comm.scala. Using presentation compiler with project's scala-library version: 3.3.3[0m
2024.09.25 19:44:29 INFO  no build target found for /home/jackcui/Arch/trace/workbench/Zeonica-Validation/Core/src/main/scala/Part/Comm.scala. Using presentation compiler with project's scala-library version: 3.3.3[0m
2024.09.25 19:44:30 INFO  no build target found for /home/jackcui/Arch/trace/workbench/Zeonica-Validation/Core/src/main/scala/Part/Comm.scala. Using presentation compiler with project's scala-library version: 3.3.3[0m
2024.09.25 19:44:30 INFO  no build target found for /home/jackcui/Arch/trace/workbench/Zeonica-Validation/Core/src/main/scala/Part/Comm.scala. Using presentation compiler with project's scala-library version: 3.3.3[0m
2024.09.25 19:44:30 INFO  no build target found for /home/jackcui/Arch/trace/workbench/Zeonica-Validation/Core/src/main/scala/Part/Comm.scala. Using presentation compiler with project's scala-library version: 3.3.3[0m
2024.09.25 19:44:30 INFO  no build target found for /home/jackcui/Arch/trace/workbench/Zeonica-Validation/Core/src/main/scala/Part/Comm.scala. Using presentation compiler with project's scala-library version: 3.3.3[0m
2024.09.25 19:44:30 INFO  no build target found for /home/jackcui/Arch/trace/workbench/Zeonica-Validation/Core/src/main/scala/Part/Comm.scala. Using presentation compiler with project's scala-library version: 3.3.3[0m
2024.09.25 19:44:30 INFO  no build target found for /home/jackcui/Arch/trace/workbench/Zeonica-Validation/Core/src/main/scala/Part/Comm.scala. Using presentation compiler with project's scala-library version: 3.3.3[0m
2024.09.25 19:44:32 INFO  no build target found for /home/jackcui/Arch/trace/workbench/Zeonica-Validation/Core/src/main/scala/Part/Comm.scala. Using presentation compiler with project's scala-library version: 3.3.3[0m
2024.09.25 19:44:32 INFO  no build target found for /home/jackcui/Arch/trace/workbench/Zeonica-Validation/Core/src/main/scala/Part/Comm.scala. Using presentation compiler with project's scala-library version: 3.3.3[0m
2024.09.25 19:44:32 INFO  no build target found for /home/jackcui/Arch/trace/workbench/Zeonica-Validation/Core/src/main/scala/Part/Comm.scala. Using presentation compiler with project's scala-library version: 3.3.3[0m
2024.09.25 19:44:33 INFO  no build target found for /home/jackcui/Arch/trace/workbench/Zeonica-Validation/Core/src/main/scala/Part/Comm.scala. Using presentation compiler with project's scala-library version: 3.3.3[0m
2024.09.25 19:44:32 INFO  no build target found for /home/jackcui/Arch/trace/workbench/Zeonica-Validation/Core/src/main/scala/Part/Comm.scala. Using presentation compiler with project's scala-library version: 3.3.3[0m
2024.09.25 19:44:35 INFO  no build target found for /home/jackcui/Arch/trace/workbench/Zeonica-Validation/Core/src/main/scala/Part/Comm.scala. Using presentation compiler with project's scala-library version: 3.3.3[0m
2024.09.25 19:44:35 INFO  no build target found for /home/jackcui/Arch/trace/workbench/Zeonica-Validation/Core/src/main/scala/Part/Comm.scala. Using presentation compiler with project's scala-library version: 3.3.3[0m
2024.09.25 19:44:35 INFO  no build target found for /home/jackcui/Arch/trace/workbench/Zeonica-Validation/Core/src/main/scala/Part/Comm.scala. Using presentation compiler with project's scala-library version: 3.3.3[0m
2024.09.25 19:44:35 INFO  no build target found for /home/jackcui/Arch/trace/workbench/Zeonica-Validation/Core/src/main/scala/Part/Comm.scala. Using presentation compiler with project's scala-library version: 3.3.3[0m
2024.09.25 19:44:36 INFO  no build target found for /home/jackcui/Arch/trace/workbench/Zeonica-Validation/Core/src/main/scala/Part/Comm.scala. Using presentation compiler with project's scala-library version: 3.3.3[0m
2024.09.25 19:44:36 INFO  no build target found for /home/jackcui/Arch/trace/workbench/Zeonica-Validation/Core/src/main/scala/Part/Comm.scala. Using presentation compiler with project's scala-library version: 3.3.3[0m
2024.09.25 19:44:36 INFO  no build target found for /home/jackcui/Arch/trace/workbench/Zeonica-Validation/Core/src/main/scala/Part/Comm.scala. Using presentation compiler with project's scala-library version: 3.3.3[0m
2024.09.25 19:44:36 INFO  no build target found for /home/jackcui/Arch/trace/workbench/Zeonica-Validation/Core/src/main/scala/Part/Comm.scala. Using presentation compiler with project's scala-library version: 3.3.3[0m
2024.09.25 19:44:36 INFO  no build target found for /home/jackcui/Arch/trace/workbench/Zeonica-Validation/Core/src/main/scala/Part/Comm.scala. Using presentation compiler with project's scala-library version: 3.3.3[0m
2024.09.25 19:44:36 INFO  no build target found for /home/jackcui/Arch/trace/workbench/Zeonica-Validation/Core/src/main/scala/Part/Comm.scala. Using presentation compiler with project's scala-library version: 3.3.3[0m
2024.09.25 19:44:36 INFO  no build target found for /home/jackcui/Arch/trace/workbench/Zeonica-Validation/Core/src/main/scala/Part/Comm.scala. Using presentation compiler with project's scala-library version: 3.3.3[0m
2024.09.25 19:44:36 INFO  no build target found for /home/jackcui/Arch/trace/workbench/Zeonica-Validation/Core/src/main/scala/Part/Comm.scala. Using presentation compiler with project's scala-library version: 3.3.3[0m
2024.09.25 19:44:37 INFO  no build target found for /home/jackcui/Arch/trace/workbench/Zeonica-Validation/Core/src/main/scala/Part/Comm.scala. Using presentation compiler with project's scala-library version: 3.3.3[0m
2024.09.25 19:44:37 INFO  no build target found for /home/jackcui/Arch/trace/workbench/Zeonica-Validation/Core/src/main/scala/Part/Comm.scala. Using presentation compiler with project's scala-library version: 3.3.3[0m
2024.09.25 19:44:37 INFO  no build target found for /home/jackcui/Arch/trace/workbench/Zeonica-Validation/Core/src/main/scala/Part/Comm.scala. Using presentation compiler with project's scala-library version: 3.3.3[0m
2024.09.25 19:44:37 INFO  no build target found for /home/jackcui/Arch/trace/workbench/Zeonica-Validation/Core/src/main/scala/Part/Comm.scala. Using presentation compiler with project's scala-library version: 3.3.3[0m
2024.09.25 19:44:37 INFO  no build target found for /home/jackcui/Arch/trace/workbench/Zeonica-Validation/Core/src/main/scala/Part/Comm.scala. Using presentation compiler with project's scala-library version: 3.3.3[0m
2024.09.25 19:44:37 INFO  no build target found for /home/jackcui/Arch/trace/workbench/Zeonica-Validation/Core/src/main/scala/Part/Comm.scala. Using presentation compiler with project's scala-library version: 3.3.3[0m
2024.09.25 19:44:38 INFO  no build target found for /home/jackcui/Arch/trace/workbench/Zeonica-Validation/Core/src/main/scala/Part/Comm.scala. Using presentation compiler with project's scala-library version: 3.3.3[0m
2024.09.25 19:44:38 INFO  no build target found for /home/jackcui/Arch/trace/workbench/Zeonica-Validation/Core/src/main/scala/Part/Comm.scala. Using presentation compiler with project's scala-library version: 3.3.3[0m
2024.09.25 19:44:38 INFO  no build target found for /home/jackcui/Arch/trace/workbench/Zeonica-Validation/Core/src/main/scala/Part/Comm.scala. Using presentation compiler with project's scala-library version: 3.3.3[0m
2024.09.25 19:44:39 INFO  no build target found for /home/jackcui/Arch/trace/workbench/Zeonica-Validation/Core/src/main/scala/Part/Comm.scala. Using presentation compiler with project's scala-library version: 3.3.3[0m
2024.09.25 19:44:38 INFO  no build target found for /home/jackcui/Arch/trace/workbench/Zeonica-Validation/Core/src/main/scala/Part/Comm.scala. Using presentation compiler with project's scala-library version: 3.3.3[0m
2024.09.25 19:44:39 INFO  no build target found for /home/jackcui/Arch/trace/workbench/Zeonica-Validation/Core/src/main/scala/Part/Comm.scala. Using presentation compiler with project's scala-library version: 3.3.3[0m
2024.09.25 19:44:38 INFO  no build target found for /home/jackcui/Arch/trace/workbench/Zeonica-Validation/Core/src/main/scala/Part/Comm.scala. Using presentation compiler with project's scala-library version: 3.3.3[0m
2024.09.25 19:44:39 INFO  no build target found for /home/jackcui/Arch/trace/workbench/Zeonica-Validation/Core/src/main/scala/Part/Comm.scala. Using presentation compiler with project's scala-library version: 3.3.3[0m
2024.09.25 19:44:40 INFO  no build target found for /home/jackcui/Arch/trace/workbench/Zeonica-Validation/Core/src/main/scala/Part/Comm.scala. Using presentation compiler with project's scala-library version: 3.3.3[0m
2024.09.25 19:44:41 INFO  no build target found for /home/jackcui/Arch/trace/workbench/Zeonica-Validation/Core/src/main/scala/Part/Comm.scala. Using presentation compiler with project's scala-library version: 3.3.3[0m
2024.09.25 19:44:40 INFO  no build target found for /home/jackcui/Arch/trace/workbench/Zeonica-Validation/Core/src/main/scala/Part/Comm.scala. Using presentation compiler with project's scala-library version: 3.3.3[0m
2024.09.25 19:44:40 INFO  no build target found for /home/jackcui/Arch/trace/workbench/Zeonica-Validation/Core/src/main/scala/Part/Comm.scala. Using presentation compiler with project's scala-library version: 3.3.3[0m
2024.09.25 19:44:40 INFO  no build target found for /home/jackcui/Arch/trace/workbench/Zeonica-Validation/Core/src/main/scala/Part/Comm.scala. Using presentation compiler with project's scala-library version: 3.3.3[0m
2024.09.25 19:44:40 INFO  no build target found for /home/jackcui/Arch/trace/workbench/Zeonica-Validation/Core/src/main/scala/Part/Comm.scala. Using presentation compiler with project's scala-library version: 3.3.3[0m
2024.09.25 19:44:40 INFO  no build target found for /home/jackcui/Arch/trace/workbench/Zeonica-Validation/Core/src/main/scala/Part/Comm.scala. Using presentation compiler with project's scala-library version: 3.3.3[0m
2024.09.25 19:44:40 INFO  no build target found for /home/jackcui/Arch/trace/workbench/Zeonica-Validation/Core/src/main/scala/Part/Comm.scala. Using presentation compiler with project's scala-library version: 3.3.3[0m
2024.09.25 19:44:42 INFO  no build target found for /home/jackcui/Arch/trace/workbench/Zeonica-Validation/Core/src/main/scala/Part/Comm.scala. Using presentation compiler with project's scala-library version: 3.3.3[0m
2024.09.25 19:44:42 WARN  no build target for: /home/jackcui/Arch/trace/workbench/Zeonica-Validation/Core/src/main/scala/Part/Comm.scala[0m
2024.09.25 19:44:44 INFO  no build target found for /home/jackcui/Arch/trace/workbench/Zeonica-Validation/Core/src/main/scala/Part/Comm.scala. Using presentation compiler with project's scala-library version: 3.3.3[0m
2024.09.25 19:44:44 INFO  no build target found for /home/jackcui/Arch/trace/workbench/Zeonica-Validation/Core/src/main/scala/Part/Comm.scala. Using presentation compiler with project's scala-library version: 3.3.3[0m
2024.09.25 19:44:45 INFO  no build target found for /home/jackcui/Arch/trace/workbench/Zeonica-Validation/Core/src/main/scala/Part/Comm.scala. Using presentation compiler with project's scala-library version: 3.3.3[0m
2024.09.25 19:44:45 INFO  no build target found for /home/jackcui/Arch/trace/workbench/Zeonica-Validation/Core/src/main/scala/Part/Comm.scala. Using presentation compiler with project's scala-library version: 3.3.3[0m
2024.09.25 19:44:47 INFO  no build target found for /home/jackcui/Arch/trace/workbench/Zeonica-Validation/Core/src/main/scala/Part/Comm.scala. Using presentation compiler with project's scala-library version: 3.3.3[0m
2024.09.25 19:44:47 INFO  no build target found for /home/jackcui/Arch/trace/workbench/Zeonica-Validation/Core/src/main/scala/Part/Comm.scala. Using presentation compiler with project's scala-library version: 3.3.3[0m
2024.09.25 19:44:47 INFO  no build target found for /home/jackcui/Arch/trace/workbench/Zeonica-Validation/Core/src/main/scala/Part/Comm.scala. Using presentation compiler with project's scala-library version: 3.3.3[0m
2024.09.25 19:44:47 INFO  no build target found for /home/jackcui/Arch/trace/workbench/Zeonica-Validation/Core/src/main/scala/Part/Comm.scala. Using presentation compiler with project's scala-library version: 3.3.3[0m
2024.09.25 19:44:47 INFO  no build target found for /home/jackcui/Arch/trace/workbench/Zeonica-Validation/Core/src/main/scala/Part/Comm.scala. Using presentation compiler with project's scala-library version: 3.3.3[0m
2024.09.25 19:44:47 INFO  no build target found for /home/jackcui/Arch/trace/workbench/Zeonica-Validation/Core/src/main/scala/Part/Comm.scala. Using presentation compiler with project's scala-library version: 3.3.3[0m
2024.09.25 19:44:49 INFO  no build target found for /home/jackcui/Arch/trace/workbench/Zeonica-Validation/Core/src/main/scala/Part/Comm.scala. Using presentation compiler with project's scala-library version: 3.3.3[0m
2024.09.25 19:44:49 INFO  no build target found for /home/jackcui/Arch/trace/workbench/Zeonica-Validation/Core/src/main/scala/Part/Comm.scala. Using presentation compiler with project's scala-library version: 3.3.3[0m
2024.09.25 19:44:49 WARN  no build target for: /home/jackcui/Arch/trace/workbench/Zeonica-Validation/Core/src/main/scala/Part/Comm.scala[0m
2024.09.25 19:44:56 INFO  no build target found for /home/jackcui/Arch/trace/workbench/Zeonica-Validation/Core/src/main/scala/Part/Comm.scala. Using presentation compiler with project's scala-library version: 3.3.3[0m
2024.09.25 19:44:56 INFO  no build target found for /home/jackcui/Arch/trace/workbench/Zeonica-Validation/Core/src/main/scala/Part/Comm.scala. Using presentation compiler with project's scala-library version: 3.3.3[0m
2024.09.25 19:46:06 INFO  no build target found for /home/jackcui/Arch/trace/workbench/Zeonica-Validation/Core/src/main/scala/Part/Comm.scala. Using presentation compiler with project's scala-library version: 3.3.3[0m
2024.09.25 19:46:06 INFO  no build target found for /home/jackcui/Arch/trace/workbench/Zeonica-Validation/Core/src/main/scala/Part/Comm.scala. Using presentation compiler with project's scala-library version: 3.3.3[0m
2024.09.25 19:46:07 INFO  no build target found for /home/jackcui/Arch/trace/workbench/Zeonica-Validation/Core/src/main/scala/Part/Comm.scala. Using presentation compiler with project's scala-library version: 3.3.3[0m
2024.09.25 19:46:07 INFO  no build target found for /home/jackcui/Arch/trace/workbench/Zeonica-Validation/Core/src/main/scala/Part/Comm.scala. Using presentation compiler with project's scala-library version: 3.3.3[0m
2024.09.25 19:46:08 INFO  no build target found for /home/jackcui/Arch/trace/workbench/Zeonica-Validation/Core/src/main/scala/Part/Comm.scala. Using presentation compiler with project's scala-library version: 3.3.3[0m
2024.09.25 19:46:07 INFO  no build target found for /home/jackcui/Arch/trace/workbench/Zeonica-Validation/Core/src/main/scala/Part/Comm.scala. Using presentation compiler with project's scala-library version: 3.3.3[0m
2024.09.25 19:46:08 INFO  no build target found for /home/jackcui/Arch/trace/workbench/Zeonica-Validation/Core/src/main/scala/Part/Comm.scala. Using presentation compiler with project's scala-library version: 3.3.3[0m
2024.09.25 19:46:08 INFO  no build target found for /home/jackcui/Arch/trace/workbench/Zeonica-Validation/Core/src/main/scala/Part/Comm.scala. Using presentation compiler with project's scala-library version: 3.3.3[0m
2024.09.25 19:46:08 INFO  no build target found for /home/jackcui/Arch/trace/workbench/Zeonica-Validation/Core/src/main/scala/Part/Comm.scala. Using presentation compiler with project's scala-library version: 3.3.3[0m
2024.09.25 19:46:09 INFO  no build target found for /home/jackcui/Arch/trace/workbench/Zeonica-Validation/Core/src/main/scala/Part/Comm.scala. Using presentation compiler with project's scala-library version: 3.3.3[0m
2024.09.25 19:46:08 INFO  no build target found for /home/jackcui/Arch/trace/workbench/Zeonica-Validation/Core/src/main/scala/Part/Comm.scala. Using presentation compiler with project's scala-library version: 3.3.3[0m
2024.09.25 19:46:08 INFO  no build target found for /home/jackcui/Arch/trace/workbench/Zeonica-Validation/Core/src/main/scala/Part/Comm.scala. Using presentation compiler with project's scala-library version: 3.3.3[0m
2024.09.25 19:46:08 INFO  no build target found for /home/jackcui/Arch/trace/workbench/Zeonica-Validation/Core/src/main/scala/Part/Comm.scala. Using presentation compiler with project's scala-library version: 3.3.3[0m
2024.09.25 19:46:08 INFO  no build target found for /home/jackcui/Arch/trace/workbench/Zeonica-Validation/Core/src/main/scala/Part/Comm.scala. Using presentation compiler with project's scala-library version: 3.3.3[0m
2024.09.25 19:46:08 INFO  no build target found for /home/jackcui/Arch/trace/workbench/Zeonica-Validation/Core/src/main/scala/Part/Comm.scala. Using presentation compiler with project's scala-library version: 3.3.3[0m
2024.09.25 19:46:08 INFO  no build target found for /home/jackcui/Arch/trace/workbench/Zeonica-Validation/Core/src/main/scala/Part/Comm.scala. Using presentation compiler with project's scala-library version: 3.3.3[0m
2024.09.25 19:46:08 INFO  no build target found for /home/jackcui/Arch/trace/workbench/Zeonica-Validation/Core/src/main/scala/Part/Comm.scala. Using presentation compiler with project's scala-library version: 3.3.3[0m
2024.09.25 19:46:08 INFO  no build target found for /home/jackcui/Arch/trace/workbench/Zeonica-Validation/Core/src/main/scala/Part/Comm.scala. Using presentation compiler with project's scala-library version: 3.3.3[0m
2024.09.25 19:46:09 INFO  no build target found for /home/jackcui/Arch/trace/workbench/Zeonica-Validation/Core/src/main/scala/Part/Comm.scala. Using presentation compiler with project's scala-library version: 3.3.3[0m
2024.09.25 19:46:33 INFO  no build target found for /home/jackcui/Arch/trace/workbench/Zeonica-Validation/Core/src/main/scala/Part/Comm.scala. Using presentation compiler with project's scala-library version: 3.3.3[0m
2024.09.25 19:46:34 INFO  no build target found for /home/jackcui/Arch/trace/workbench/Zeonica-Validation/Core/src/main/scala/Part/Comm.scala. Using presentation compiler with project's scala-library version: 3.3.3[0m
2024.09.25 19:46:34 INFO  no build target found for /home/jackcui/Arch/trace/workbench/Zeonica-Validation/Core/src/main/scala/Part/Comm.scala. Using presentation compiler with project's scala-library version: 3.3.3[0m
2024.09.25 19:46:36 INFO  no build target found for /home/jackcui/Arch/trace/workbench/Zeonica-Validation/Core/src/main/scala/Part/Comm.scala. Using presentation compiler with project's scala-library version: 3.3.3[0m
2024.09.25 19:46:36 INFO  no build target found for /home/jackcui/Arch/trace/workbench/Zeonica-Validation/Core/src/main/scala/Part/Comm.scala. Using presentation compiler with project's scala-library version: 3.3.3[0m
2024.09.25 19:46:36 INFO  no build target found for /home/jackcui/Arch/trace/workbench/Zeonica-Validation/Core/src/main/scala/Part/Comm.scala. Using presentation compiler with project's scala-library version: 3.3.3[0m
2024.09.25 19:46:36 INFO  no build target found for /home/jackcui/Arch/trace/workbench/Zeonica-Validation/Core/src/main/scala/Part/Comm.scala. Using presentation compiler with project's scala-library version: 3.3.3[0m
2024.09.25 19:46:36 INFO  no build target found for /home/jackcui/Arch/trace/workbench/Zeonica-Validation/Core/src/main/scala/Part/Comm.scala. Using presentation compiler with project's scala-library version: 3.3.3[0m
2024.09.25 19:46:37 INFO  no build target found for /home/jackcui/Arch/trace/workbench/Zeonica-Validation/Core/src/main/scala/Part/Comm.scala. Using presentation compiler with project's scala-library version: 3.3.3[0m
2024.09.25 19:46:37 INFO  no build target found for /home/jackcui/Arch/trace/workbench/Zeonica-Validation/Core/src/main/scala/Part/Comm.scala. Using presentation compiler with project's scala-library version: 3.3.3[0m
2024.09.25 19:46:37 INFO  no build target found for /home/jackcui/Arch/trace/workbench/Zeonica-Validation/Core/src/main/scala/Part/Comm.scala. Using presentation compiler with project's scala-library version: 3.3.3[0m
2024.09.25 19:46:38 INFO  no build target found for /home/jackcui/Arch/trace/workbench/Zeonica-Validation/Core/src/main/scala/Part/Comm.scala. Using presentation compiler with project's scala-library version: 3.3.3[0m
2024.09.25 19:46:38 INFO  no build target found for /home/jackcui/Arch/trace/workbench/Zeonica-Validation/Core/src/main/scala/Part/Comm.scala. Using presentation compiler with project's scala-library version: 3.3.3[0m
2024.09.25 19:46:38 INFO  no build target found for /home/jackcui/Arch/trace/workbench/Zeonica-Validation/Core/src/main/scala/Part/Comm.scala. Using presentation compiler with project's scala-library version: 3.3.3[0m
2024.09.25 19:46:38 INFO  no build target found for /home/jackcui/Arch/trace/workbench/Zeonica-Validation/Core/src/main/scala/Part/Comm.scala. Using presentation compiler with project's scala-library version: 3.3.3[0m
2024.09.25 19:46:38 INFO  no build target found for /home/jackcui/Arch/trace/workbench/Zeonica-Validation/Core/src/main/scala/Part/Comm.scala. Using presentation compiler with project's scala-library version: 3.3.3[0m
2024.09.25 19:46:39 INFO  no build target found for /home/jackcui/Arch/trace/workbench/Zeonica-Validation/Core/src/main/scala/Part/Comm.scala. Using presentation compiler with project's scala-library version: 3.3.3[0m
2024.09.25 19:46:41 INFO  no build target found for /home/jackcui/Arch/trace/workbench/Zeonica-Validation/Core/src/main/scala/Part/Comm.scala. Using presentation compiler with project's scala-library version: 3.3.3[0m
2024.09.25 19:46:41 INFO  no build target found for /home/jackcui/Arch/trace/workbench/Zeonica-Validation/Core/src/main/scala/Part/Comm.scala. Using presentation compiler with project's scala-library version: 3.3.3[0m
2024.09.25 19:46:41 INFO  no build target found for /home/jackcui/Arch/trace/workbench/Zeonica-Validation/Core/src/main/scala/Part/Comm.scala. Using presentation compiler with project's scala-library version: 3.3.3[0m
2024.09.25 19:46:42 INFO  no build target found for /home/jackcui/Arch/trace/workbench/Zeonica-Validation/Core/src/main/scala/Part/Comm.scala. Using presentation compiler with project's scala-library version: 3.3.3[0m
2024.09.25 19:46:43 INFO  no build target found for /home/jackcui/Arch/trace/workbench/Zeonica-Validation/Core/src/main/scala/Part/Comm.scala. Using presentation compiler with project's scala-library version: 3.3.3[0m
2024.09.25 19:46:43 INFO  no build target found for /home/jackcui/Arch/trace/workbench/Zeonica-Validation/Core/src/main/scala/Part/Comm.scala. Using presentation compiler with project's scala-library version: 3.3.3[0m
2024.09.25 19:46:43 INFO  no build target found for /home/jackcui/Arch/trace/workbench/Zeonica-Validation/Core/src/main/scala/Part/Comm.scala. Using presentation compiler with project's scala-library version: 3.3.3[0m
2024.09.25 19:46:44 INFO  no build target found for /home/jackcui/Arch/trace/workbench/Zeonica-Validation/Core/src/main/scala/Part/Comm.scala. Using presentation compiler with project's scala-library version: 3.3.3[0m
2024.09.25 19:46:44 INFO  no build target found for /home/jackcui/Arch/trace/workbench/Zeonica-Validation/Core/src/main/scala/Part/Comm.scala. Using presentation compiler with project's scala-library version: 3.3.3[0m
2024.09.25 19:46:44 INFO  no build target found for /home/jackcui/Arch/trace/workbench/Zeonica-Validation/Core/src/main/scala/Part/Comm.scala. Using presentation compiler with project's scala-library version: 3.3.3[0m
2024.09.25 19:46:44 INFO  no build target found for /home/jackcui/Arch/trace/workbench/Zeonica-Validation/Core/src/main/scala/Part/Comm.scala. Using presentation compiler with project's scala-library version: 3.3.3[0m
2024.09.25 19:46:44 INFO  no build target found for /home/jackcui/Arch/trace/workbench/Zeonica-Validation/Core/src/main/scala/Part/Comm.scala. Using presentation compiler with project's scala-library version: 3.3.3[0m
2024.09.25 19:46:45 INFO  no build target found for /home/jackcui/Arch/trace/workbench/Zeonica-Validation/Core/src/main/scala/Part/Comm.scala. Using presentation compiler with project's scala-library version: 3.3.3[0m
2024.09.25 19:46:46 INFO  no build target found for /home/jackcui/Arch/trace/workbench/Zeonica-Validation/Core/src/main/scala/Part/Comm.scala. Using presentation compiler with project's scala-library version: 3.3.3[0m
2024.09.25 19:46:46 INFO  no build target found for /home/jackcui/Arch/trace/workbench/Zeonica-Validation/Core/src/main/scala/Part/Comm.scala. Using presentation compiler with project's scala-library version: 3.3.3[0m
2024.09.25 19:46:46 INFO  no build target found for /home/jackcui/Arch/trace/workbench/Zeonica-Validation/Core/src/main/scala/Part/Comm.scala. Using presentation compiler with project's scala-library version: 3.3.3[0m
2024.09.25 19:46:47 INFO  no build target found for /home/jackcui/Arch/trace/workbench/Zeonica-Validation/Core/src/main/scala/Part/Comm.scala. Using presentation compiler with project's scala-library version: 3.3.3[0m
2024.09.25 19:46:47 INFO  no build target found for /home/jackcui/Arch/trace/workbench/Zeonica-Validation/Core/src/main/scala/Part/Comm.scala. Using presentation compiler with project's scala-library version: 3.3.3[0m
2024.09.25 19:46:47 INFO  no build target found for /home/jackcui/Arch/trace/workbench/Zeonica-Validation/Core/src/main/scala/Part/Comm.scala. Using presentation compiler with project's scala-library version: 3.3.3[0m
2024.09.25 19:46:47 INFO  no build target found for /home/jackcui/Arch/trace/workbench/Zeonica-Validation/Core/src/main/scala/Part/Comm.scala. Using presentation compiler with project's scala-library version: 3.3.3[0m
2024.09.25 19:46:47 INFO  no build target found for /home/jackcui/Arch/trace/workbench/Zeonica-Validation/Core/src/main/scala/Part/Comm.scala. Using presentation compiler with project's scala-library version: 3.3.3[0m
2024.09.25 19:46:49 INFO  no build target found for /home/jackcui/Arch/trace/workbench/Zeonica-Validation/Core/src/main/scala/Part/Comm.scala. Using presentation compiler with project's scala-library version: 3.3.3[0m
2024.09.25 19:46:49 INFO  no build target found for /home/jackcui/Arch/trace/workbench/Zeonica-Validation/Core/src/main/scala/Part/Comm.scala. Using presentation compiler with project's scala-library version: 3.3.3[0m
2024.09.25 19:46:49 INFO  no build target found for /home/jackcui/Arch/trace/workbench/Zeonica-Validation/Core/src/main/scala/Part/Comm.scala. Using presentation compiler with project's scala-library version: 3.3.3[0m
2024.09.25 19:46:50 INFO  no build target found for /home/jackcui/Arch/trace/workbench/Zeonica-Validation/Core/src/main/scala/Part/Comm.scala. Using presentation compiler with project's scala-library version: 3.3.3[0m
2024.09.25 19:46:50 INFO  no build target found for /home/jackcui/Arch/trace/workbench/Zeonica-Validation/Core/src/main/scala/Part/Comm.scala. Using presentation compiler with project's scala-library version: 3.3.3[0m
2024.09.25 19:46:50 INFO  no build target found for /home/jackcui/Arch/trace/workbench/Zeonica-Validation/Core/src/main/scala/Part/Comm.scala. Using presentation compiler with project's scala-library version: 3.3.3[0m
2024.09.25 19:46:50 INFO  no build target found for /home/jackcui/Arch/trace/workbench/Zeonica-Validation/Core/src/main/scala/Part/Comm.scala. Using presentation compiler with project's scala-library version: 3.3.3[0m
2024.09.25 19:46:52 INFO  no build target found for /home/jackcui/Arch/trace/workbench/Zeonica-Validation/Core/src/main/scala/Part/Comm.scala. Using presentation compiler with project's scala-library version: 3.3.3[0m
2024.09.25 19:46:53 INFO  no build target found for /home/jackcui/Arch/trace/workbench/Zeonica-Validation/Core/src/main/scala/Part/Comm.scala. Using presentation compiler with project's scala-library version: 3.3.3[0m
2024.09.25 19:46:52 INFO  no build target found for /home/jackcui/Arch/trace/workbench/Zeonica-Validation/Core/src/main/scala/Part/Comm.scala. Using presentation compiler with project's scala-library version: 3.3.3[0m
2024.09.25 19:46:54 INFO  no build target found for /home/jackcui/Arch/trace/workbench/Zeonica-Validation/Core/src/main/scala/Part/Comm.scala. Using presentation compiler with project's scala-library version: 3.3.3[0m
2024.09.25 19:46:54 INFO  no build target found for /home/jackcui/Arch/trace/workbench/Zeonica-Validation/Core/src/main/scala/Part/Comm.scala. Using presentation compiler with project's scala-library version: 3.3.3[0m
2024.09.25 19:46:54 INFO  no build target found for /home/jackcui/Arch/trace/workbench/Zeonica-Validation/Core/src/main/scala/Part/Comm.scala. Using presentation compiler with project's scala-library version: 3.3.3[0m
2024.09.25 19:46:54 INFO  no build target found for /home/jackcui/Arch/trace/workbench/Zeonica-Validation/Core/src/main/scala/Part/Comm.scala. Using presentation compiler with project's scala-library version: 3.3.3[0m
2024.09.25 19:46:55 INFO  no build target found for /home/jackcui/Arch/trace/workbench/Zeonica-Validation/Core/src/main/scala/Part/Comm.scala. Using presentation compiler with project's scala-library version: 3.3.3[0m
2024.09.25 19:46:54 INFO  no build target found for /home/jackcui/Arch/trace/workbench/Zeonica-Validation/Core/src/main/scala/Part/Comm.scala. Using presentation compiler with project's scala-library version: 3.3.3[0m
2024.09.25 19:46:55 INFO  no build target found for /home/jackcui/Arch/trace/workbench/Zeonica-Validation/Core/src/main/scala/Part/Comm.scala. Using presentation compiler with project's scala-library version: 3.3.3[0m
2024.09.25 19:46:55 INFO  no build target found for /home/jackcui/Arch/trace/workbench/Zeonica-Validation/Core/src/main/scala/Part/Comm.scala. Using presentation compiler with project's scala-library version: 3.3.3[0m
2024.09.25 19:46:55 INFO  no build target found for /home/jackcui/Arch/trace/workbench/Zeonica-Validation/Core/src/main/scala/Part/Comm.scala. Using presentation compiler with project's scala-library version: 3.3.3[0m
2024.09.25 19:46:55 INFO  no build target found for /home/jackcui/Arch/trace/workbench/Zeonica-Validation/Core/src/main/scala/Part/Comm.scala. Using presentation compiler with project's scala-library version: 3.3.3[0m
2024.09.25 19:46:56 INFO  no build target found for /home/jackcui/Arch/trace/workbench/Zeonica-Validation/Core/src/main/scala/Part/Comm.scala. Using presentation compiler with project's scala-library version: 3.3.3[0m
2024.09.25 19:46:57 INFO  no build target found for /home/jackcui/Arch/trace/workbench/Zeonica-Validation/Core/src/main/scala/Part/Comm.scala. Using presentation compiler with project's scala-library version: 3.3.3[0m
2024.09.25 19:46:58 INFO  no build target found for /home/jackcui/Arch/trace/workbench/Zeonica-Validation/Core/src/main/scala/Part/Comm.scala. Using presentation compiler with project's scala-library version: 3.3.3[0m
2024.09.25 19:46:57 INFO  no build target found for /home/jackcui/Arch/trace/workbench/Zeonica-Validation/Core/src/main/scala/Part/Comm.scala. Using presentation compiler with project's scala-library version: 3.3.3[0m
2024.09.25 19:46:57 INFO  no build target found for /home/jackcui/Arch/trace/workbench/Zeonica-Validation/Core/src/main/scala/Part/Comm.scala. Using presentation compiler with project's scala-library version: 3.3.3[0m
2024.09.25 19:46:58 INFO  no build target found for /home/jackcui/Arch/trace/workbench/Zeonica-Validation/Core/src/main/scala/Part/Comm.scala. Using presentation compiler with project's scala-library version: 3.3.3[0m
2024.09.25 19:46:57 INFO  no build target found for /home/jackcui/Arch/trace/workbench/Zeonica-Validation/Core/src/main/scala/Part/Comm.scala. Using presentation compiler with project's scala-library version: 3.3.3[0m
2024.09.25 19:46:58 INFO  no build target found for /home/jackcui/Arch/trace/workbench/Zeonica-Validation/Core/src/main/scala/Part/Comm.scala. Using presentation compiler with project's scala-library version: 3.3.3[0m
2024.09.25 19:46:59 INFO  no build target found for /home/jackcui/Arch/trace/workbench/Zeonica-Validation/Core/src/main/scala/Part/Comm.scala. Using presentation compiler with project's scala-library version: 3.3.3[0m
2024.09.25 19:46:58 INFO  no build target found for /home/jackcui/Arch/trace/workbench/Zeonica-Validation/Core/src/main/scala/Part/Comm.scala. Using presentation compiler with project's scala-library version: 3.3.3[0m
2024.09.25 19:46:59 INFO  no build target found for /home/jackcui/Arch/trace/workbench/Zeonica-Validation/Core/src/main/scala/Part/Comm.scala. Using presentation compiler with project's scala-library version: 3.3.3[0m
2024.09.25 19:47:00 INFO  no build target found for /home/jackcui/Arch/trace/workbench/Zeonica-Validation/Core/src/main/scala/Part/Comm.scala. Using presentation compiler with project's scala-library version: 3.3.3[0m
2024.09.25 19:47:00 INFO  no build target found for /home/jackcui/Arch/trace/workbench/Zeonica-Validation/Core/src/main/scala/Part/Comm.scala. Using presentation compiler with project's scala-library version: 3.3.3[0m
2024.09.25 19:47:00 INFO  no build target found for /home/jackcui/Arch/trace/workbench/Zeonica-Validation/Core/src/main/scala/Part/Comm.scala. Using presentation compiler with project's scala-library version: 3.3.3[0m
2024.09.25 19:47:01 INFO  no build target found for /home/jackcui/Arch/trace/workbench/Zeonica-Validation/Core/src/main/scala/Part/Comm.scala. Using presentation compiler with project's scala-library version: 3.3.3[0m
2024.09.25 19:47:01 INFO  no build target found for /home/jackcui/Arch/trace/workbench/Zeonica-Validation/Core/src/main/scala/Part/Comm.scala. Using presentation compiler with project's scala-library version: 3.3.3[0m
2024.09.25 19:47:01 INFO  no build target found for /home/jackcui/Arch/trace/workbench/Zeonica-Validation/Core/src/main/scala/Part/Comm.scala. Using presentation compiler with project's scala-library version: 3.3.3[0m
2024.09.25 19:47:02 INFO  no build target found for /home/jackcui/Arch/trace/workbench/Zeonica-Validation/Core/src/main/scala/Part/Comm.scala. Using presentation compiler with project's scala-library version: 3.3.3[0m
2024.09.25 19:47:01 INFO  no build target found for /home/jackcui/Arch/trace/workbench/Zeonica-Validation/Core/src/main/scala/Part/Comm.scala. Using presentation compiler with project's scala-library version: 3.3.3[0m
2024.09.25 19:47:02 INFO  no build target found for /home/jackcui/Arch/trace/workbench/Zeonica-Validation/Core/src/main/scala/Part/Comm.scala. Using presentation compiler with project's scala-library version: 3.3.3[0m
2024.09.25 19:47:03 INFO  no build target found for /home/jackcui/Arch/trace/workbench/Zeonica-Validation/Core/src/main/scala/Part/Comm.scala. Using presentation compiler with project's scala-library version: 3.3.3[0m
2024.09.25 19:47:03 INFO  no build target found for /home/jackcui/Arch/trace/workbench/Zeonica-Validation/Core/src/main/scala/Part/Comm.scala. Using presentation compiler with project's scala-library version: 3.3.3[0m
2024.09.25 19:47:03 INFO  no build target found for /home/jackcui/Arch/trace/workbench/Zeonica-Validation/Core/src/main/scala/Part/Comm.scala. Using presentation compiler with project's scala-library version: 3.3.3[0m
2024.09.25 19:47:05 INFO  no build target found for /home/jackcui/Arch/trace/workbench/Zeonica-Validation/Core/src/main/scala/Part/Comm.scala. Using presentation compiler with project's scala-library version: 3.3.3[0m
2024.09.25 19:47:05 INFO  no build target found for /home/jackcui/Arch/trace/workbench/Zeonica-Validation/Core/src/main/scala/Part/Comm.scala. Using presentation compiler with project's scala-library version: 3.3.3[0m
2024.09.25 19:47:05 INFO  no build target found for /home/jackcui/Arch/trace/workbench/Zeonica-Validation/Core/src/main/scala/Part/Comm.scala. Using presentation compiler with project's scala-library version: 3.3.3[0m
2024.09.25 19:47:05 INFO  no build target found for /home/jackcui/Arch/trace/workbench/Zeonica-Validation/Core/src/main/scala/Part/Comm.scala. Using presentation compiler with project's scala-library version: 3.3.3[0m
2024.09.25 19:47:07 INFO  no build target found for /home/jackcui/Arch/trace/workbench/Zeonica-Validation/Core/src/main/scala/Part/Comm.scala. Using presentation compiler with project's scala-library version: 3.3.3[0m
2024.09.25 19:47:07 INFO  no build target found for /home/jackcui/Arch/trace/workbench/Zeonica-Validation/Core/src/main/scala/Part/Comm.scala. Using presentation compiler with project's scala-library version: 3.3.3[0m
2024.09.25 19:47:07 WARN  no build target for: /home/jackcui/Arch/trace/workbench/Zeonica-Validation/Core/src/main/scala/Part/Comm.scala[0m
2024.09.25 19:47:08 INFO  no build target found for /home/jackcui/Arch/trace/workbench/Zeonica-Validation/Core/src/main/scala/Part/Comm.scala. Using presentation compiler with project's scala-library version: 3.3.3[0m
2024.09.25 19:47:08 INFO  no build target found for /home/jackcui/Arch/trace/workbench/Zeonica-Validation/Core/src/main/scala/Part/Comm.scala. Using presentation compiler with project's scala-library version: 3.3.3[0m
2024.09.25 19:48:53 INFO  no build target found for /home/jackcui/Arch/trace/workbench/Zeonica-Validation/Core/src/main/scala/Part/Comm.scala. Using presentation compiler with project's scala-library version: 3.3.3[0m
2024.09.25 19:48:53 INFO  no build target found for /home/jackcui/Arch/trace/workbench/Zeonica-Validation/Core/src/main/scala/Part/Comm.scala. Using presentation compiler with project's scala-library version: 3.3.3[0m
2024.09.25 19:48:53 INFO  no build target found for /home/jackcui/Arch/trace/workbench/Zeonica-Validation/Core/src/main/scala/Part/Comm.scala. Using presentation compiler with project's scala-library version: 3.3.3[0m
2024.09.25 19:48:55 INFO  no build target found for /home/jackcui/Arch/trace/workbench/Zeonica-Validation/Core/src/main/scala/Part/Comm.scala. Using presentation compiler with project's scala-library version: 3.3.3[0m
2024.09.25 19:48:55 INFO  no build target found for /home/jackcui/Arch/trace/workbench/Zeonica-Validation/Core/src/main/scala/Part/Comm.scala. Using presentation compiler with project's scala-library version: 3.3.3[0m
2024.09.25 19:48:55 INFO  no build target found for /home/jackcui/Arch/trace/workbench/Zeonica-Validation/Core/src/main/scala/Part/Comm.scala. Using presentation compiler with project's scala-library version: 3.3.3[0m
2024.09.25 19:48:55 INFO  no build target found for /home/jackcui/Arch/trace/workbench/Zeonica-Validation/Core/src/main/scala/Part/Comm.scala. Using presentation compiler with project's scala-library version: 3.3.3[0m
2024.09.25 19:48:55 INFO  no build target found for /home/jackcui/Arch/trace/workbench/Zeonica-Validation/Core/src/main/scala/Part/Comm.scala. Using presentation compiler with project's scala-library version: 3.3.3[0m
2024.09.25 19:48:56 INFO  no build target found for /home/jackcui/Arch/trace/workbench/Zeonica-Validation/Core/src/main/scala/Part/Comm.scala. Using presentation compiler with project's scala-library version: 3.3.3[0m
2024.09.25 19:48:55 INFO  no build target found for /home/jackcui/Arch/trace/workbench/Zeonica-Validation/Core/src/main/scala/Part/Comm.scala. Using presentation compiler with project's scala-library version: 3.3.3[0m
2024.09.25 19:48:56 INFO  no build target found for /home/jackcui/Arch/trace/workbench/Zeonica-Validation/Core/src/main/scala/Part/Comm.scala. Using presentation compiler with project's scala-library version: 3.3.3[0m
2024.09.25 19:48:56 INFO  no build target found for /home/jackcui/Arch/trace/workbench/Zeonica-Validation/Core/src/main/scala/Part/Comm.scala. Using presentation compiler with project's scala-library version: 3.3.3[0m
2024.09.25 19:49:41 INFO  no build target found for /home/jackcui/Arch/trace/workbench/Zeonica-Validation/Core/src/main/scala/Part/Comm.scala. Using presentation compiler with project's scala-library version: 3.3.3[0m
2024.09.25 19:49:42 INFO  no build target found for /home/jackcui/Arch/trace/workbench/Zeonica-Validation/Core/src/main/scala/Part/Comm.scala. Using presentation compiler with project's scala-library version: 3.3.3[0m
2024.09.25 19:49:42 INFO  no build target found for /home/jackcui/Arch/trace/workbench/Zeonica-Validation/Core/src/main/scala/Part/Comm.scala. Using presentation compiler with project's scala-library version: 3.3.3[0m
2024.09.25 19:49:42 INFO  no build target found for /home/jackcui/Arch/trace/workbench/Zeonica-Validation/Core/src/main/scala/Part/Comm.scala. Using presentation compiler with project's scala-library version: 3.3.3[0m
2024.09.25 19:49:43 INFO  no build target found for /home/jackcui/Arch/trace/workbench/Zeonica-Validation/Core/src/main/scala/Part/Comm.scala. Using presentation compiler with project's scala-library version: 3.3.3[0m
2024.09.25 19:49:42 INFO  no build target found for /home/jackcui/Arch/trace/workbench/Zeonica-Validation/Core/src/main/scala/Part/Comm.scala. Using presentation compiler with project's scala-library version: 3.3.3[0m
2024.09.25 19:49:42 INFO  no build target found for /home/jackcui/Arch/trace/workbench/Zeonica-Validation/Core/src/main/scala/Part/Comm.scala. Using presentation compiler with project's scala-library version: 3.3.3[0m
2024.09.25 19:49:44 INFO  no build target found for /home/jackcui/Arch/trace/workbench/Zeonica-Validation/Core/src/main/scala/Part/Comm.scala. Using presentation compiler with project's scala-library version: 3.3.3[0m
2024.09.25 19:49:44 INFO  no build target found for /home/jackcui/Arch/trace/workbench/Zeonica-Validation/Core/src/main/scala/Part/Comm.scala. Using presentation compiler with project's scala-library version: 3.3.3[0m
2024.09.25 19:49:44 INFO  no build target found for /home/jackcui/Arch/trace/workbench/Zeonica-Validation/Core/src/main/scala/Part/Comm.scala. Using presentation compiler with project's scala-library version: 3.3.3[0m
2024.09.25 19:49:44 INFO  no build target found for /home/jackcui/Arch/trace/workbench/Zeonica-Validation/Core/src/main/scala/Part/Comm.scala. Using presentation compiler with project's scala-library version: 3.3.3[0m
2024.09.25 19:49:44 INFO  no build target found for /home/jackcui/Arch/trace/workbench/Zeonica-Validation/Core/src/main/scala/Part/Comm.scala. Using presentation compiler with project's scala-library version: 3.3.3[0m
2024.09.25 19:49:45 INFO  no build target found for /home/jackcui/Arch/trace/workbench/Zeonica-Validation/Core/src/main/scala/Part/Comm.scala. Using presentation compiler with project's scala-library version: 3.3.3[0m
2024.09.25 19:49:45 INFO  no build target found for /home/jackcui/Arch/trace/workbench/Zeonica-Validation/Core/src/main/scala/Part/Comm.scala. Using presentation compiler with project's scala-library version: 3.3.3[0m
2024.09.25 19:49:45 INFO  no build target found for /home/jackcui/Arch/trace/workbench/Zeonica-Validation/Core/src/main/scala/Part/Comm.scala. Using presentation compiler with project's scala-library version: 3.3.3[0m
2024.09.25 19:49:46 INFO  no build target found for /home/jackcui/Arch/trace/workbench/Zeonica-Validation/Core/src/main/scala/Part/Comm.scala. Using presentation compiler with project's scala-library version: 3.3.3[0m
2024.09.25 19:49:46 INFO  no build target found for /home/jackcui/Arch/trace/workbench/Zeonica-Validation/Core/src/main/scala/Part/Comm.scala. Using presentation compiler with project's scala-library version: 3.3.3[0m
2024.09.25 19:49:46 INFO  no build target found for /home/jackcui/Arch/trace/workbench/Zeonica-Validation/Core/src/main/scala/Part/Comm.scala. Using presentation compiler with project's scala-library version: 3.3.3[0m
2024.09.25 19:49:46 INFO  no build target found for /home/jackcui/Arch/trace/workbench/Zeonica-Validation/Core/src/main/scala/Part/Comm.scala. Using presentation compiler with project's scala-library version: 3.3.3[0m
2024.09.25 19:49:46 INFO  no build target found for /home/jackcui/Arch/trace/workbench/Zeonica-Validation/Core/src/main/scala/Part/Comm.scala. Using presentation compiler with project's scala-library version: 3.3.3[0m
2024.09.25 19:50:00 INFO  no build target found for /home/jackcui/Arch/trace/workbench/Zeonica-Validation/Core/src/main/scala/Part/Comm.scala. Using presentation compiler with project's scala-library version: 3.3.3[0m
2024.09.25 19:50:00 INFO  no build target found for /home/jackcui/Arch/trace/workbench/Zeonica-Validation/Core/src/main/scala/Part/Comm.scala. Using presentation compiler with project's scala-library version: 3.3.3[0m
2024.09.25 19:50:02 INFO  no build target found for /home/jackcui/Arch/trace/workbench/Zeonica-Validation/Core/src/main/scala/Part/Comm.scala. Using presentation compiler with project's scala-library version: 3.3.3[0m
2024.09.25 19:50:02 INFO  no build target found for /home/jackcui/Arch/trace/workbench/Zeonica-Validation/Core/src/main/scala/Part/Comm.scala. Using presentation compiler with project's scala-library version: 3.3.3[0m
2024.09.25 19:50:02 INFO  no build target found for /home/jackcui/Arch/trace/workbench/Zeonica-Validation/Core/src/main/scala/Part/Comm.scala. Using presentation compiler with project's scala-library version: 3.3.3[0m
2024.09.25 19:50:02 INFO  no build target found for /home/jackcui/Arch/trace/workbench/Zeonica-Validation/Core/src/main/scala/Part/Comm.scala. Using presentation compiler with project's scala-library version: 3.3.3[0m
2024.09.25 19:50:03 INFO  no build target found for /home/jackcui/Arch/trace/workbench/Zeonica-Validation/Core/src/main/scala/Part/Comm.scala. Using presentation compiler with project's scala-library version: 3.3.3[0m
2024.09.25 19:50:03 INFO  no build target found for /home/jackcui/Arch/trace/workbench/Zeonica-Validation/Core/src/main/scala/Part/Comm.scala. Using presentation compiler with project's scala-library version: 3.3.3[0m
2024.09.25 19:50:03 INFO  no build target found for /home/jackcui/Arch/trace/workbench/Zeonica-Validation/Core/src/main/scala/Part/Comm.scala. Using presentation compiler with project's scala-library version: 3.3.3[0m
2024.09.25 19:50:05 INFO  no build target found for /home/jackcui/Arch/trace/workbench/Zeonica-Validation/Core/src/main/scala/Part/Comm.scala. Using presentation compiler with project's scala-library version: 3.3.3[0m
2024.09.25 19:50:05 INFO  no build target found for /home/jackcui/Arch/trace/workbench/Zeonica-Validation/Core/src/main/scala/Part/Comm.scala. Using presentation compiler with project's scala-library version: 3.3.3[0m
2024.09.25 19:50:05 INFO  no build target found for /home/jackcui/Arch/trace/workbench/Zeonica-Validation/Core/src/main/scala/Part/Comm.scala. Using presentation compiler with project's scala-library version: 3.3.3[0m
2024.09.25 19:50:05 INFO  no build target found for /home/jackcui/Arch/trace/workbench/Zeonica-Validation/Core/src/main/scala/Part/Comm.scala. Using presentation compiler with project's scala-library version: 3.3.3[0m
2024.09.25 19:50:05 INFO  no build target found for /home/jackcui/Arch/trace/workbench/Zeonica-Validation/Core/src/main/scala/Part/Comm.scala. Using presentation compiler with project's scala-library version: 3.3.3[0m
2024.09.25 19:50:05 INFO  no build target found for /home/jackcui/Arch/trace/workbench/Zeonica-Validation/Core/src/main/scala/Part/Comm.scala. Using presentation compiler with project's scala-library version: 3.3.3[0m
2024.09.25 19:50:05 INFO  no build target found for /home/jackcui/Arch/trace/workbench/Zeonica-Validation/Core/src/main/scala/Part/Comm.scala. Using presentation compiler with project's scala-library version: 3.3.3[0m
2024.09.25 19:50:07 INFO  no build target found for /home/jackcui/Arch/trace/workbench/Zeonica-Validation/Core/src/main/scala/Part/Comm.scala. Using presentation compiler with project's scala-library version: 3.3.3[0m
2024.09.25 19:50:07 INFO  no build target found for /home/jackcui/Arch/trace/workbench/Zeonica-Validation/Core/src/main/scala/Part/Comm.scala. Using presentation compiler with project's scala-library version: 3.3.3[0m
2024.09.25 19:50:08 INFO  no build target found for /home/jackcui/Arch/trace/workbench/Zeonica-Validation/Core/src/main/scala/Part/Comm.scala. Using presentation compiler with project's scala-library version: 3.3.3[0m
2024.09.25 19:50:08 INFO  no build target found for /home/jackcui/Arch/trace/workbench/Zeonica-Validation/Core/src/main/scala/Part/Comm.scala. Using presentation compiler with project's scala-library version: 3.3.3[0m
2024.09.25 19:50:08 INFO  no build target found for /home/jackcui/Arch/trace/workbench/Zeonica-Validation/Core/src/main/scala/Part/Comm.scala. Using presentation compiler with project's scala-library version: 3.3.3[0m
2024.09.25 19:50:08 INFO  no build target found for /home/jackcui/Arch/trace/workbench/Zeonica-Validation/Core/src/main/scala/Part/Comm.scala. Using presentation compiler with project's scala-library version: 3.3.3[0m
2024.09.25 19:50:08 INFO  no build target found for /home/jackcui/Arch/trace/workbench/Zeonica-Validation/Core/src/main/scala/Part/Comm.scala. Using presentation compiler with project's scala-library version: 3.3.3[0m
2024.09.25 19:50:10 INFO  no build target found for /home/jackcui/Arch/trace/workbench/Zeonica-Validation/Core/src/main/scala/Part/Comm.scala. Using presentation compiler with project's scala-library version: 3.3.3[0m
2024.09.25 19:50:10 INFO  no build target found for /home/jackcui/Arch/trace/workbench/Zeonica-Validation/Core/src/main/scala/Part/Comm.scala. Using presentation compiler with project's scala-library version: 3.3.3[0m
2024.09.25 19:50:11 INFO  no build target found for /home/jackcui/Arch/trace/workbench/Zeonica-Validation/Core/src/main/scala/Part/Comm.scala. Using presentation compiler with project's scala-library version: 3.3.3[0m
2024.09.25 19:50:12 INFO  no build target found for /home/jackcui/Arch/trace/workbench/Zeonica-Validation/Core/src/main/scala/Part/Comm.scala. Using presentation compiler with project's scala-library version: 3.3.3[0m
2024.09.25 19:50:12 INFO  no build target found for /home/jackcui/Arch/trace/workbench/Zeonica-Validation/Core/src/main/scala/Part/Comm.scala. Using presentation compiler with project's scala-library version: 3.3.3[0m
2024.09.25 19:50:12 INFO  no build target found for /home/jackcui/Arch/trace/workbench/Zeonica-Validation/Core/src/main/scala/Part/Comm.scala. Using presentation compiler with project's scala-library version: 3.3.3[0m
2024.09.25 19:50:12 INFO  no build target found for /home/jackcui/Arch/trace/workbench/Zeonica-Validation/Core/src/main/scala/Part/Comm.scala. Using presentation compiler with project's scala-library version: 3.3.3[0m
2024.09.25 19:50:24 INFO  no build target found for /home/jackcui/Arch/trace/workbench/Zeonica-Validation/Core/src/main/scala/Part/Comm.scala. Using presentation compiler with project's scala-library version: 3.3.3[0m
2024.09.25 19:50:24 INFO  no build target found for /home/jackcui/Arch/trace/workbench/Zeonica-Validation/Core/src/main/scala/Part/Comm.scala. Using presentation compiler with project's scala-library version: 3.3.3[0m
2024.09.25 19:50:30 INFO  no build target found for /home/jackcui/Arch/trace/workbench/Zeonica-Validation/Core/src/main/scala/Part/Comm.scala. Using presentation compiler with project's scala-library version: 3.3.3[0m
2024.09.25 19:50:30 INFO  no build target found for /home/jackcui/Arch/trace/workbench/Zeonica-Validation/Core/src/main/scala/Part/Comm.scala. Using presentation compiler with project's scala-library version: 3.3.3[0m
2024.09.25 19:50:30 INFO  no build target found for /home/jackcui/Arch/trace/workbench/Zeonica-Validation/Core/src/main/scala/Part/Comm.scala. Using presentation compiler with project's scala-library version: 3.3.3[0m
2024.09.25 19:50:31 INFO  no build target found for /home/jackcui/Arch/trace/workbench/Zeonica-Validation/Core/src/main/scala/Part/Comm.scala. Using presentation compiler with project's scala-library version: 3.3.3[0m
2024.09.25 19:50:33 INFO  no build target found for /home/jackcui/Arch/trace/workbench/Zeonica-Validation/Core/src/main/scala/Part/Comm.scala. Using presentation compiler with project's scala-library version: 3.3.3[0m
2024.09.25 19:50:33 INFO  no build target found for /home/jackcui/Arch/trace/workbench/Zeonica-Validation/Core/src/main/scala/Part/Comm.scala. Using presentation compiler with project's scala-library version: 3.3.3[0m
2024.09.25 19:50:33 INFO  no build target found for /home/jackcui/Arch/trace/workbench/Zeonica-Validation/Core/src/main/scala/Part/Comm.scala. Using presentation compiler with project's scala-library version: 3.3.3[0m
2024.09.25 19:50:35 INFO  no build target found for /home/jackcui/Arch/trace/workbench/Zeonica-Validation/Core/src/main/scala/Part/Comm.scala. Using presentation compiler with project's scala-library version: 3.3.3[0m
2024.09.25 19:50:35 INFO  no build target found for /home/jackcui/Arch/trace/workbench/Zeonica-Validation/Core/src/main/scala/Part/Comm.scala. Using presentation compiler with project's scala-library version: 3.3.3[0m
2024.09.25 19:50:35 INFO  no build target found for /home/jackcui/Arch/trace/workbench/Zeonica-Validation/Core/src/main/scala/Part/Comm.scala. Using presentation compiler with project's scala-library version: 3.3.3[0m
2024.09.25 19:50:35 INFO  no build target found for /home/jackcui/Arch/trace/workbench/Zeonica-Validation/Core/src/main/scala/Part/Comm.scala. Using presentation compiler with project's scala-library version: 3.3.3[0m
2024.09.25 19:50:35 INFO  no build target found for /home/jackcui/Arch/trace/workbench/Zeonica-Validation/Core/src/main/scala/Part/Comm.scala. Using presentation compiler with project's scala-library version: 3.3.3[0m
2024.09.25 19:50:36 INFO  no build target found for /home/jackcui/Arch/trace/workbench/Zeonica-Validation/Core/src/main/scala/Part/Comm.scala. Using presentation compiler with project's scala-library version: 3.3.3[0m
2024.09.25 19:50:36 INFO  no build target found for /home/jackcui/Arch/trace/workbench/Zeonica-Validation/Core/src/main/scala/Part/Comm.scala. Using presentation compiler with project's scala-library version: 3.3.3[0m
2024.09.25 19:50:36 INFO  no build target found for /home/jackcui/Arch/trace/workbench/Zeonica-Validation/Core/src/main/scala/Part/Comm.scala. Using presentation compiler with project's scala-library version: 3.3.3[0m
2024.09.25 19:50:36 INFO  no build target found for /home/jackcui/Arch/trace/workbench/Zeonica-Validation/Core/src/main/scala/Part/Comm.scala. Using presentation compiler with project's scala-library version: 3.3.3[0m
2024.09.25 19:50:36 INFO  no build target found for /home/jackcui/Arch/trace/workbench/Zeonica-Validation/Core/src/main/scala/Part/Comm.scala. Using presentation compiler with project's scala-library version: 3.3.3[0m
2024.09.25 19:50:36 INFO  no build target found for /home/jackcui/Arch/trace/workbench/Zeonica-Validation/Core/src/main/scala/Part/Comm.scala. Using presentation compiler with project's scala-library version: 3.3.3[0m
2024.09.25 19:50:36 INFO  no build target found for /home/jackcui/Arch/trace/workbench/Zeonica-Validation/Core/src/main/scala/Part/Comm.scala. Using presentation compiler with project's scala-library version: 3.3.3[0m
2024.09.25 19:50:37 INFO  no build target found for /home/jackcui/Arch/trace/workbench/Zeonica-Validation/Core/src/main/scala/Part/Comm.scala. Using presentation compiler with project's scala-library version: 3.3.3[0m
2024.09.25 19:50:38 INFO  no build target found for /home/jackcui/Arch/trace/workbench/Zeonica-Validation/Core/src/main/scala/Part/Comm.scala. Using presentation compiler with project's scala-library version: 3.3.3[0m
2024.09.25 19:50:38 INFO  no build target found for /home/jackcui/Arch/trace/workbench/Zeonica-Validation/Core/src/main/scala/Part/Comm.scala. Using presentation compiler with project's scala-library version: 3.3.3[0m
2024.09.25 19:50:38 INFO  no build target found for /home/jackcui/Arch/trace/workbench/Zeonica-Validation/Core/src/main/scala/Part/Comm.scala. Using presentation compiler with project's scala-library version: 3.3.3[0m
2024.09.25 19:50:38 INFO  no build target found for /home/jackcui/Arch/trace/workbench/Zeonica-Validation/Core/src/main/scala/Part/Comm.scala. Using presentation compiler with project's scala-library version: 3.3.3[0m
2024.09.25 19:50:38 INFO  no build target found for /home/jackcui/Arch/trace/workbench/Zeonica-Validation/Core/src/main/scala/Part/Comm.scala. Using presentation compiler with project's scala-library version: 3.3.3[0m
2024.09.25 19:50:38 INFO  no build target found for /home/jackcui/Arch/trace/workbench/Zeonica-Validation/Core/src/main/scala/Part/Comm.scala. Using presentation compiler with project's scala-library version: 3.3.3[0m
2024.09.25 19:51:19 INFO  no build target found for /home/jackcui/Arch/trace/workbench/Zeonica-Validation/Core/src/main/scala/Part/Comm.scala. Using presentation compiler with project's scala-library version: 3.3.3[0m
2024.09.25 19:51:20 INFO  no build target found for /home/jackcui/Arch/trace/workbench/Zeonica-Validation/Core/src/main/scala/Part/Comm.scala. Using presentation compiler with project's scala-library version: 3.3.3[0m
2024.09.25 19:51:22 INFO  no build target found for /home/jackcui/Arch/trace/workbench/Zeonica-Validation/Core/src/main/scala/Part/Comm.scala. Using presentation compiler with project's scala-library version: 3.3.3[0m
2024.09.25 19:51:22 INFO  no build target found for /home/jackcui/Arch/trace/workbench/Zeonica-Validation/Core/src/main/scala/Part/Comm.scala. Using presentation compiler with project's scala-library version: 3.3.3[0m
2024.09.25 19:51:22 INFO  no build target found for /home/jackcui/Arch/trace/workbench/Zeonica-Validation/Core/src/main/scala/Part/Comm.scala. Using presentation compiler with project's scala-library version: 3.3.3[0m
2024.09.25 19:51:22 INFO  no build target found for /home/jackcui/Arch/trace/workbench/Zeonica-Validation/Core/src/main/scala/Part/Comm.scala. Using presentation compiler with project's scala-library version: 3.3.3[0m
2024.09.25 19:51:23 INFO  no build target found for /home/jackcui/Arch/trace/workbench/Zeonica-Validation/Core/src/main/scala/Part/Comm.scala. Using presentation compiler with project's scala-library version: 3.3.3[0m
2024.09.25 19:51:23 INFO  no build target found for /home/jackcui/Arch/trace/workbench/Zeonica-Validation/Core/src/main/scala/Part/Comm.scala. Using presentation compiler with project's scala-library version: 3.3.3[0m
2024.09.25 19:51:23 INFO  no build target found for /home/jackcui/Arch/trace/workbench/Zeonica-Validation/Core/src/main/scala/Part/Comm.scala. Using presentation compiler with project's scala-library version: 3.3.3[0m
2024.09.25 19:51:23 INFO  no build target found for /home/jackcui/Arch/trace/workbench/Zeonica-Validation/Core/src/main/scala/Part/Comm.scala. Using presentation compiler with project's scala-library version: 3.3.3[0m
2024.09.25 19:51:24 INFO  no build target found for /home/jackcui/Arch/trace/workbench/Zeonica-Validation/Core/src/main/scala/Part/Comm.scala. Using presentation compiler with project's scala-library version: 3.3.3[0m
2024.09.25 19:51:23 INFO  no build target found for /home/jackcui/Arch/trace/workbench/Zeonica-Validation/Core/src/main/scala/Part/Comm.scala. Using presentation compiler with project's scala-library version: 3.3.3[0m
2024.09.25 19:51:24 INFO  no build target found for /home/jackcui/Arch/trace/workbench/Zeonica-Validation/Core/src/main/scala/Part/Comm.scala. Using presentation compiler with project's scala-library version: 3.3.3[0m
2024.09.25 19:51:24 INFO  no build target found for /home/jackcui/Arch/trace/workbench/Zeonica-Validation/Core/src/main/scala/Part/Comm.scala. Using presentation compiler with project's scala-library version: 3.3.3[0m
2024.09.25 19:51:24 INFO  no build target found for /home/jackcui/Arch/trace/workbench/Zeonica-Validation/Core/src/main/scala/Part/Comm.scala. Using presentation compiler with project's scala-library version: 3.3.3[0m
2024.09.25 19:51:24 INFO  no build target found for /home/jackcui/Arch/trace/workbench/Zeonica-Validation/Core/src/main/scala/Part/Comm.scala. Using presentation compiler with project's scala-library version: 3.3.3[0m
2024.09.25 19:51:24 INFO  no build target found for /home/jackcui/Arch/trace/workbench/Zeonica-Validation/Core/src/main/scala/Part/Comm.scala. Using presentation compiler with project's scala-library version: 3.3.3[0m
2024.09.25 19:51:24 INFO  no build target found for /home/jackcui/Arch/trace/workbench/Zeonica-Validation/Core/src/main/scala/Part/Comm.scala. Using presentation compiler with project's scala-library version: 3.3.3[0m
2024.09.25 19:51:24 INFO  no build target found for /home/jackcui/Arch/trace/workbench/Zeonica-Validation/Core/src/main/scala/Part/Comm.scala. Using presentation compiler with project's scala-library version: 3.3.3[0m
2024.09.25 19:51:24 INFO  no build target found for /home/jackcui/Arch/trace/workbench/Zeonica-Validation/Core/src/main/scala/Part/Comm.scala. Using presentation compiler with project's scala-library version: 3.3.3[0m
2024.09.25 19:51:26 INFO  no build target found for /home/jackcui/Arch/trace/workbench/Zeonica-Validation/Core/src/main/scala/Part/Comm.scala. Using presentation compiler with project's scala-library version: 3.3.3[0m
2024.09.25 19:51:26 INFO  no build target found for /home/jackcui/Arch/trace/workbench/Zeonica-Validation/Core/src/main/scala/Part/Comm.scala. Using presentation compiler with project's scala-library version: 3.3.3[0m
2024.09.25 19:51:26 INFO  no build target found for /home/jackcui/Arch/trace/workbench/Zeonica-Validation/Core/src/main/scala/Part/Comm.scala. Using presentation compiler with project's scala-library version: 3.3.3[0m
2024.09.25 19:51:26 INFO  no build target found for /home/jackcui/Arch/trace/workbench/Zeonica-Validation/Core/src/main/scala/Part/Comm.scala. Using presentation compiler with project's scala-library version: 3.3.3[0m
2024.09.25 19:51:26 INFO  no build target found for /home/jackcui/Arch/trace/workbench/Zeonica-Validation/Core/src/main/scala/Part/Comm.scala. Using presentation compiler with project's scala-library version: 3.3.3[0m
2024.09.25 19:51:26 INFO  no build target found for /home/jackcui/Arch/trace/workbench/Zeonica-Validation/Core/src/main/scala/Part/Comm.scala. Using presentation compiler with project's scala-library version: 3.3.3[0m
2024.09.25 19:51:27 INFO  no build target found for /home/jackcui/Arch/trace/workbench/Zeonica-Validation/Core/src/main/scala/Part/Comm.scala. Using presentation compiler with project's scala-library version: 3.3.3[0m
2024.09.25 19:51:27 INFO  no build target found for /home/jackcui/Arch/trace/workbench/Zeonica-Validation/Core/src/main/scala/Part/Comm.scala. Using presentation compiler with project's scala-library version: 3.3.3[0m
2024.09.25 19:51:27 INFO  no build target found for /home/jackcui/Arch/trace/workbench/Zeonica-Validation/Core/src/main/scala/Part/Comm.scala. Using presentation compiler with project's scala-library version: 3.3.3[0m
2024.09.25 19:51:27 INFO  no build target found for /home/jackcui/Arch/trace/workbench/Zeonica-Validation/Core/src/main/scala/Part/Comm.scala. Using presentation compiler with project's scala-library version: 3.3.3[0m
2024.09.25 19:51:27 INFO  no build target found for /home/jackcui/Arch/trace/workbench/Zeonica-Validation/Core/src/main/scala/Part/Comm.scala. Using presentation compiler with project's scala-library version: 3.3.3[0m
2024.09.25 19:51:27 INFO  no build target found for /home/jackcui/Arch/trace/workbench/Zeonica-Validation/Core/src/main/scala/Part/Comm.scala. Using presentation compiler with project's scala-library version: 3.3.3[0m
2024.09.25 19:51:27 INFO  no build target found for /home/jackcui/Arch/trace/workbench/Zeonica-Validation/Core/src/main/scala/Part/Comm.scala. Using presentation compiler with project's scala-library version: 3.3.3[0m
2024.09.25 19:51:28 INFO  no build target found for /home/jackcui/Arch/trace/workbench/Zeonica-Validation/Core/src/main/scala/Part/Comm.scala. Using presentation compiler with project's scala-library version: 3.3.3[0m
2024.09.25 19:51:29 INFO  no build target found for /home/jackcui/Arch/trace/workbench/Zeonica-Validation/Core/src/main/scala/Part/Comm.scala. Using presentation compiler with project's scala-library version: 3.3.3[0m
2024.09.25 19:51:29 INFO  no build target found for /home/jackcui/Arch/trace/workbench/Zeonica-Validation/Core/src/main/scala/Part/Comm.scala. Using presentation compiler with project's scala-library version: 3.3.3[0m
2024.09.25 19:51:29 INFO  no build target found for /home/jackcui/Arch/trace/workbench/Zeonica-Validation/Core/src/main/scala/Part/Comm.scala. Using presentation compiler with project's scala-library version: 3.3.3[0m
2024.09.25 19:51:29 INFO  no build target found for /home/jackcui/Arch/trace/workbench/Zeonica-Validation/Core/src/main/scala/Part/Comm.scala. Using presentation compiler with project's scala-library version: 3.3.3[0m
2024.09.25 19:51:29 INFO  no build target found for /home/jackcui/Arch/trace/workbench/Zeonica-Validation/Core/src/main/scala/Part/Comm.scala. Using presentation compiler with project's scala-library version: 3.3.3[0m
2024.09.25 19:51:29 INFO  no build target found for /home/jackcui/Arch/trace/workbench/Zeonica-Validation/Core/src/main/scala/Part/Comm.scala. Using presentation compiler with project's scala-library version: 3.3.3[0m
2024.09.25 19:51:31 INFO  no build target found for /home/jackcui/Arch/trace/workbench/Zeonica-Validation/Core/src/main/scala/Part/Comm.scala. Using presentation compiler with project's scala-library version: 3.3.3[0m
2024.09.25 19:51:31 INFO  no build target found for /home/jackcui/Arch/trace/workbench/Zeonica-Validation/Core/src/main/scala/Part/Comm.scala. Using presentation compiler with project's scala-library version: 3.3.3[0m
2024.09.25 19:51:32 WARN  no build target for: /home/jackcui/Arch/trace/workbench/Zeonica-Validation/Core/src/main/scala/Part/Comm.scala[0m
2024.09.25 19:51:33 INFO  no build target found for /home/jackcui/Arch/trace/workbench/Zeonica-Validation/Core/src/main/scala/Part/Comm.scala. Using presentation compiler with project's scala-library version: 3.3.3[0m
2024.09.25 19:51:33 INFO  no build target found for /home/jackcui/Arch/trace/workbench/Zeonica-Validation/Core/src/main/scala/Part/Comm.scala. Using presentation compiler with project's scala-library version: 3.3.3[0m
2024.09.25 19:51:35 INFO  no build target found for /home/jackcui/Arch/trace/workbench/Zeonica-Validation/Core/src/main/scala/Part/Comm.scala. Using presentation compiler with project's scala-library version: 3.3.3[0m
2024.09.25 19:51:35 INFO  no build target found for /home/jackcui/Arch/trace/workbench/Zeonica-Validation/Core/src/main/scala/Part/Comm.scala. Using presentation compiler with project's scala-library version: 3.3.3[0m
2024.09.25 19:51:37 INFO  no build target found for /home/jackcui/Arch/trace/workbench/Zeonica-Validation/Core/src/main/scala/Part/Comm.scala. Using presentation compiler with project's scala-library version: 3.3.3[0m
2024.09.25 19:51:39 INFO  no build target found for /home/jackcui/Arch/trace/workbench/Zeonica-Validation/Core/src/main/scala/Part/Comm.scala. Using presentation compiler with project's scala-library version: 3.3.3[0m
2024.09.25 19:51:39 INFO  no build target found for /home/jackcui/Arch/trace/workbench/Zeonica-Validation/Core/src/main/scala/Part/Comm.scala. Using presentation compiler with project's scala-library version: 3.3.3[0m
2024.09.25 19:51:39 INFO  no build target found for /home/jackcui/Arch/trace/workbench/Zeonica-Validation/Core/src/main/scala/Part/Comm.scala. Using presentation compiler with project's scala-library version: 3.3.3[0m
2024.09.25 19:51:39 INFO  no build target found for /home/jackcui/Arch/trace/workbench/Zeonica-Validation/Core/src/main/scala/Part/Comm.scala. Using presentation compiler with project's scala-library version: 3.3.3[0m
2024.09.25 19:51:39 INFO  no build target found for /home/jackcui/Arch/trace/workbench/Zeonica-Validation/Core/src/main/scala/Part/Comm.scala. Using presentation compiler with project's scala-library version: 3.3.3[0m
2024.09.25 19:51:40 INFO  no build target found for /home/jackcui/Arch/trace/workbench/Zeonica-Validation/Core/src/main/scala/Part/Comm.scala. Using presentation compiler with project's scala-library version: 3.3.3[0m
2024.09.25 19:51:42 INFO  no build target found for /home/jackcui/Arch/trace/workbench/Zeonica-Validation/Core/src/main/scala/Part/Comm.scala. Using presentation compiler with project's scala-library version: 3.3.3[0m
2024.09.25 19:51:42 INFO  no build target found for /home/jackcui/Arch/trace/workbench/Zeonica-Validation/Core/src/main/scala/Part/Comm.scala. Using presentation compiler with project's scala-library version: 3.3.3[0m
2024.09.25 19:51:43 INFO  no build target found for /home/jackcui/Arch/trace/workbench/Zeonica-Validation/Core/src/main/scala/Part/Comm.scala. Using presentation compiler with project's scala-library version: 3.3.3[0m
2024.09.25 19:51:43 INFO  no build target found for /home/jackcui/Arch/trace/workbench/Zeonica-Validation/Core/src/main/scala/Part/Comm.scala. Using presentation compiler with project's scala-library version: 3.3.3[0m
2024.09.25 19:51:43 INFO  no build target found for /home/jackcui/Arch/trace/workbench/Zeonica-Validation/Core/src/main/scala/Part/Comm.scala. Using presentation compiler with project's scala-library version: 3.3.3[0m
2024.09.25 19:51:43 INFO  no build target found for /home/jackcui/Arch/trace/workbench/Zeonica-Validation/Core/src/main/scala/Part/Comm.scala. Using presentation compiler with project's scala-library version: 3.3.3[0m
2024.09.25 19:51:44 INFO  no build target found for /home/jackcui/Arch/trace/workbench/Zeonica-Validation/Core/src/main/scala/Part/Comm.scala. Using presentation compiler with project's scala-library version: 3.3.3[0m
2024.09.25 19:51:44 INFO  no build target found for /home/jackcui/Arch/trace/workbench/Zeonica-Validation/Core/src/main/scala/Part/Comm.scala. Using presentation compiler with project's scala-library version: 3.3.3[0m
2024.09.25 19:51:44 INFO  no build target found for /home/jackcui/Arch/trace/workbench/Zeonica-Validation/Core/src/main/scala/Part/Comm.scala. Using presentation compiler with project's scala-library version: 3.3.3[0m
2024.09.25 19:51:44 INFO  no build target found for /home/jackcui/Arch/trace/workbench/Zeonica-Validation/Core/src/main/scala/Part/Comm.scala. Using presentation compiler with project's scala-library version: 3.3.3[0m
2024.09.25 19:51:45 INFO  no build target found for /home/jackcui/Arch/trace/workbench/Zeonica-Validation/Core/src/main/scala/Part/Comm.scala. Using presentation compiler with project's scala-library version: 3.3.3[0m
2024.09.25 19:51:45 INFO  no build target found for /home/jackcui/Arch/trace/workbench/Zeonica-Validation/Core/src/main/scala/Part/Comm.scala. Using presentation compiler with project's scala-library version: 3.3.3[0m
2024.09.25 19:51:45 INFO  no build target found for /home/jackcui/Arch/trace/workbench/Zeonica-Validation/Core/src/main/scala/Part/Comm.scala. Using presentation compiler with project's scala-library version: 3.3.3[0m
2024.09.25 19:51:45 INFO  no build target found for /home/jackcui/Arch/trace/workbench/Zeonica-Validation/Core/src/main/scala/Part/Comm.scala. Using presentation compiler with project's scala-library version: 3.3.3[0m
2024.09.25 19:51:47 INFO  no build target found for /home/jackcui/Arch/trace/workbench/Zeonica-Validation/Core/src/main/scala/Part/Comm.scala. Using presentation compiler with project's scala-library version: 3.3.3[0m
2024.09.25 19:51:47 INFO  no build target found for /home/jackcui/Arch/trace/workbench/Zeonica-Validation/Core/src/main/scala/Part/Comm.scala. Using presentation compiler with project's scala-library version: 3.3.3[0m
2024.09.25 19:51:48 INFO  no build target found for /home/jackcui/Arch/trace/workbench/Zeonica-Validation/Core/src/main/scala/Part/Comm.scala. Using presentation compiler with project's scala-library version: 3.3.3[0m
2024.09.25 19:51:48 INFO  no build target found for /home/jackcui/Arch/trace/workbench/Zeonica-Validation/Core/src/main/scala/Part/Comm.scala. Using presentation compiler with project's scala-library version: 3.3.3[0m
2024.09.25 19:51:49 INFO  no build target found for /home/jackcui/Arch/trace/workbench/Zeonica-Validation/Core/src/main/scala/Part/Comm.scala. Using presentation compiler with project's scala-library version: 3.3.3[0m
2024.09.25 19:51:48 INFO  no build target found for /home/jackcui/Arch/trace/workbench/Zeonica-Validation/Core/src/main/scala/Part/Comm.scala. Using presentation compiler with project's scala-library version: 3.3.3[0m
2024.09.25 19:51:49 INFO  no build target found for /home/jackcui/Arch/trace/workbench/Zeonica-Validation/Core/src/main/scala/Part/Comm.scala. Using presentation compiler with project's scala-library version: 3.3.3[0m
2024.09.25 19:51:50 INFO  no build target found for /home/jackcui/Arch/trace/workbench/Zeonica-Validation/Core/src/main/scala/Part/Comm.scala. Using presentation compiler with project's scala-library version: 3.3.3[0m
2024.09.25 19:51:49 INFO  no build target found for /home/jackcui/Arch/trace/workbench/Zeonica-Validation/Core/src/main/scala/Part/Comm.scala. Using presentation compiler with project's scala-library version: 3.3.3[0m
2024.09.25 19:51:50 INFO  no build target found for /home/jackcui/Arch/trace/workbench/Zeonica-Validation/Core/src/main/scala/Part/Comm.scala. Using presentation compiler with project's scala-library version: 3.3.3[0m
2024.09.25 19:51:51 INFO  no build target found for /home/jackcui/Arch/trace/workbench/Zeonica-Validation/Core/src/main/scala/Part/Comm.scala. Using presentation compiler with project's scala-library version: 3.3.3[0m
2024.09.25 19:52:11 INFO  no build target found for /home/jackcui/Arch/trace/workbench/Zeonica-Validation/Core/src/main/scala/Part/Comm.scala. Using presentation compiler with project's scala-library version: 3.3.3[0m
2024.09.25 19:52:11 INFO  no build target found for /home/jackcui/Arch/trace/workbench/Zeonica-Validation/Core/src/main/scala/Part/Comm.scala. Using presentation compiler with project's scala-library version: 3.3.3[0m
2024.09.25 19:52:11 INFO  no build target found for /home/jackcui/Arch/trace/workbench/Zeonica-Validation/Core/src/main/scala/Part/Comm.scala. Using presentation compiler with project's scala-library version: 3.3.3[0m
2024.09.25 19:52:11 INFO  no build target found for /home/jackcui/Arch/trace/workbench/Zeonica-Validation/Core/src/main/scala/Part/Comm.scala. Using presentation compiler with project's scala-library version: 3.3.3[0m
2024.09.25 19:52:37 INFO  no build target found for /home/jackcui/Arch/trace/workbench/Zeonica-Validation/Core/src/main/scala/Part/Comm.scala. Using presentation compiler with project's scala-library version: 3.3.3[0m
2024.09.25 19:52:37 INFO  no build target found for /home/jackcui/Arch/trace/workbench/Zeonica-Validation/Core/src/main/scala/Part/Comm.scala. Using presentation compiler with project's scala-library version: 3.3.3[0m
2024.09.25 19:52:37 INFO  no build target found for /home/jackcui/Arch/trace/workbench/Zeonica-Validation/Core/src/main/scala/Part/Comm.scala. Using presentation compiler with project's scala-library version: 3.3.3[0m
2024.09.25 19:52:37 INFO  no build target found for /home/jackcui/Arch/trace/workbench/Zeonica-Validation/Core/src/main/scala/Part/Comm.scala. Using presentation compiler with project's scala-library version: 3.3.3[0m
2024.09.25 19:52:38 INFO  no build target found for /home/jackcui/Arch/trace/workbench/Zeonica-Validation/Core/src/main/scala/Part/Comm.scala. Using presentation compiler with project's scala-library version: 3.3.3[0m
2024.09.25 19:52:38 INFO  no build target found for /home/jackcui/Arch/trace/workbench/Zeonica-Validation/Core/src/main/scala/Part/Comm.scala. Using presentation compiler with project's scala-library version: 3.3.3[0m
2024.09.25 19:52:38 INFO  no build target found for /home/jackcui/Arch/trace/workbench/Zeonica-Validation/Core/src/main/scala/Part/Comm.scala. Using presentation compiler with project's scala-library version: 3.3.3[0m
2024.09.25 19:52:39 INFO  no build target found for /home/jackcui/Arch/trace/workbench/Zeonica-Validation/Core/src/main/scala/Part/Comm.scala. Using presentation compiler with project's scala-library version: 3.3.3[0m
2024.09.25 19:52:38 INFO  no build target found for /home/jackcui/Arch/trace/workbench/Zeonica-Validation/Core/src/main/scala/Part/Comm.scala. Using presentation compiler with project's scala-library version: 3.3.3[0m
2024.09.25 19:52:39 INFO  no build target found for /home/jackcui/Arch/trace/workbench/Zeonica-Validation/Core/src/main/scala/Part/Comm.scala. Using presentation compiler with project's scala-library version: 3.3.3[0m
2024.09.25 19:52:41 INFO  no build target found for /home/jackcui/Arch/trace/workbench/Zeonica-Validation/Core/src/main/scala/Part/Comm.scala. Using presentation compiler with project's scala-library version: 3.3.3[0m
2024.09.25 19:52:41 INFO  no build target found for /home/jackcui/Arch/trace/workbench/Zeonica-Validation/Core/src/main/scala/Part/Comm.scala. Using presentation compiler with project's scala-library version: 3.3.3[0m
2024.09.25 19:52:41 INFO  no build target found for /home/jackcui/Arch/trace/workbench/Zeonica-Validation/Core/src/main/scala/Part/Comm.scala. Using presentation compiler with project's scala-library version: 3.3.3[0m
2024.09.25 19:52:41 INFO  no build target found for /home/jackcui/Arch/trace/workbench/Zeonica-Validation/Core/src/main/scala/Part/Comm.scala. Using presentation compiler with project's scala-library version: 3.3.3[0m
2024.09.25 19:52:41 INFO  no build target found for /home/jackcui/Arch/trace/workbench/Zeonica-Validation/Core/src/main/scala/Part/Comm.scala. Using presentation compiler with project's scala-library version: 3.3.3[0m
2024.09.25 19:52:41 INFO  no build target found for /home/jackcui/Arch/trace/workbench/Zeonica-Validation/Core/src/main/scala/Part/Comm.scala. Using presentation compiler with project's scala-library version: 3.3.3[0m
2024.09.25 19:52:43 INFO  no build target found for /home/jackcui/Arch/trace/workbench/Zeonica-Validation/Core/src/main/scala/Part/Comm.scala. Using presentation compiler with project's scala-library version: 3.3.3[0m
2024.09.25 19:52:43 INFO  no build target found for /home/jackcui/Arch/trace/workbench/Zeonica-Validation/Core/src/main/scala/Part/Comm.scala. Using presentation compiler with project's scala-library version: 3.3.3[0m
2024.09.25 19:52:47 INFO  no build target found for /home/jackcui/Arch/trace/workbench/Zeonica-Validation/Core/src/main/scala/Part/Comm.scala. Using presentation compiler with project's scala-library version: 3.3.3[0m
2024.09.25 19:52:47 INFO  no build target found for /home/jackcui/Arch/trace/workbench/Zeonica-Validation/Core/src/main/scala/Part/Comm.scala. Using presentation compiler with project's scala-library version: 3.3.3[0m
2024.09.25 19:52:49 INFO  no build target found for /home/jackcui/Arch/trace/workbench/Zeonica-Validation/Core/src/main/scala/Part/Comm.scala. Using presentation compiler with project's scala-library version: 3.3.3[0m
2024.09.25 19:52:49 INFO  no build target found for /home/jackcui/Arch/trace/workbench/Zeonica-Validation/Core/src/main/scala/Part/Comm.scala. Using presentation compiler with project's scala-library version: 3.3.3[0m
2024.09.25 19:52:49 INFO  no build target found for /home/jackcui/Arch/trace/workbench/Zeonica-Validation/Core/src/main/scala/Part/Comm.scala. Using presentation compiler with project's scala-library version: 3.3.3[0m
2024.09.25 19:52:49 INFO  no build target found for /home/jackcui/Arch/trace/workbench/Zeonica-Validation/Core/src/main/scala/Part/Comm.scala. Using presentation compiler with project's scala-library version: 3.3.3[0m
2024.09.25 19:52:49 INFO  no build target found for /home/jackcui/Arch/trace/workbench/Zeonica-Validation/Core/src/main/scala/Part/Comm.scala. Using presentation compiler with project's scala-library version: 3.3.3[0m
2024.09.25 19:52:50 WARN  Using indexes to guess the definition of io[0m
2024.09.25 19:52:49 INFO  no build target found for /home/jackcui/Arch/trace/workbench/Zeonica-Validation/Core/src/main/scala/Part/Comm.scala. Using presentation compiler with project's scala-library version: 3.3.3[0m
2024.09.25 19:52:49 INFO  no build target found for /home/jackcui/Arch/trace/workbench/Zeonica-Validation/Core/src/main/scala/Part/Comm.scala. Using presentation compiler with project's scala-library version: 3.3.3[0m
2024.09.25 19:52:51 INFO  no build target found for /home/jackcui/Arch/trace/workbench/Zeonica-Validation/Core/src/main/scala/Part/Comm.scala. Using presentation compiler with project's scala-library version: 3.3.3[0m
2024.09.25 19:52:51 INFO  no build target found for /home/jackcui/Arch/trace/workbench/Zeonica-Validation/Core/src/main/scala/Part/Comm.scala. Using presentation compiler with project's scala-library version: 3.3.3[0m
2024.09.25 19:52:51 INFO  no build target found for /home/jackcui/Arch/trace/workbench/Zeonica-Validation/Core/src/main/scala/Part/Comm.scala. Using presentation compiler with project's scala-library version: 3.3.3[0m
2024.09.25 19:52:52 INFO  no build target found for /home/jackcui/Arch/trace/workbench/Zeonica-Validation/Core/src/main/scala/Part/Comm.scala. Using presentation compiler with project's scala-library version: 3.3.3[0m
2024.09.25 19:52:52 INFO  no build target found for /home/jackcui/Arch/trace/workbench/Zeonica-Validation/Core/src/main/scala/Part/Comm.scala. Using presentation compiler with project's scala-library version: 3.3.3[0m
2024.09.25 19:52:53 INFO  no build target found for /home/jackcui/Arch/trace/workbench/Zeonica-Validation/Core/src/main/scala/Part/Comm.scala. Using presentation compiler with project's scala-library version: 3.3.3[0m
2024.09.25 19:52:53 INFO  no build target found for /home/jackcui/Arch/trace/workbench/Zeonica-Validation/Core/src/main/scala/Part/Comm.scala. Using presentation compiler with project's scala-library version: 3.3.3[0m
2024.09.25 19:52:53 INFO  no build target found for /home/jackcui/Arch/trace/workbench/Zeonica-Validation/Core/src/main/scala/Part/Comm.scala. Using presentation compiler with project's scala-library version: 3.3.3[0m
2024.09.25 19:52:54 INFO  no build target found for /home/jackcui/Arch/trace/workbench/Zeonica-Validation/Core/src/main/scala/Part/Comm.scala. Using presentation compiler with project's scala-library version: 3.3.3[0m
2024.09.25 19:52:53 INFO  no build target found for /home/jackcui/Arch/trace/workbench/Zeonica-Validation/Core/src/main/scala/Part/Comm.scala. Using presentation compiler with project's scala-library version: 3.3.3[0m
2024.09.25 19:52:54 INFO  no build target found for /home/jackcui/Arch/trace/workbench/Zeonica-Validation/Core/src/main/scala/Part/Comm.scala. Using presentation compiler with project's scala-library version: 3.3.3[0m
2024.09.25 19:52:55 INFO  no build target found for /home/jackcui/Arch/trace/workbench/Zeonica-Validation/Core/src/main/scala/Part/Comm.scala. Using presentation compiler with project's scala-library version: 3.3.3[0m
2024.09.25 19:52:55 INFO  no build target found for /home/jackcui/Arch/trace/workbench/Zeonica-Validation/Core/src/main/scala/Part/Comm.scala. Using presentation compiler with project's scala-library version: 3.3.3[0m
2024.09.25 19:53:16 INFO  no build target found for /home/jackcui/Arch/trace/workbench/Zeonica-Validation/Core/src/main/scala/Part/Comm.scala. Using presentation compiler with project's scala-library version: 3.3.3[0m
2024.09.25 19:53:16 INFO  no build target found for /home/jackcui/Arch/trace/workbench/Zeonica-Validation/Core/src/main/scala/Part/Comm.scala. Using presentation compiler with project's scala-library version: 3.3.3[0m
2024.09.25 19:53:25 ERROR Running process '/usr/lib/jvm/java-17-openjdk-amd64/bin/java/bin/java -version' failed
java.io.IOException: Cannot run program "/usr/lib/jvm/java-17-openjdk-amd64/bin/java/bin/java" (in directory "/usr/lib/jvm/java-17-openjdk-amd64/bin/java"): error=20, Not a directory
	at java.lang.ProcessBuilder.start(ProcessBuilder.java:1143)
	at java.lang.ProcessBuilder.start(ProcessBuilder.java:1073)
	at scala.meta.internal.process.SystemProcess$.run(SystemProcess.scala:48)
	at scala.meta.internal.builds.ShellRunner$.runSync(ShellRunner.scala:169)
	at scala.meta.internal.metals.JdkVersion$.fromShell(JavaInteractiveSemanticdb.scala:217)
	at scala.meta.internal.metals.JdkVersion$.$anonfun$maybeJdkVersionFromJavaHome$3(JavaInteractiveSemanticdb.scala:208)
	at scala.Option.orElse(Option.scala:477)
	at scala.meta.internal.metals.JdkVersion$.$anonfun$maybeJdkVersionFromJavaHome$2(JavaInteractiveSemanticdb.scala:208)
	at scala.Option.flatMap(Option.scala:283)
	at scala.meta.internal.metals.JdkVersion$.maybeJdkVersionFromJavaHome(JavaInteractiveSemanticdb.scala:206)
	at scala.meta.internal.metals.JavaInfo$.$anonfun$getInfo$1(JdkInfo.scala:11)
	at scala.Option.flatMap(Option.scala:283)
	at scala.meta.internal.metals.JavaInfo$.getInfo(JdkInfo.scala:10)
	at scala.meta.internal.metals.ProjectMetalsLspService.$anonfun$getProjectsJavaInfo$7(ProjectMetalsLspService.scala:732)
	at scala.Option.orElse(Option.scala:477)
	at scala.meta.internal.metals.ProjectMetalsLspService.getProjectsJavaInfo(ProjectMetalsLspService.scala:725)
	at scala.meta.internal.metals.ProjectMetalsLspService.$anonfun$projectInfo$3(ProjectMetalsLspService.scala:712)
	at scala.meta.internal.metals.doctor.MetalsServiceInfo$ProjectService.getJavaInfo(Doctor.scala:779)
	at scala.meta.internal.metals.doctor.Doctor.buildTargetsTable(Doctor.scala:330)
	at scala.meta.internal.metals.doctor.HeadDoctor.$anonfun$buildTargetsTable$5(HeadDoctor.scala:122)
	at scala.meta.internal.metals.doctor.HeadDoctor.$anonfun$buildTargetsTable$5$adapted(HeadDoctor.scala:122)
	at scala.collection.immutable.List.foreach(List.scala:334)
	at scala.meta.internal.metals.doctor.HeadDoctor.buildTargetsTable(HeadDoctor.scala:122)
	at scala.meta.internal.metals.doctor.HeadDoctor.$anonfun$buildTargetsHtml$2(HeadDoctor.scala:100)
	at scala.meta.internal.metals.doctor.HeadDoctor.$anonfun$buildTargetsHtml$2$adapted(HeadDoctor.scala:100)
	at scala.meta.internal.metals.HtmlBuilder.call(HtmlBuilder.scala:75)
	at scala.meta.internal.metals.doctor.HeadDoctor.buildTargetsHtml(HeadDoctor.scala:100)
	at scala.meta.internal.metals.doctor.HeadDoctor.executeDoctor(HeadDoctor.scala:80)
	at scala.meta.internal.metals.doctor.HeadDoctor.executeRunDoctor(HeadDoctor.scala:50)
	at scala.meta.internal.metals.WorkspaceLspService.$anonfun$executeCommand$19(WorkspaceLspService.scala:839)
	at scala.runtime.java8.JFunction0$mcV$sp.apply(JFunction0$mcV$sp.scala:18)
	at scala.concurrent.Future$.$anonfun$apply$1(Future.scala:687)
	at scala.concurrent.impl.Promise$Transformation.run(Promise.scala:467)
	at java.util.concurrent.ThreadPoolExecutor.runWorker(ThreadPoolExecutor.java:1136)
	at java.util.concurrent.ThreadPoolExecutor$Worker.run(ThreadPoolExecutor.java:635)
	at java.lang.Thread.run(Thread.java:840)
Caused by: java.io.IOException: error=20, Not a directory
	at java.lang.ProcessImpl.forkAndExec(Native Method)
	at java.lang.ProcessImpl.<init>(ProcessImpl.java:314)
	at java.lang.ProcessImpl.start(ProcessImpl.java:244)
	at java.lang.ProcessBuilder.start(ProcessBuilder.java:1110)
	at java.lang.ProcessBuilder.start(ProcessBuilder.java:1073)
	at scala.meta.internal.process.SystemProcess$.run(SystemProcess.scala:48)
	at scala.meta.internal.builds.ShellRunner$.runSync(ShellRunner.scala:169)
	at scala.meta.internal.metals.JdkVersion$.fromShell(JavaInteractiveSemanticdb.scala:217)
	at scala.meta.internal.metals.JdkVersion$.$anonfun$maybeJdkVersionFromJavaHome$3(JavaInteractiveSemanticdb.scala:208)
	at scala.Option.orElse(Option.scala:477)
	at scala.meta.internal.metals.JdkVersion$.$anonfun$maybeJdkVersionFromJavaHome$2(JavaInteractiveSemanticdb.scala:208)
	at scala.Option.flatMap(Option.scala:283)
	at scala.meta.internal.metals.JdkVersion$.maybeJdkVersionFromJavaHome(JavaInteractiveSemanticdb.scala:206)
	at scala.meta.internal.metals.JavaInfo$.$anonfun$getInfo$1(JdkInfo.scala:11)
	at scala.Option.flatMap(Option.scala:283)
	at scala.meta.internal.metals.JavaInfo$.getInfo(JdkInfo.scala:10)
	at scala.meta.internal.metals.ProjectMetalsLspService.$anonfun$getProjectsJavaInfo$7(ProjectMetalsLspService.scala:732)
	at scala.Option.orElse(Option.scala:477)
	at scala.meta.internal.metals.ProjectMetalsLspService.getProjectsJavaInfo(ProjectMetalsLspService.scala:725)
	at scala.meta.internal.metals.ProjectMetalsLspService.$anonfun$projectInfo$3(ProjectMetalsLspService.scala:712)
	at scala.meta.internal.metals.doctor.MetalsServiceInfo$ProjectService.getJavaInfo(Doctor.scala:779)
	at scala.meta.internal.metals.doctor.Doctor.buildTargetsTable(Doctor.scala:330)
	at scala.meta.internal.metals.doctor.HeadDoctor.$anonfun$buildTargetsTable$5(HeadDoctor.scala:122)
	at scala.meta.internal.metals.doctor.HeadDoctor.$anonfun$buildTargetsTable$5$adapted(HeadDoctor.scala:122)
	at scala.collection.immutable.List.foreach(List.scala:334)
	at scala.meta.internal.metals.doctor.HeadDoctor.buildTargetsTable(HeadDoctor.scala:122)
	at scala.meta.internal.metals.doctor.HeadDoctor.$anonfun$buildTargetsHtml$2(HeadDoctor.scala:100)
	at scala.meta.internal.metals.doctor.HeadDoctor.$anonfun$buildTargetsHtml$2$adapted(HeadDoctor.scala:100)
	at scala.meta.internal.metals.HtmlBuilder.call(HtmlBuilder.scala:75)
	at scala.meta.internal.metals.doctor.HeadDoctor.buildTargetsHtml(HeadDoctor.scala:100)
	at scala.meta.internal.metals.doctor.HeadDoctor.executeDoctor(HeadDoctor.scala:80)
	at scala.meta.internal.metals.doctor.HeadDoctor.executeRunDoctor(HeadDoctor.scala:50)
	at scala.meta.internal.metals.WorkspaceLspService.$anonfun$executeCommand$19(WorkspaceLspService.scala:839)
	at scala.runtime.java8.JFunction0$mcV$sp.apply(JFunction0$mcV$sp.scala:18)
	at scala.concurrent.Future$.$anonfun$apply$1(Future.scala:687)
	at scala.concurrent.impl.Promise$Transformation.run(Promise.scala:467)
	at java.util.concurrent.ThreadPoolExecutor.runWorker(ThreadPoolExecutor.java:1136)
	at java.util.concurrent.ThreadPoolExecutor$Worker.run(ThreadPoolExecutor.java:635)
	at java.lang.Thread.run(Thread.java:840)
[0m
2024.09.25 19:53:50 ERROR Running process '/usr/lib/jvm/java-17-openjdk-amd64/bin/java/bin/java -version' failed
java.io.IOException: Cannot run program "/usr/lib/jvm/java-17-openjdk-amd64/bin/java/bin/java" (in directory "/usr/lib/jvm/java-17-openjdk-amd64/bin/java"): error=20, Not a directory
	at java.lang.ProcessBuilder.start(ProcessBuilder.java:1143)
	at java.lang.ProcessBuilder.start(ProcessBuilder.java:1073)
	at scala.meta.internal.process.SystemProcess$.run(SystemProcess.scala:48)
	at scala.meta.internal.builds.ShellRunner$.runSync(ShellRunner.scala:169)
	at scala.meta.internal.metals.JdkVersion$.fromShell(JavaInteractiveSemanticdb.scala:217)
	at scala.meta.internal.metals.JdkVersion$.$anonfun$maybeJdkVersionFromJavaHome$3(JavaInteractiveSemanticdb.scala:208)
	at scala.Option.orElse(Option.scala:477)
	at scala.meta.internal.metals.JdkVersion$.$anonfun$maybeJdkVersionFromJavaHome$2(JavaInteractiveSemanticdb.scala:208)
	at scala.Option.flatMap(Option.scala:283)
	at scala.meta.internal.metals.JdkVersion$.maybeJdkVersionFromJavaHome(JavaInteractiveSemanticdb.scala:206)
	at scala.meta.internal.metals.JavaInfo$.$anonfun$getInfo$1(JdkInfo.scala:11)
	at scala.Option.flatMap(Option.scala:283)
	at scala.meta.internal.metals.JavaInfo$.getInfo(JdkInfo.scala:10)
	at scala.meta.internal.metals.ProjectMetalsLspService.$anonfun$getProjectsJavaInfo$7(ProjectMetalsLspService.scala:732)
	at scala.Option.orElse(Option.scala:477)
	at scala.meta.internal.metals.ProjectMetalsLspService.getProjectsJavaInfo(ProjectMetalsLspService.scala:725)
	at scala.meta.internal.metals.ProjectMetalsLspService.$anonfun$projectInfo$3(ProjectMetalsLspService.scala:712)
	at scala.meta.internal.metals.doctor.MetalsServiceInfo$ProjectService.getJavaInfo(Doctor.scala:779)
	at scala.meta.internal.metals.doctor.Doctor.buildTargetsTable(Doctor.scala:330)
	at scala.meta.internal.metals.doctor.HeadDoctor.$anonfun$buildTargetsTable$5(HeadDoctor.scala:122)
	at scala.meta.internal.metals.doctor.HeadDoctor.$anonfun$buildTargetsTable$5$adapted(HeadDoctor.scala:122)
	at scala.collection.immutable.List.foreach(List.scala:334)
	at scala.meta.internal.metals.doctor.HeadDoctor.buildTargetsTable(HeadDoctor.scala:122)
	at scala.meta.internal.metals.doctor.HeadDoctor.$anonfun$buildTargetsHtml$2(HeadDoctor.scala:100)
	at scala.meta.internal.metals.doctor.HeadDoctor.$anonfun$buildTargetsHtml$2$adapted(HeadDoctor.scala:100)
	at scala.meta.internal.metals.HtmlBuilder.call(HtmlBuilder.scala:75)
	at scala.meta.internal.metals.doctor.HeadDoctor.buildTargetsHtml(HeadDoctor.scala:100)
	at scala.meta.internal.metals.doctor.HeadDoctor.executeDoctor(HeadDoctor.scala:80)
	at scala.meta.internal.metals.doctor.HeadDoctor.executeRunDoctor(HeadDoctor.scala:50)
	at scala.meta.internal.metals.WorkspaceLspService.$anonfun$executeCommand$19(WorkspaceLspService.scala:839)
	at scala.runtime.java8.JFunction0$mcV$sp.apply(JFunction0$mcV$sp.scala:18)
	at scala.concurrent.Future$.$anonfun$apply$1(Future.scala:687)
	at scala.concurrent.impl.Promise$Transformation.run(Promise.scala:467)
	at java.util.concurrent.ThreadPoolExecutor.runWorker(ThreadPoolExecutor.java:1136)
	at java.util.concurrent.ThreadPoolExecutor$Worker.run(ThreadPoolExecutor.java:635)
	at java.lang.Thread.run(Thread.java:840)
Caused by: java.io.IOException: error=20, Not a directory
	at java.lang.ProcessImpl.forkAndExec(Native Method)
	at java.lang.ProcessImpl.<init>(ProcessImpl.java:314)
	at java.lang.ProcessImpl.start(ProcessImpl.java:244)
	at java.lang.ProcessBuilder.start(ProcessBuilder.java:1110)
	at java.lang.ProcessBuilder.start(ProcessBuilder.java:1073)
	at scala.meta.internal.process.SystemProcess$.run(SystemProcess.scala:48)
	at scala.meta.internal.builds.ShellRunner$.runSync(ShellRunner.scala:169)
	at scala.meta.internal.metals.JdkVersion$.fromShell(JavaInteractiveSemanticdb.scala:217)
	at scala.meta.internal.metals.JdkVersion$.$anonfun$maybeJdkVersionFromJavaHome$3(JavaInteractiveSemanticdb.scala:208)
	at scala.Option.orElse(Option.scala:477)
	at scala.meta.internal.metals.JdkVersion$.$anonfun$maybeJdkVersionFromJavaHome$2(JavaInteractiveSemanticdb.scala:208)
	at scala.Option.flatMap(Option.scala:283)
	at scala.meta.internal.metals.JdkVersion$.maybeJdkVersionFromJavaHome(JavaInteractiveSemanticdb.scala:206)
	at scala.meta.internal.metals.JavaInfo$.$anonfun$getInfo$1(JdkInfo.scala:11)
	at scala.Option.flatMap(Option.scala:283)
	at scala.meta.internal.metals.JavaInfo$.getInfo(JdkInfo.scala:10)
	at scala.meta.internal.metals.ProjectMetalsLspService.$anonfun$getProjectsJavaInfo$7(ProjectMetalsLspService.scala:732)
	at scala.Option.orElse(Option.scala:477)
	at scala.meta.internal.metals.ProjectMetalsLspService.getProjectsJavaInfo(ProjectMetalsLspService.scala:725)
	at scala.meta.internal.metals.ProjectMetalsLspService.$anonfun$projectInfo$3(ProjectMetalsLspService.scala:712)
	at scala.meta.internal.metals.doctor.MetalsServiceInfo$ProjectService.getJavaInfo(Doctor.scala:779)
	at scala.meta.internal.metals.doctor.Doctor.buildTargetsTable(Doctor.scala:330)
	at scala.meta.internal.metals.doctor.HeadDoctor.$anonfun$buildTargetsTable$5(HeadDoctor.scala:122)
	at scala.meta.internal.metals.doctor.HeadDoctor.$anonfun$buildTargetsTable$5$adapted(HeadDoctor.scala:122)
	at scala.collection.immutable.List.foreach(List.scala:334)
	at scala.meta.internal.metals.doctor.HeadDoctor.buildTargetsTable(HeadDoctor.scala:122)
	at scala.meta.internal.metals.doctor.HeadDoctor.$anonfun$buildTargetsHtml$2(HeadDoctor.scala:100)
	at scala.meta.internal.metals.doctor.HeadDoctor.$anonfun$buildTargetsHtml$2$adapted(HeadDoctor.scala:100)
	at scala.meta.internal.metals.HtmlBuilder.call(HtmlBuilder.scala:75)
	at scala.meta.internal.metals.doctor.HeadDoctor.buildTargetsHtml(HeadDoctor.scala:100)
	at scala.meta.internal.metals.doctor.HeadDoctor.executeDoctor(HeadDoctor.scala:80)
	at scala.meta.internal.metals.doctor.HeadDoctor.executeRunDoctor(HeadDoctor.scala:50)
	at scala.meta.internal.metals.WorkspaceLspService.$anonfun$executeCommand$19(WorkspaceLspService.scala:839)
	at scala.runtime.java8.JFunction0$mcV$sp.apply(JFunction0$mcV$sp.scala:18)
	at scala.concurrent.Future$.$anonfun$apply$1(Future.scala:687)
	at scala.concurrent.impl.Promise$Transformation.run(Promise.scala:467)
	at java.util.concurrent.ThreadPoolExecutor.runWorker(ThreadPoolExecutor.java:1136)
	at java.util.concurrent.ThreadPoolExecutor$Worker.run(ThreadPoolExecutor.java:635)
	at java.lang.Thread.run(Thread.java:840)
[0m
2024.09.25 19:54:12 INFO  running '/usr/bin/sbt -Dbloop.export-jar-classifiers=sources bloopInstall'[0m
2024.09.25 19:54:13 INFO  [info] welcome to sbt 1.9.7 (Ubuntu Java 17.0.12)[0m
2024.09.25 19:54:15 INFO  [info] loading settings for project core-build-build-build from metals.sbt ...[0m
2024.09.25 19:54:15 INFO  [info] loading project definition from /home/jackcui/Arch/trace/workbench/Zeonica-Validation/Core/project/project/project[0m
2024.09.25 19:54:17 INFO  [info] loading settings for project core-build-build from metals.sbt ...[0m
2024.09.25 19:54:17 INFO  [info] loading project definition from /home/jackcui/Arch/trace/workbench/Zeonica-Validation/Core/project/project[0m
2024.09.25 19:54:17 INFO  no build target found for /home/jackcui/Arch/trace/workbench/Zeonica-Validation/Core/src/main/scala/Part/Comm.scala. Using presentation compiler with project's scala-library version: 3.3.3[0m
2024.09.25 19:54:17 INFO  no build target found for /home/jackcui/Arch/trace/workbench/Zeonica-Validation/Core/src/main/scala/Part/Comm.scala. Using presentation compiler with project's scala-library version: 3.3.3[0m
2024.09.25 19:54:19 INFO  [success] Generated .bloop/core-build-build.json[0m
2024.09.25 19:54:19 INFO  [warn] Removed stale /home/jackcui/Arch/trace/workbench/Zeonica-Validation/Core/project/project/.bloop/dlcoworkbench-build-build.json[0m
2024.09.25 19:54:19 INFO  [success] Total time: 2 s, completed Sep 25, 2024, 7:54:19 PM[0m
2024.09.25 19:54:19 INFO  [info] loading settings for project core-build from metals.sbt,plugins.sbt ...[0m
2024.09.25 19:54:20 INFO  [info] loading project definition from /home/jackcui/Arch/trace/workbench/Zeonica-Validation/Core/project[0m
2024.09.25 19:54:21 INFO  [warn] Removed stale /home/jackcui/Arch/trace/workbench/Zeonica-Validation/Core/project/.bloop/dlcoworkbench-build.json[0m
2024.09.25 19:54:21 INFO  [success] Total time: 1 s, completed Sep 25, 2024, 7:54:21 PM[0m
2024.09.25 19:54:21 INFO  [info] loading settings for project root from build.sbt ...[0m
2024.09.25 19:54:22 INFO  [info] set current project to %NAME% (in build file:/home/jackcui/Arch/trace/workbench/Zeonica-Validation/Core/)[0m
2024.09.25 19:54:22 INFO  [success] Generated .bloop/root-test.json[0m
2024.09.25 19:54:22 INFO  [success] Generated .bloop/root.json[0m
2024.09.25 19:54:22 INFO  [success] Total time: 1 s, completed Sep 25, 2024, 7:54:23 PM[0m
2024.09.25 19:54:23 INFO  time: ran 'sbt bloopInstall' in 11s[0m
2024.09.25 19:54:23 INFO  Disconnecting from Bloop session...[0m
2024.09.25 19:54:23 INFO  Shut down connection with build server.[0m
2024.09.25 19:54:23 INFO  Attempting to connect to the build server...[0m
2024.09.25 19:54:23 INFO  tracing is disabled for protocol BSP, to enable tracing of incoming and outgoing JSON messages create an empty file at /home/jackcui/Arch/trace/workbench/Zeonica-Validation/.metals/bsp.trace.json or /home/jackcui/.cache/metals/bsp.trace.json[0m
2024.09.25 19:54:23 INFO  time: Connected to build server in 25ms[0m
2024.09.25 19:54:23 INFO  Connected to Build server: Bloop v1.6.0[0m
2024.09.25 19:54:23 INFO  running doctor check[0m
2024.09.25 19:54:23 INFO  java targets: root, root-test[0m
2024.09.25 19:54:27 WARN  Could not find java sources in /usr/lib/jvm/java-17-openjdk-amd64/bin/src.zip, /usr/lib/jvm/java-17-openjdk-amd64/bin/lib/src.zip, /usr/lib/jvm/java-17-openjdk-amd64/bin/java/src.zip, /usr/lib/jvm/java-17-openjdk-amd64/bin/java/lib/src.zip, /usr/lib/jvm/src.zip, /usr/lib/jvm/lib/src.zip, /usr/lib/jvm/java-17-openjdk-amd64/src.zip, /usr/lib/jvm/java-17-openjdk-amd64/lib/src.zip. Java symbols will not be available.[0m
2024.09.25 19:54:30 WARN  Could not find java sources in /usr/lib/jvm/java-17-openjdk-amd64/bin/src.zip, /usr/lib/jvm/java-17-openjdk-amd64/bin/lib/src.zip, /usr/lib/jvm/java-17-openjdk-amd64/bin/java/src.zip, /usr/lib/jvm/java-17-openjdk-amd64/bin/java/lib/src.zip, /usr/lib/jvm/src.zip, /usr/lib/jvm/lib/src.zip, /usr/lib/jvm/java-17-openjdk-amd64/src.zip, /usr/lib/jvm/java-17-openjdk-amd64/lib/src.zip. Java symbols will not be available.[0m
2024.09.25 19:54:30 INFO  time: indexed workspace in 6.95s[0m
2024.09.25 19:54:30 INFO  compiling root (18 scala sources)[0m
2024.09.25 19:54:30 INFO  time: compiled root in 0.26s[0m
2024.09.25 19:59:24 ERROR /home/jackcui/Arch/trace/workbench/Zeonica-Validation/Core/src/main/scala/Part/Comm.scala
scala.meta.internal.tokenizers.package$UnexpectedInputEndException
	at scala.meta.internal.tokenizers.LegacyScanner.$anonfun$nextToken$1(LegacyScanner.scala:172)
	at scala.Function0.apply$mcV$sp(Function0.scala:42)
	at scala.meta.internal.tokenizers.LegacyScanner.scala$meta$internal$tokenizers$LegacyScanner$$nextToken(LegacyScanner.scala:178)
	at scala.meta.internal.tokenizers.LegacyScanner.nextToken(LegacyScanner.scala:172)
	at scala.meta.internal.mtags.ScalaToplevelMtags$XtensionScanner.mtagsNextToken(ScalaToplevelMtags.scala:72)
	at scala.meta.internal.mtags.ScalaToplevelMtags.loop(ScalaToplevelMtags.scala:500)
	at scala.meta.internal.mtags.ScalaToplevelMtags.indexRoot(ScalaToplevelMtags.scala:84)
	at scala.meta.internal.metals.SemanticdbDefinition$.foreachWithReturnMtags(SemanticdbDefinition.scala:81)
	at scala.meta.internal.metals.Indexer.indexSourceFile(Indexer.scala:595)
	at scala.meta.internal.metals.Indexer.$anonfun$reindexWorkspaceSources$3(Indexer.scala:693)
	at scala.meta.internal.metals.Indexer.$anonfun$reindexWorkspaceSources$3$adapted(Indexer.scala:690)
	at scala.collection.IterableOnceOps.foreach(IterableOnce.scala:619)
	at scala.collection.IterableOnceOps.foreach$(IterableOnce.scala:617)
	at scala.collection.AbstractIterator.foreach(Iterator.scala:1303)
	at scala.meta.internal.metals.Indexer.reindexWorkspaceSources(Indexer.scala:690)
	at scala.meta.internal.metals.MetalsLspService.$anonfun$onChange$2(MetalsLspService.scala:952)
	at scala.runtime.java8.JFunction0$mcV$sp.apply(JFunction0$mcV$sp.scala:18)
	at scala.concurrent.Future$.$anonfun$apply$1(Future.scala:687)
	at scala.concurrent.impl.Promise$Transformation.run(Promise.scala:467)
	at java.util.concurrent.ThreadPoolExecutor.runWorker(ThreadPoolExecutor.java:1136)
	at java.util.concurrent.ThreadPoolExecutor$Worker.run(ThreadPoolExecutor.java:635)
	at java.lang.Thread.run(Thread.java:840)
[0m
2024.09.25 19:59:24 INFO  compiling root (18 scala sources)[0m
2024.09.25 19:59:24 INFO  time: compiled root in 88ms[0m
2024.09.25 19:59:56 ERROR /home/jackcui/Arch/trace/workbench/Zeonica-Validation/Core/src/main/scala/Part/Comm.scala
scala.meta.internal.tokenizers.package$UnexpectedInputEndException
	at scala.meta.internal.tokenizers.LegacyScanner.$anonfun$nextToken$1(LegacyScanner.scala:172)
	at scala.Function0.apply$mcV$sp(Function0.scala:42)
	at scala.meta.internal.tokenizers.LegacyScanner.scala$meta$internal$tokenizers$LegacyScanner$$nextToken(LegacyScanner.scala:178)
	at scala.meta.internal.tokenizers.LegacyScanner.nextToken(LegacyScanner.scala:172)
	at scala.meta.internal.mtags.ScalaToplevelMtags$XtensionScanner.mtagsNextToken(ScalaToplevelMtags.scala:72)
	at scala.meta.internal.mtags.ScalaToplevelMtags.loop(ScalaToplevelMtags.scala:500)
	at scala.meta.internal.mtags.ScalaToplevelMtags.indexRoot(ScalaToplevelMtags.scala:84)
	at scala.meta.internal.metals.SemanticdbDefinition$.foreachWithReturnMtags(SemanticdbDefinition.scala:81)
	at scala.meta.internal.metals.Indexer.indexSourceFile(Indexer.scala:595)
	at scala.meta.internal.metals.Indexer.$anonfun$reindexWorkspaceSources$3(Indexer.scala:693)
	at scala.meta.internal.metals.Indexer.$anonfun$reindexWorkspaceSources$3$adapted(Indexer.scala:690)
	at scala.collection.IterableOnceOps.foreach(IterableOnce.scala:619)
	at scala.collection.IterableOnceOps.foreach$(IterableOnce.scala:617)
	at scala.collection.AbstractIterator.foreach(Iterator.scala:1303)
	at scala.meta.internal.metals.Indexer.reindexWorkspaceSources(Indexer.scala:690)
	at scala.meta.internal.metals.MetalsLspService.$anonfun$onChange$2(MetalsLspService.scala:952)
	at scala.runtime.java8.JFunction0$mcV$sp.apply(JFunction0$mcV$sp.scala:18)
	at scala.concurrent.Future$.$anonfun$apply$1(Future.scala:687)
	at scala.concurrent.impl.Promise$Transformation.run(Promise.scala:467)
	at java.util.concurrent.ThreadPoolExecutor.runWorker(ThreadPoolExecutor.java:1136)
	at java.util.concurrent.ThreadPoolExecutor$Worker.run(ThreadPoolExecutor.java:635)
	at java.lang.Thread.run(Thread.java:840)
[0m
2024.09.25 19:59:56 INFO  compiling root (18 scala sources)[0m
2024.09.25 19:59:56 INFO  time: compiled root in 92ms[0m
2024.09.25 20:02:55 ERROR /home/jackcui/Arch/trace/workbench/Zeonica-Validation/Core/src/main/scala/Part/Comm.scala
scala.meta.internal.tokenizers.package$UnexpectedInputEndException
	at scala.meta.internal.tokenizers.LegacyScanner.$anonfun$nextToken$1(LegacyScanner.scala:172)
	at scala.Function0.apply$mcV$sp(Function0.scala:42)
	at scala.meta.internal.tokenizers.LegacyScanner.scala$meta$internal$tokenizers$LegacyScanner$$nextToken(LegacyScanner.scala:178)
	at scala.meta.internal.tokenizers.LegacyScanner.nextToken(LegacyScanner.scala:172)
	at scala.meta.internal.mtags.ScalaToplevelMtags$XtensionScanner.mtagsNextToken(ScalaToplevelMtags.scala:72)
	at scala.meta.internal.mtags.ScalaToplevelMtags.loop(ScalaToplevelMtags.scala:500)
	at scala.meta.internal.mtags.ScalaToplevelMtags.indexRoot(ScalaToplevelMtags.scala:84)
	at scala.meta.internal.metals.SemanticdbDefinition$.foreachWithReturnMtags(SemanticdbDefinition.scala:81)
	at scala.meta.internal.metals.Indexer.indexSourceFile(Indexer.scala:595)
	at scala.meta.internal.metals.Indexer.$anonfun$reindexWorkspaceSources$3(Indexer.scala:693)
	at scala.meta.internal.metals.Indexer.$anonfun$reindexWorkspaceSources$3$adapted(Indexer.scala:690)
	at scala.collection.IterableOnceOps.foreach(IterableOnce.scala:619)
	at scala.collection.IterableOnceOps.foreach$(IterableOnce.scala:617)
	at scala.collection.AbstractIterator.foreach(Iterator.scala:1303)
	at scala.meta.internal.metals.Indexer.reindexWorkspaceSources(Indexer.scala:690)
	at scala.meta.internal.metals.MetalsLspService.$anonfun$onChange$2(MetalsLspService.scala:952)
	at scala.runtime.java8.JFunction0$mcV$sp.apply(JFunction0$mcV$sp.scala:18)
	at scala.concurrent.Future$.$anonfun$apply$1(Future.scala:687)
	at scala.concurrent.impl.Promise$Transformation.run(Promise.scala:467)
	at java.util.concurrent.ThreadPoolExecutor.runWorker(ThreadPoolExecutor.java:1136)
	at java.util.concurrent.ThreadPoolExecutor$Worker.run(ThreadPoolExecutor.java:635)
	at java.lang.Thread.run(Thread.java:840)
[0m
2024.09.25 20:02:55 INFO  compiling root (18 scala sources)[0m
2024.09.25 20:02:55 INFO  time: compiled root in 90ms[0m
2024.09.25 20:03:13 ERROR /home/jackcui/Arch/trace/workbench/Zeonica-Validation/Core/src/main/scala/Part/Comm.scala
scala.meta.internal.tokenizers.package$UnexpectedInputEndException
	at scala.meta.internal.tokenizers.LegacyScanner.$anonfun$nextToken$1(LegacyScanner.scala:172)
	at scala.Function0.apply$mcV$sp(Function0.scala:42)
	at scala.meta.internal.tokenizers.LegacyScanner.scala$meta$internal$tokenizers$LegacyScanner$$nextToken(LegacyScanner.scala:178)
	at scala.meta.internal.tokenizers.LegacyScanner.nextToken(LegacyScanner.scala:172)
	at scala.meta.internal.mtags.ScalaToplevelMtags$XtensionScanner.mtagsNextToken(ScalaToplevelMtags.scala:72)
	at scala.meta.internal.mtags.ScalaToplevelMtags.loop(ScalaToplevelMtags.scala:500)
	at scala.meta.internal.mtags.ScalaToplevelMtags.indexRoot(ScalaToplevelMtags.scala:84)
	at scala.meta.internal.metals.SemanticdbDefinition$.foreachWithReturnMtags(SemanticdbDefinition.scala:81)
	at scala.meta.internal.metals.Indexer.indexSourceFile(Indexer.scala:595)
	at scala.meta.internal.metals.Indexer.$anonfun$reindexWorkspaceSources$3(Indexer.scala:693)
	at scala.meta.internal.metals.Indexer.$anonfun$reindexWorkspaceSources$3$adapted(Indexer.scala:690)
	at scala.collection.IterableOnceOps.foreach(IterableOnce.scala:619)
	at scala.collection.IterableOnceOps.foreach$(IterableOnce.scala:617)
	at scala.collection.AbstractIterator.foreach(Iterator.scala:1303)
	at scala.meta.internal.metals.Indexer.reindexWorkspaceSources(Indexer.scala:690)
	at scala.meta.internal.metals.MetalsLspService.$anonfun$onChange$2(MetalsLspService.scala:952)
	at scala.runtime.java8.JFunction0$mcV$sp.apply(JFunction0$mcV$sp.scala:18)
	at scala.concurrent.Future$.$anonfun$apply$1(Future.scala:687)
	at scala.concurrent.impl.Promise$Transformation.run(Promise.scala:467)
	at java.util.concurrent.ThreadPoolExecutor.runWorker(ThreadPoolExecutor.java:1136)
	at java.util.concurrent.ThreadPoolExecutor$Worker.run(ThreadPoolExecutor.java:635)
	at java.lang.Thread.run(Thread.java:840)
[0m
2024.09.25 20:03:13 INFO  compiling root (18 scala sources)[0m
2024.09.25 20:03:13 INFO  time: compiled root in 91ms[0m
2024.09.25 20:03:21 ERROR /home/jackcui/Arch/trace/workbench/Zeonica-Validation/Core/src/main/scala/Part/Comm.scala
scala.meta.internal.tokenizers.package$UnexpectedInputEndException
	at scala.meta.internal.tokenizers.LegacyScanner.$anonfun$nextToken$1(LegacyScanner.scala:172)
	at scala.Function0.apply$mcV$sp(Function0.scala:42)
	at scala.meta.internal.tokenizers.LegacyScanner.scala$meta$internal$tokenizers$LegacyScanner$$nextToken(LegacyScanner.scala:178)
	at scala.meta.internal.tokenizers.LegacyScanner.nextToken(LegacyScanner.scala:172)
	at scala.meta.internal.mtags.ScalaToplevelMtags$XtensionScanner.mtagsNextToken(ScalaToplevelMtags.scala:72)
	at scala.meta.internal.mtags.ScalaToplevelMtags.loop(ScalaToplevelMtags.scala:500)
	at scala.meta.internal.mtags.ScalaToplevelMtags.indexRoot(ScalaToplevelMtags.scala:84)
	at scala.meta.internal.metals.SemanticdbDefinition$.foreachWithReturnMtags(SemanticdbDefinition.scala:81)
	at scala.meta.internal.metals.Indexer.indexSourceFile(Indexer.scala:595)
	at scala.meta.internal.metals.Indexer.$anonfun$reindexWorkspaceSources$3(Indexer.scala:693)
	at scala.meta.internal.metals.Indexer.$anonfun$reindexWorkspaceSources$3$adapted(Indexer.scala:690)
	at scala.collection.IterableOnceOps.foreach(IterableOnce.scala:619)
	at scala.collection.IterableOnceOps.foreach$(IterableOnce.scala:617)
	at scala.collection.AbstractIterator.foreach(Iterator.scala:1303)
	at scala.meta.internal.metals.Indexer.reindexWorkspaceSources(Indexer.scala:690)
	at scala.meta.internal.metals.MetalsLspService.$anonfun$onChange$2(MetalsLspService.scala:952)
	at scala.runtime.java8.JFunction0$mcV$sp.apply(JFunction0$mcV$sp.scala:18)
	at scala.concurrent.Future$.$anonfun$apply$1(Future.scala:687)
	at scala.concurrent.impl.Promise$Transformation.run(Promise.scala:467)
	at java.util.concurrent.ThreadPoolExecutor.runWorker(ThreadPoolExecutor.java:1136)
	at java.util.concurrent.ThreadPoolExecutor$Worker.run(ThreadPoolExecutor.java:635)
	at java.lang.Thread.run(Thread.java:840)
[0m
2024.09.25 20:03:21 INFO  compiling root (18 scala sources)[0m
2024.09.25 20:03:21 INFO  time: compiled root in 64ms[0m
Exception in thread "pool-5-thread-1" Exception in thread "Thread-187" java.lang.OutOfMemoryError: Java heap space
java.lang.OutOfMemoryError: Java heap space
2024.09.29 10:30:29 INFO  Started: Metals version 1.3.5 in folders '/home/jackcui/Arch/trace/workbench/Zeonica-Validation' for client Visual Studio Code 1.90.1.[0m
SLF4J(W): Class path contains multiple SLF4J providers.
SLF4J(W): Found provider [scribe.slf4j.ScribeServiceProvider@cb04923]
SLF4J(W): Found provider [ch.qos.logback.classic.spi.LogbackServiceProvider@385ff5e1]
SLF4J(W): See https://www.slf4j.org/codes.html#multiple_bindings for an explanation.
SLF4J(I): Actual provider is of type [scribe.slf4j.ScribeServiceProvider@cb04923]
2024.09.29 10:30:30 WARN  Flyway upgrade recommended: H2 2.3.230 is newer than this version of Flyway and support has not been tested. The latest supported version of H2 is 2.2.220.[0m
2024.09.29 10:30:31 INFO  Attempting to connect to the build server...[0m
2024.09.29 10:30:31 INFO  tracing is disabled for protocol BSP, to enable tracing of incoming and outgoing JSON messages create an empty file at /home/jackcui/Arch/trace/workbench/Zeonica-Validation/.metals/bsp.trace.json or /home/jackcui/.cache/metals/bsp.trace.json[0m
2024.09.29 10:30:31 INFO  time: Connected to build server in 0.92s[0m
2024.09.29 10:30:31 INFO  Connected to Build server: Bloop v1.6.0[0m
2024.09.29 10:30:33 INFO  time: Imported build in 0.33s[0m
2024.09.29 10:30:33 INFO  running doctor check[0m
2024.09.29 10:30:33 INFO  java targets: root, root-test[0m
2024.09.29 10:30:40 WARN  Could not find java sources in /usr/lib/jvm/java-17-openjdk-amd64/bin/src.zip, /usr/lib/jvm/java-17-openjdk-amd64/bin/lib/src.zip, /usr/lib/jvm/java-17-openjdk-amd64/bin/java/src.zip, /usr/lib/jvm/java-17-openjdk-amd64/bin/java/lib/src.zip, /usr/lib/jvm/src.zip, /usr/lib/jvm/lib/src.zip, /usr/lib/jvm/java-17-openjdk-amd64/src.zip, /usr/lib/jvm/java-17-openjdk-amd64/lib/src.zip. Java symbols will not be available.[0m
2024.09.29 10:30:40 WARN  Could not find java sources in /usr/lib/jvm/java-17-openjdk-amd64/bin/src.zip, /usr/lib/jvm/java-17-openjdk-amd64/bin/lib/src.zip, /usr/lib/jvm/java-17-openjdk-amd64/bin/java/src.zip, /usr/lib/jvm/java-17-openjdk-amd64/bin/java/lib/src.zip, /usr/lib/jvm/src.zip, /usr/lib/jvm/lib/src.zip, /usr/lib/jvm/java-17-openjdk-amd64/src.zip, /usr/lib/jvm/java-17-openjdk-amd64/lib/src.zip. Java symbols will not be available.[0m
2024.09.29 10:30:40 INFO  time: indexed workspace in 7.56s[0m
2024.09.29 10:30:40 INFO  compiling root (18 scala sources)[0m
2024.09.29 10:30:42 INFO  time: compiled root in 2s[0m
2024.09.29 10:30:42 INFO  compiling root (18 scala sources)[0m
2024.09.29 10:30:42 INFO  time: compiled root in 0.29s[0m
2024.09.29 10:33:33 INFO  Started: Metals version 1.3.5 in folders '/home/jackcui/Arch/trace/workbench/Zeonica-Validation' for client Visual Studio Code 1.90.1.[0m
SLF4J(W): Class path contains multiple SLF4J providers.
SLF4J(W): Found provider [scribe.slf4j.ScribeServiceProvider@46a26d17]
SLF4J(W): Found provider [ch.qos.logback.classic.spi.LogbackServiceProvider@3c7a6861]
SLF4J(W): See https://www.slf4j.org/codes.html#multiple_bindings for an explanation.
SLF4J(I): Actual provider is of type [scribe.slf4j.ScribeServiceProvider@46a26d17]
2024.09.29 10:33:37 WARN  Flyway upgrade recommended: H2 2.3.230 is newer than this version of Flyway and support has not been tested. The latest supported version of H2 is 2.2.220.[0m
2024.09.29 10:33:38 INFO  Attempting to connect to the build server...[0m
2024.09.29 10:33:38 INFO  tracing is disabled for protocol BSP, to enable tracing of incoming and outgoing JSON messages create an empty file at /home/jackcui/Arch/trace/workbench/Zeonica-Validation/.metals/bsp.trace.json or /home/jackcui/.cache/metals/bsp.trace.json[0m
2024.09.29 10:33:38 INFO  time: Connected to build server in 0.87s[0m
2024.09.29 10:33:38 INFO  Connected to Build server: Bloop v1.6.0[0m
2024.09.29 10:33:39 INFO  time: Imported build in 0.25s[0m
2024.09.29 10:33:39 INFO  running doctor check[0m
2024.09.29 10:33:39 INFO  java targets: root, root-test[0m
2024.09.29 10:33:45 WARN  Could not find java sources in /usr/lib/jvm/java-17-openjdk-amd64/bin/src.zip, /usr/lib/jvm/java-17-openjdk-amd64/bin/lib/src.zip, /usr/lib/jvm/java-17-openjdk-amd64/bin/java/src.zip, /usr/lib/jvm/java-17-openjdk-amd64/bin/java/lib/src.zip, /usr/lib/jvm/src.zip, /usr/lib/jvm/lib/src.zip, /usr/lib/jvm/java-17-openjdk-amd64/src.zip, /usr/lib/jvm/java-17-openjdk-amd64/lib/src.zip. Java symbols will not be available.[0m
2024.09.29 10:33:45 WARN  Could not find java sources in /usr/lib/jvm/java-17-openjdk-amd64/bin/src.zip, /usr/lib/jvm/java-17-openjdk-amd64/bin/lib/src.zip, /usr/lib/jvm/java-17-openjdk-amd64/bin/java/src.zip, /usr/lib/jvm/java-17-openjdk-amd64/bin/java/lib/src.zip, /usr/lib/jvm/src.zip, /usr/lib/jvm/lib/src.zip, /usr/lib/jvm/java-17-openjdk-amd64/src.zip, /usr/lib/jvm/java-17-openjdk-amd64/lib/src.zip. Java symbols will not be available.[0m
2024.09.29 10:33:45 INFO  time: indexed workspace in 6.86s[0m
2024.09.29 10:33:46 INFO  compiling root (18 scala sources)[0m
2024.09.29 10:33:46 INFO  time: compiled root in 0.43s[0m
2024.09.29 10:33:46 INFO  compiling root (18 scala sources)[0m
2024.09.29 10:33:49 INFO  time: compiled root in 2.15s[0m
2024.09.29 11:01:14 INFO  Started: Metals version 1.3.5 in folders '/home/jackcui/Arch/trace/workbench/Zeonica-Validation' for client Visual Studio Code 1.90.1.[0m
SLF4J(W): Class path contains multiple SLF4J providers.
SLF4J(W): Found provider [scribe.slf4j.ScribeServiceProvider@16c99ee0]
SLF4J(W): Found provider [ch.qos.logback.classic.spi.LogbackServiceProvider@2549bbf2]
SLF4J(W): See https://www.slf4j.org/codes.html#multiple_bindings for an explanation.
SLF4J(I): Actual provider is of type [scribe.slf4j.ScribeServiceProvider@16c99ee0]
2024.09.29 11:01:14 WARN  Flyway upgrade recommended: H2 2.3.230 is newer than this version of Flyway and support has not been tested. The latest supported version of H2 is 2.2.220.[0m
2024.09.29 11:01:15 INFO  Attempting to connect to the build server...[0m
2024.09.29 11:01:21 INFO  tracing is disabled for protocol BSP, to enable tracing of incoming and outgoing JSON messages create an empty file at /home/jackcui/Arch/trace/workbench/Zeonica-Validation/.metals/bsp.trace.json or /home/jackcui/.cache/metals/bsp.trace.json[0m
2024.09.29 11:01:21 INFO  time: Connected to build server in 6.43s[0m
2024.09.29 11:01:22 INFO  Connected to Build server: Bloop v1.6.0[0m
2024.09.29 11:01:22 INFO  time: Imported build in 0.34s[0m
2024.09.29 11:01:22 INFO  running doctor check[0m
2024.09.29 11:01:22 INFO  java targets: root, root-test[0m
2024.09.29 11:01:25 WARN  Could not find java sources in /usr/lib/jvm/java-17-openjdk-amd64/bin/src.zip, /usr/lib/jvm/java-17-openjdk-amd64/bin/lib/src.zip, /usr/lib/jvm/java-17-openjdk-amd64/bin/java/src.zip, /usr/lib/jvm/java-17-openjdk-amd64/bin/java/lib/src.zip, /usr/lib/jvm/src.zip, /usr/lib/jvm/lib/src.zip, /usr/lib/jvm/java-17-openjdk-amd64/src.zip, /usr/lib/jvm/java-17-openjdk-amd64/lib/src.zip. Java symbols will not be available.[0m
2024.09.29 11:01:25 WARN  Could not find java sources in /usr/lib/jvm/java-17-openjdk-amd64/bin/src.zip, /usr/lib/jvm/java-17-openjdk-amd64/bin/lib/src.zip, /usr/lib/jvm/java-17-openjdk-amd64/bin/java/src.zip, /usr/lib/jvm/java-17-openjdk-amd64/bin/java/lib/src.zip, /usr/lib/jvm/src.zip, /usr/lib/jvm/lib/src.zip, /usr/lib/jvm/java-17-openjdk-amd64/src.zip, /usr/lib/jvm/java-17-openjdk-amd64/lib/src.zip. Java symbols will not be available.[0m
2024.09.29 11:01:25 INFO  time: indexed workspace in 3.83s[0m
2024.09.29 11:01:27 INFO  compiling root (18 scala sources)[0m
2024.09.29 11:01:29 INFO  time: compiled root in 2.59s[0m
2024.09.29 11:01:29 INFO  compiling root (18 scala sources)[0m
2024.09.29 11:01:30 INFO  time: compiled root in 0.9s[0m
2024.09.29 16:23:48 INFO  Shutting down server[0m
2024.09.29 16:23:48 INFO  shutting down Metals[0m
2024.09.29 16:23:48 INFO  Shut down connection with build server.[0m
2024.09.29 16:23:48 INFO  Exiting server[0m
2024.10.02 19:06:51 INFO  Started: Metals version 1.3.5 in folders '/home/jackcui/Arch/trace/workbench/Zeonica-Validation' for client Visual Studio Code 1.90.1.[0m
SLF4J(W): Class path contains multiple SLF4J providers.
SLF4J(W): Found provider [scribe.slf4j.ScribeServiceProvider@2935dcd5]
SLF4J(W): Found provider [ch.qos.logback.classic.spi.LogbackServiceProvider@d868316]
SLF4J(W): See https://www.slf4j.org/codes.html#multiple_bindings for an explanation.
SLF4J(I): Actual provider is of type [scribe.slf4j.ScribeServiceProvider@2935dcd5]
2024.10.02 19:06:51 WARN  Flyway upgrade recommended: H2 2.3.230 is newer than this version of Flyway and support has not been tested. The latest supported version of H2 is 2.2.220.[0m
Oct 02, 2024 7:06:52 PM org.eclipse.lsp4j.jsonrpc.RemoteEndpoint handleCancellation
WARNING: Unmatched cancel notification for request id 1
2024.10.02 19:06:53 INFO  Attempting to connect to the build server...[0m
Oct 02, 2024 7:06:53 PM org.eclipse.lsp4j.jsonrpc.RemoteEndpoint handleCancellation
WARNING: Unmatched cancel notification for request id 7
Oct 02, 2024 7:06:53 PM org.eclipse.lsp4j.jsonrpc.RemoteEndpoint handleCancellation
WARNING: Unmatched cancel notification for request id 8
Oct 02, 2024 7:06:53 PM org.eclipse.lsp4j.jsonrpc.RemoteEndpoint handleCancellation
WARNING: Unmatched cancel notification for request id 9
2024.10.02 19:06:53 INFO  tracing is disabled for protocol BSP, to enable tracing of incoming and outgoing JSON messages create an empty file at /home/jackcui/Arch/trace/workbench/Zeonica-Validation/.metals/bsp.trace.json or /home/jackcui/.cache/metals/bsp.trace.json[0m
2024.10.02 19:06:53 INFO  time: Connected to build server in 0.38s[0m
2024.10.02 19:06:53 INFO  Connected to Build server: Bloop v1.6.0[0m
2024.10.02 19:06:53 INFO  running doctor check[0m
2024.10.02 19:06:53 INFO  java targets: root, root-test[0m
2024.10.02 19:06:55 WARN  Could not find java sources in /usr/lib/jvm/java-17-openjdk-amd64/bin/src.zip, /usr/lib/jvm/java-17-openjdk-amd64/bin/lib/src.zip, /usr/lib/jvm/java-17-openjdk-amd64/bin/java/src.zip, /usr/lib/jvm/java-17-openjdk-amd64/bin/java/lib/src.zip, /usr/lib/jvm/src.zip, /usr/lib/jvm/lib/src.zip, /usr/lib/jvm/java-17-openjdk-amd64/src.zip, /usr/lib/jvm/java-17-openjdk-amd64/lib/src.zip. Java symbols will not be available.[0m
2024.10.02 19:06:55 WARN  Could not find java sources in /usr/lib/jvm/java-17-openjdk-amd64/bin/src.zip, /usr/lib/jvm/java-17-openjdk-amd64/bin/lib/src.zip, /usr/lib/jvm/java-17-openjdk-amd64/bin/java/src.zip, /usr/lib/jvm/java-17-openjdk-amd64/bin/java/lib/src.zip, /usr/lib/jvm/src.zip, /usr/lib/jvm/lib/src.zip, /usr/lib/jvm/java-17-openjdk-amd64/src.zip, /usr/lib/jvm/java-17-openjdk-amd64/lib/src.zip. Java symbols will not be available.[0m
2024.10.02 19:06:55 INFO  time: indexed workspace in 2.48s[0m
2024.10.02 19:06:56 INFO  compiling root (18 scala sources)[0m
2024.10.02 19:06:58 INFO  time: compiled root in 1.6s[0m
2024.10.02 19:06:58 INFO  compiling root (18 scala sources)[0m
2024.10.02 19:06:58 INFO  time: compiled root in 0.28s[0m
Oct 03, 2024 10:48:18 AM org.eclipse.lsp4j.jsonrpc.services.GenericEndpoint notify
INFO: Unsupported notification method: $/setTrace
Oct 03, 2024 10:49:27 AM org.eclipse.lsp4j.jsonrpc.services.GenericEndpoint notify
INFO: Unsupported notification method: $/setTrace
